id,1st_name,2nd_name,position,team,prvGWsPtsTrend,web_name,tot_pts,tot_MP,tot_GS,tot_GC,tot_OG,tot_A,tot_CS,tot_S,tot_PS,tot_PM,tot_YC,tot_RC,tot_BP,fxtrs_plyd,fxtrs_not_plyd,med_formPts,MedAbsDev(formPts),formPts,MeanAbsDev(formPts),StdDev(formPts),med_formMP,MedAbsDev(formMP),formMP,MeanAbsDev(formMP),StdDev(formMP),med_pts/fxtr,MedAbsDev(pts/fxtr),avg_pts/fxtr,MeanAbsDev(pts/fxtr),StdDev(pts/fxtr),med_MP/fxtr,MedAbsDev(MP/fxtr),avg_MP/fxtr,MeanAbsDev(MP/fxtr),StdDev(MP/fxtr),med_GS/fxtr,MedAbsDev(GS/fxtr),avg_GS/fxtr,MeanAbsDev(GS/fxtr),StdDev(GS/fxtr),med_GC/fxtr,MedAbsDev(GC/fxtr),avg_GC/fxtr,MeanAbsDev(GC/fxtr),StdDev(GC/fxtr),med_OG/fxtr,MedAbsDev(OG/fxtr),avg_OG/fxtr,MeanAbsDev(OG/fxtr),StdDev(OG/fxtr),med_A/fxtr,MedAbsDev(A/fxtr),avg_A/fxtr,MeanAbsDev(A/fxtr),StdDev(A/fxtr),med_CS/fxtr,MedAbsDev(CS/fxtr),avg_CS/fxtr,MeanAbsDev(CS/fxtr),StdDev(CS/fxtr),med_S/fxtr,MedAbsDev(S/fxtr),avg_S/fxtr,MeanAbsDev(S/fxtr),StdDev(S/fxtr),med_PS/fxtr,MedAbsDev(PS/fxtr),avg_PS/fxtr,MeanAbsDev(PS/fxtr),StdDev(PS/fxtr),med_PM/fxtr,MedAbsDev(PM/fxtr),avg_PM/fxtr,MeanAbsDev(PM/fxtr),StdDev(PM/fxtr),med_YC/fxtr,MedAbsDev(YC/fxtr),avg_YC/fxtr,MeanAbsDev(YC/fxtr),StdDev(YC/fxtr),med_RC/fxtr,MedAbsDev(RC/fxtr),avg_RC/fxtr,MeanAbsDev(RC/fxtr),StdDev(RC/fxtr),med_BP/fxtr,MedAbsDev(BP/fxtr),avg_BP/fxtr,MeanAbsDev(BP/fxtr),StdDev(BP/fxtr),med_pts/fxtr_plyd,MedAbsDev(pts/fxtr_plyd),avg_pts/fxtr_plyd,MeanAbsDev(pts/fxtr_plyd),StdDev(pts/fxtr_plyd),med_MP/fxtr_plyd,MedAbsDev(MP/fxtr_plyd),avg_MP/fxtr_plyd,MeanAbsDev(MP/fxtr_plyd),StdDev(MP/fxtr_plyd),med_GS/fxtr_plyd,MedAbsDev(GS/fxtr_plyd),avg_GS/fxtr_plyd,MeanAbsDev(GS/fxtr_plyd),StdDev(GS/fxtr_plyd),med_GC/fxtr_plyd,MedAbsDev(GC/fxtr_plyd),avg_GC/fxtr_plyd,MeanAbsDev(GC/fxtr_plyd),StdDev(GC/fxtr_plyd),med_OG/fxtr_plyd,MedAbsDev(OG/fxtr_plyd),avg_OG/fxtr_plyd,MeanAbsDev(OG/fxtr_plyd),StdDev(OG/fxtr_plyd),med_A/fxtr_plyd,MedAbsDev(A/fxtr_plyd),avg_A/fxtr_plyd,MeanAbsDev(A/fxtr_plyd),StdDev(A/fxtr_plyd),med_CS/fxtr_plyd,MedAbsDev(CS/fxtr_plyd),avg_CS/fxtr_plyd,MeanAbsDev(CS/fxtr_plyd),StdDev(CS/fxtr_plyd),med_S/fxtr_plyd,MedAbsDev(S/fxtr_plyd),avg_S/fxtr_plyd,MeanAbsDev(S/fxtr_plyd),StdDev(S/fxtr_plyd),med_PS/fxtr_plyd,MedAbsDev(PS/fxtr_plyd),avg_PS/fxtr_plyd,MeanAbsDev(PS/fxtr_plyd),StdDev(PS/fxtr_plyd),med_PM/fxtr_plyd,MedAbsDev(PM/fxtr_plyd),avg_PM/fxtr_plyd,MeanAbsDev(PM/fxtr_plyd),StdDev(PM/fxtr_plyd),med_YC/fxtr_plyd,MedAbsDev(YC/fxtr_plyd),avg_YC/fxtr_plyd,MeanAbsDev(YC/fxtr_plyd),StdDev(YC/fxtr_plyd),med_RC/fxtr_plyd,MedAbsDev(RC/fxtr_plyd),avg_RC/fxtr_plyd,MeanAbsDev(RC/fxtr_plyd),StdDev(RC/fxtr_plyd),med_BP/fxtr_plyd,MedAbsDev(BP/fxtr_plyd),avg_BP/fxtr_plyd,MeanAbsDev(BP/fxtr_plyd),StdDev(BP/fxtr_plyd),fplAdv_nxtGWs,xPts(fplAdv),defAdv_nxtGWs,xPts(defAdv),attAdv_nxtGWs,xPts(attAdv),xPts(avgAdv),#OfMatches_nxtGWs,gw19Pts,gw20Pts,gw21Pts,gw22Pts,gw23Pts,tot_aPts,tot_aPts-xPts(avgAdv),nxtGWsPtsTrend
18,William,Saliba,DEF,ARS,?,"Saliba (DEF, ?)",70,1469,2,14,0,0,7,0,0,0,2,1,6,17,1,6.5,3.5,6.666666666666667,3.6666666666666665,4.642796092394706,90.0,0.0,90.0,0.0,0.0,2.0,2.5,3.888888888888889,3.320987654320988,4.053652521545488,90.0,0.0,81.61111111111111,14.913580246913575,24.21463948589982,0.0,0.0,0.1111111111111111,0.1975308641975308,0.3142696805273545,1.0,1.0,0.7777777777777778,0.6913580246913581,0.7856742013183862,0.0,0.0,0.0,0.0,0.0,0.0,0.0,0.0,0.0,0.0,0.0,0.0,0.3888888888888889,0.4753086419753086,0.4874980215217846,0.0,0.0,0.0,0.0,0.0,0.0,0.0,0.0,0.0,0.0,0.0,0.0,0.0,0.0,0.0,0.0,0.0,0.1111111111111111,0.1975308641975308,0.3142696805273545,0.0,0.0,0.0555555555555555,0.1049382716049382,0.2290614236454256,0.0,0.0,0.3333333333333333,0.5185185185185185,0.7453559924999298,2.0,3.0,4.117647058823529,3.301038062283737,4.056691682250981,90.0,0.0,86.41176470588235,6.754325259515575,14.352941176470589,0.0,0.0,0.1176470588235294,0.2076124567474048,0.3221897397089212,1.0,1.0,0.8235294117647058,0.6782006920415226,0.7848037684780197,0.0,0.0,0.0,0.0,0.0,0.0,0.0,0.0,0.0,0.0,0.0,0.0,0.4117647058823529,0.4844290657439445,0.4921529567847503,0.0,0.0,0.0,0.0,0.0,0.0,0.0,0.0,0.0,0.0,0.0,0.0,0.0,0.0,0.0,0.0,0.0,0.1176470588235294,0.2076124567474048,0.3221897397089212,0.0,0.0,0.0588235294117647,0.1107266435986159,0.2352941176470588,0.0,0.0,0.3529411764705882,0.5397923875432526,0.7624400821656306,26,17.22222222222222,12,13.333333333333332,0,0.0,15.27777777778,5,2,2,2,0,9,15,-0.2777777777800008,~
4,Kai,Havertz,FWD,ARS,?,"Havertz (FWD, ?)",74,1480,7,16,0,2,6,0,0,0,3,0,10,17,1,5.5,1.0,4.666666666666667,1.7777777777777777,1.9720265943665387,90.0,0.0,81.66666666666667,11.111111111111107,12.657891697365017,2.0,1.5,4.111111111111111,2.790123456790124,3.160325034072865,90.0,0.0,82.22222222222223,12.962962962962958,21.58846285391949,0.0,0.0,0.3888888888888889,0.4753086419753086,0.4874980215217846,1.0,1.0,0.8888888888888888,0.6913580246913581,0.8089010988089465,0.0,0.0,0.0,0.0,0.0,0.0,0.0,0.1111111111111111,0.1975308641975308,0.3142696805273545,0.0,0.0,0.3333333333333333,0.4444444444444444,0.4714045207910317,0.0,0.0,0.0,0.0,0.0,0.0,0.0,0.0,0.0,0.0,0.0,0.0,0.0,0.0,0.0,0.0,0.0,0.1666666666666666,0.2777777777777778,0.372677996249965,0.0,0.0,0.0,0.0,0.0,0.0,0.0,0.5555555555555556,0.802469135802469,0.955813918560292,2.0,1.0,4.352941176470588,2.726643598615917,3.0858534232009416,90.0,0.0,87.05882352941177,5.190311418685119,8.509306934073415,0.0,0.0,0.4117647058823529,0.4844290657439445,0.4921529567847503,1.0,1.0,0.9411764705882352,0.6643598615916955,0.8022459821756386,0.0,0.0,0.0,0.0,0.0,0.0,0.0,0.1176470588235294,0.2076124567474048,0.3221897397089212,0.0,0.0,0.3529411764705882,0.4567474048442907,0.4778846120374094,0.0,0.0,0.0,0.0,0.0,0.0,0.0,0.0,0.0,0.0,0.0,0.0,0.0,0.0,0.0,0.0,0.0,0.1764705882352941,0.2906574394463668,0.3812200410828153,0.0,0.0,0.0,0.0,0.0,0.0,0.0,0.5882352941176471,0.8304498269896194,0.973702668073344,26,14.333333333333336,0,0.0,26,14.333333333333332,14.33333333333,5,0,0,1,7,2,10,-4.33333333333,4↓
3,Gabriel,dos Santos Magalhães,DEF,ARS,?,"Gabriel (DEF, ?)",79,1358,3,14,0,2,6,0,0,0,2,0,7,16,2,5.0,4.0,4.666666666666667,3.333333333333333,3.7267799624996494,67.5,22.5,52.5,37.5,40.38873605350878,3.0,3.0,4.388888888888889,3.209876543209876,3.86061147846482,90.0,0.0,75.44444444444444,22.641975308641975,29.60897428187426,0.0,0.0,0.1666666666666666,0.2777777777777778,0.3726779962499649,1.0,1.0,0.7777777777777778,0.6913580246913581,0.7856742013183863,0.0,0.0,0.0,0.0,0.0,0.0,0.0,0.1111111111111111,0.1975308641975308,0.3142696805273545,0.0,0.0,0.3333333333333333,0.4444444444444444,0.4714045207910317,0.0,0.0,0.0,0.0,0.0,0.0,0.0,0.0,0.0,0.0,0.0,0.0,0.0,0.0,0.0,0.0,0.0,0.1111111111111111,0.1975308641975308,0.3142696805273545,0.0,0.0,0.0,0.0,0.0,0.0,0.0,0.3888888888888889,0.6481481481481483,0.950957931590205,5.0,3.0,4.9375,3.0625,3.7494791304926607,90.0,0.0,84.875,8.96875,13.633025159516135,0.0,0.0,0.1875,0.3046875,0.3903123748998999,1.0,1.0,0.875,0.65625,0.7806247497997998,0.0,0.0,0.0,0.0,0.0,0.0,0.0,0.125,0.21875,0.3307189138830738,0.0,0.0,0.375,0.46875,0.4841229182759271,0.0,0.0,0.0,0.0,0.0,0.0,0.0,0.0,0.0,0.0,0.0,0.0,0.0,0.0,0.0,0.0,0.0,0.125,0.21875,0.3307189138830738,0.0,0.0,0.0,0.0,0.0,0.0,0.0,0.4375,0.7109375,0.998044963916957,26,23.666666666666664,12,19.0,0,0.0,21.33333333333,5,2,2,1,1,7,13,-8.33333333333,5↓
15,David,Raya Martin,GKP,ARS,?,"Raya (GKP, ?)",73,1620,0,16,0,0,7,45,0,0,2,0,6,18,0,4.5,1.5,4.166666666666667,1.8333333333333333,1.8633899812498247,90.0,0.0,90.0,0.0,0.0,3.0,2.0,4.055555555555555,2.5123456790123457,2.8765763257776924,90.0,0.0,90.0,0.0,0.0,0.0,0.0,0.0,0.0,0.0,1.0,1.0,0.8888888888888888,0.691358024691358,0.8089010988089465,0.0,0.0,0.0,0.0,0.0,0.0,0.0,0.0,0.0,0.0,0.0,0.0,0.3888888888888889,0.4753086419753086,0.4874980215217846,2.0,1.0,2.5,1.5555555555555556,2.140872096444188,0.0,0.0,0.0,0.0,0.0,0.0,0.0,0.0,0.0,0.0,0.0,0.0,0.1111111111111111,0.1975308641975308,0.3142696805273545,0.0,0.0,0.0,0.0,0.0,0.0,0.0,0.3333333333333333,0.5555555555555556,0.816496580927726,3.0,2.0,4.055555555555555,2.5123456790123457,2.8765763257776924,90.0,0.0,90.0,0.0,0.0,0.0,0.0,0.0,0.0,0.0,1.0,1.0,0.8888888888888888,0.691358024691358,0.8089010988089465,0.0,0.0,0.0,0.0,0.0,0.0,0.0,0.0,0.0,0.0,0.0,0.0,0.3888888888888889,0.4753086419753086,0.4874980215217846,2.0,1.0,2.5,1.5555555555555556,2.140872096444188,0.0,0.0,0.0,0.0,0.0,0.0,0.0,0.0,0.0,0.0,0.0,0.0,0.1111111111111111,0.1975308641975308,0.3142696805273545,0.0,0.0,0.0,0.0,0.0,0.0,0.0,0.3333333333333333,0.5555555555555556,0.816496580927726,26,20.77777777777778,12,17.666666666666668,0,0.0,19.22222222222,5,2,3,2,1,9,17,-2.222222222220001,2↓
6,Jurriën,Timber,DEF,ARS,?,"J.Timber (DEF, ?)",63,1305,1,11,0,1,6,0,0,0,4,0,5,16,2,4.0,3.0,5.5,4.166666666666667,4.7871355387816905,90.0,0.0,89.16666666666667,1.3888888888888855,1.8633899812498247,2.0,1.5,3.5,2.833333333333333,3.547299442298794,88.5,1.5,72.5,22.11111111111111,30.159299284521406,0.0,0.0,0.0555555555555555,0.1049382716049382,0.2290614236454256,0.5,0.5,0.6111111111111112,0.6111111111111112,0.6781419786518724,0.0,0.0,0.0,0.0,0.0,0.0,0.0,0.0555555555555555,0.1049382716049382,0.2290614236454256,0.0,0.0,0.3333333333333333,0.4444444444444444,0.4714045207910317,0.0,0.0,0.0,0.0,0.0,0.0,0.0,0.0,0.0,0.0,0.0,0.0,0.0,0.0,0.0,0.0,0.0,0.2222222222222222,0.345679012345679,0.415739709641549,0.0,0.0,0.0,0.0,0.0,0.0,0.0,0.2777777777777778,0.4938271604938272,0.8031573497111645,2.0,1.0,3.9375,2.8046875,3.5261301379841328,90.0,0.0,81.5625,10.6015625,16.855891959490013,0.0,0.0,0.0625,0.1171875,0.2420614591379635,1.0,1.0,0.6875,0.6015625,0.6817945071647321,0.0,0.0,0.0,0.0,0.0,0.0,0.0,0.0625,0.1171875,0.2420614591379635,0.0,0.0,0.375,0.46875,0.4841229182759271,0.0,0.0,0.0,0.0,0.0,0.0,0.0,0.0,0.0,0.0,0.0,0.0,0.0,0.0,0.0,0.0,0.0,0.25,0.375,0.4330127018922193,0.0,0.0,0.0,0.0,0.0,0.0,0.0,0.3125,0.546875,0.8454843286542927,26,14.333333333333336,12,12.0,0,0.0,13.16666666667,5,1,0,2,1,5,9,-4.16666666667,3↓
16,Declan,Rice,MID,ARS,?,"Rice (MID, ?)",47,1281,1,15,0,3,5,0,0,0,3,1,4,16,2,3.0,1.0,4.666666666666667,2.8888888888888893,3.299831645537222,88.0,2.0,74.83333333333333,18.88888888888889,21.75941686310141,2.0,1.0,2.611111111111111,1.8148148148148149,2.751542777119954,90.0,0.0,71.16666666666667,24.0,30.033777281217525,0.0,0.0,0.0555555555555555,0.1049382716049382,0.2290614236454256,1.0,1.0,0.8333333333333334,0.7407407407407408,0.8333333333333334,0.0,0.0,0.0,0.0,0.0,0.0,0.0,0.1666666666666666,0.2777777777777778,0.3726779962499649,0.0,0.0,0.2777777777777778,0.4012345679012345,0.4479032082388083,0.0,0.0,0.0,0.0,0.0,0.0,0.0,0.0,0.0,0.0,0.0,0.0,0.0,0.0,0.0,0.0,0.0,0.1666666666666666,0.2777777777777778,0.3726779962499649,0.0,0.0,0.0555555555555555,0.1049382716049382,0.2290614236454256,0.0,0.0,0.2222222222222222,0.3703703703703704,0.5328701692569688,2.0,0.5,2.9375,1.796875,2.7492896809903464,90.0,0.0,80.0625,13.65625,17.39421150124374,0.0,0.0,0.0625,0.1171875,0.2420614591379635,1.0,1.0,0.9375,0.703125,0.8267972847076845,0.0,0.0,0.0,0.0,0.0,0.0,0.0,0.1875,0.3046875,0.3903123748998999,0.0,0.0,0.3125,0.4296875,0.4635124054434789,0.0,0.0,0.0,0.0,0.0,0.0,0.0,0.0,0.0,0.0,0.0,0.0,0.0,0.0,0.0,0.0,0.0,0.1875,0.3046875,0.3903123748998999,0.0,0.0,0.0625,0.1171875,0.2420614591379635,0.0,0.0,0.25,0.40625,0.5590169943749475,26,12.88888888888889,0,0.0,26,12.88888888888889,12.88888888889,5,1,4,2,2,3,12,-0.8888888888899995,~
13,Martin,Ødegaard,MID,ARS,?,"Ødegaard (MID, ?)",41,905,1,6,0,2,6,0,0,0,1,0,3,11,7,3.0,0.5,3.5,1.5,2.0615528128088303,83.5,6.5,80.16666666666667,9.5,10.761298971571952,2.0,2.0,2.2777777777777777,1.895061728395062,2.445075676073932,73.0,17.0,50.27777777777778,39.104938271604944,40.78644322096846,0.0,0.0,0.0555555555555555,0.1049382716049382,0.2290614236454256,0.0,0.0,0.3333333333333333,0.4814814814814815,0.5773502691896257,0.0,0.0,0.0,0.0,0.0,0.0,0.0,0.1111111111111111,0.1975308641975308,0.3142696805273545,0.0,0.0,0.3333333333333333,0.4444444444444444,0.4714045207910317,0.0,0.0,0.0,0.0,0.0,0.0,0.0,0.0,0.0,0.0,0.0,0.0,0.0,0.0,0.0,0.0,0.0,0.0555555555555555,0.1049382716049382,0.2290614236454256,0.0,0.0,0.0,0.0,0.0,0.0,0.0,0.1666666666666666,0.2962962962962963,0.4999999999999999,3.0,1.0,3.727272727272727,1.7851239669421484,2.0928844424038795,89.0,1.0,82.27272727272727,8.247933884297522,9.478117468347904,0.0,0.0,0.0909090909090909,0.165289256198347,0.2874797872880344,0.0,0.0,0.5454545454545454,0.5950413223140495,0.6555547773570889,0.0,0.0,0.0,0.0,0.0,0.0,0.0,0.1818181818181818,0.2975206611570247,0.3856946079199349,1.0,0.0,0.5454545454545454,0.4958677685950414,0.4979295977319691,0.0,0.0,0.0,0.0,0.0,0.0,0.0,0.0,0.0,0.0,0.0,0.0,0.0,0.0,0.0,0.0,0.0,0.0909090909090909,0.165289256198347,0.2874797872880344,0.0,0.0,0.0,0.0,0.0,0.0,0.0,0.2727272727272727,0.4462809917355371,0.616575453011388,26,15.77777777777778,0,0.0,26,15.77777777777778,15.77777777778,5,2,1,8,2,0,13,-2.777777777780001,3↓
9,Gabriel,Martinelli Silva,MID,ARS,?,"Martinelli (MID, ?)",63,1031,4,10,0,2,6,0,0,0,1,0,4,16,2,3.0,1.5,2.6666666666666665,1.777777777777778,2.357022603955159,71.5,18.5,58.833333333333336,29.222222222222214,33.06769151637626,3.0,2.0,3.5,2.388888888888889,3.218867985971328,70.0,18.0,57.27777777777778,26.85185185185185,30.573782442470318,0.0,0.0,0.2222222222222222,0.345679012345679,0.415739709641549,0.0,0.0,0.5555555555555556,0.6790123456790123,0.7617394000445605,0.0,0.0,0.0,0.0,0.0,0.0,0.0,0.1111111111111111,0.1975308641975308,0.3142696805273545,0.0,0.0,0.3333333333333333,0.4444444444444444,0.4714045207910317,0.0,0.0,0.0,0.0,0.0,0.0,0.0,0.0,0.0,0.0,0.0,0.0,0.0,0.0,0.0,0.0,0.0,0.0555555555555555,0.1049382716049382,0.2290614236454256,0.0,0.0,0.0,0.0,0.0,0.0,0.0,0.2222222222222222,0.3950617283950617,0.7114582486036499,3.0,1.5,3.9375,2.4140625,3.151760420780742,71.5,13.5,64.4375,20.078125,24.294980834526296,0.0,0.0,0.25,0.375,0.4330127018922193,0.0,0.0,0.625,0.703125,0.7806247497997998,0.0,0.0,0.0,0.0,0.0,0.0,0.0,0.125,0.21875,0.3307189138830738,0.0,0.0,0.375,0.46875,0.4841229182759271,0.0,0.0,0.0,0.0,0.0,0.0,0.0,0.0,0.0,0.0,0.0,0.0,0.0,0.0,0.0,0.0,0.0,0.0625,0.1171875,0.2420614591379635,0.0,0.0,0.0,0.0,0.0,0.0,0.0,0.25,0.4375,0.75,26,20.77777777777778,0,0.0,26,20.77777777777778,20.77777777778,5,9,1,1,7,3,21,0.222222222220001,~
17,Bukayo,Saka,MID,ARS,?,"Saka (MID, ?)",107,1268,5,13,0,11,6,0,0,0,3,0,16,16,2,2.5,1.0,4.5,4.5,6.13052471924984,81.5,8.5,61.0,33.0,36.12939707957128,3.5,2.5,5.944444444444445,4.382716049382716,5.348646996330757,84.5,5.5,70.44444444444444,23.75308641975309,30.253048004791964,0.0,0.0,0.2777777777777778,0.4012345679012345,0.4479032082388083,1.0,1.0,0.7222222222222222,0.6419753086419752,0.7307192465536614,0.0,0.0,0.0,0.0,0.0,0.0,0.0,0.6111111111111112,0.6790123456790123,0.8258927081843614,0.0,0.0,0.3333333333333333,0.4444444444444444,0.4714045207910317,0.0,0.0,0.0,0.0,0.0,0.0,0.0,0.0,0.0,0.0,0.0,0.0,0.0,0.0,0.0,0.0,0.0,0.1666666666666666,0.2777777777777778,0.3726779962499649,0.0,0.0,0.0,0.0,0.0,0.0,0.0,0.8888888888888888,0.9876543209876544,1.1493422703098446,5.0,3.0,6.6875,4.359375,5.216784809631312,86.0,4.0,79.25,12.125,18.21572123194687,0.0,0.0,0.3125,0.4296875,0.4635124054434789,1.0,1.0,0.8125,0.609375,0.7261843774138906,0.0,0.0,0.0,0.0,0.0,0.5,0.5,0.6875,0.6875,0.8454843286542927,0.0,0.0,0.375,0.46875,0.4841229182759271,0.0,0.0,0.0,0.0,0.0,0.0,0.0,0.0,0.0,0.0,0.0,0.0,0.0,0.0,0.0,0.0,0.0,0.1875,0.3046875,0.3903123748998999,0.0,0.0,0.0,0.0,0.0,0.5,0.5,1.0,1.0,1.1726039399558574,26,24.72222222222222,0,0.0,26,24.72222222222222,24.72222222222,5,0,0,0,0,0,0,-24.72222222222,7↓
23,Leandro,Trossard,MID,ARS,?,"Trossard (MID, ?)",58,1010,3,11,0,3,5,0,0,0,0,1,5,18,0,2.0,1.0,4.0,3.333333333333333,4.0,62.5,24.5,55.66666666666666,25.444444444444446,28.9175071923951,2.0,1.0,3.2222222222222223,2.6790123456790123,3.6599264648890233,61.0,29.0,56.11111111111112,24.64197530864197,28.286017136247704,0.0,0.0,0.1666666666666666,0.2777777777777778,0.3726779962499649,0.0,0.0,0.6111111111111112,0.7469135802469135,0.8258927081843614,0.0,0.0,0.0,0.0,0.0,0.0,0.0,0.1666666666666666,0.2777777777777778,0.372677996249965,0.0,0.0,0.2777777777777778,0.4012345679012346,0.4479032082388083,0.0,0.0,0.0,0.0,0.0,0.0,0.0,0.0,0.0,0.0,0.0,0.0,0.0,0.0,0.0,0.0,0.0,0.0,0.0,0.0,0.0,0.0,0.0555555555555555,0.1049382716049382,0.2290614236454256,0.0,0.0,0.2777777777777778,0.462962962962963,0.6502611061510903,2.0,1.0,3.2222222222222223,2.6790123456790123,3.6599264648890233,61.0,29.0,56.11111111111112,24.64197530864197,28.286017136247704,0.0,0.0,0.1666666666666666,0.2777777777777778,0.3726779962499649,0.0,0.0,0.6111111111111112,0.7469135802469135,0.8258927081843614,0.0,0.0,0.0,0.0,0.0,0.0,0.0,0.1666666666666666,0.2777777777777778,0.372677996249965,0.0,0.0,0.2777777777777778,0.4012345679012346,0.4479032082388083,0.0,0.0,0.0,0.0,0.0,0.0,0.0,0.0,0.0,0.0,0.0,0.0,0.0,0.0,0.0,0.0,0.0,0.0,0.0,0.0,0.0,0.0,0.0555555555555555,0.1049382716049382,0.2290614236454256,0.0,0.0,0.2777777777777778,0.462962962962963,0.6502611061510903,26,12.88888888888889,0,0.0,26,12.88888888888889,12.88888888889,5,1,2,9,10,3,25,12.11111111111,6↑
20,Thomas,Partey,MID,ARS,?,"Thomas (MID, ?)",54,1311,2,14,0,2,4,0,0,0,2,0,5,17,1,1.5,1.0,2.5,2.0,2.217355782608345,55.5,34.5,49.0,41.0,41.52107898405339,2.0,1.0,3.0,2.0,2.7284509239574835,90.0,0.0,72.83333333333333,24.703703703703702,30.966379618332308,0.0,0.0,0.1111111111111111,0.1975308641975308,0.3142696805273545,1.0,1.0,0.7777777777777778,0.6913580246913581,0.7856742013183862,0.0,0.0,0.0,0.0,0.0,0.0,0.0,0.1111111111111111,0.1975308641975308,0.3142696805273545,0.0,0.0,0.2222222222222222,0.345679012345679,0.415739709641549,0.0,0.0,0.0,0.0,0.0,0.0,0.0,0.0,0.0,0.0,0.0,0.0,0.0,0.0,0.0,0.0,0.0,0.1111111111111111,0.1975308641975308,0.3142696805273545,0.0,0.0,0.0,0.0,0.0,0.0,0.0,0.2777777777777778,0.4938271604938272,0.8031573497111645,2.0,1.0,3.176470588235294,2.034602076124568,2.7058823529411766,90.0,0.0,77.11764705882354,19.10034602076124,26.17111643854993,0.0,0.0,0.1176470588235294,0.2076124567474048,0.3221897397089212,1.0,1.0,0.8235294117647058,0.6782006920415226,0.7848037684780197,0.0,0.0,0.0,0.0,0.0,0.0,0.0,0.1176470588235294,0.2076124567474048,0.3221897397089212,0.0,0.0,0.2352941176470588,0.3598615916955017,0.4241825029957634,0.0,0.0,0.0,0.0,0.0,0.0,0.0,0.0,0.0,0.0,0.0,0.0,0.0,0.0,0.0,0.0,0.0,0.1176470588235294,0.2076124567474048,0.3221897397089212,0.0,0.0,0.0,0.0,0.0,0.0,0.0,0.2941176470588235,0.5190311418685122,0.823529411764706,26,12.88888888888889,0,0.0,26,12.88888888888889,12.88888888889,5,5,2,2,2,3,14,1.1111111111100005,1↑
2,Gabriel,Fernando de Jesus,FWD,ARS,?,"G.Jesus (FWD, ?)",28,420,2,3,0,1,2,0,0,0,4,0,3,15,3,1.0,0.5,3.5,4.166666666666667,5.619905100029122,18.5,10.5,34.833333333333336,28.77777777777777,31.46117536831,1.0,0.0,1.5555555555555556,1.654320987654321,3.546864377669415,10.0,9.0,23.33333333333333,23.518518518518515,29.53528962670476,0.0,0.0,0.1111111111111111,0.2098765432098765,0.4581228472908512,0.0,0.0,0.1666666666666666,0.2777777777777778,0.3726779962499649,0.0,0.0,0.0,0.0,0.0,0.0,0.0,0.0555555555555555,0.1049382716049382,0.2290614236454256,0.0,0.0,0.1111111111111111,0.1975308641975308,0.3142696805273545,0.0,0.0,0.0,0.0,0.0,0.0,0.0,0.0,0.0,0.0,0.0,0.0,0.0,0.0,0.0,0.0,0.0,0.2222222222222222,0.345679012345679,0.415739709641549,0.0,0.0,0.0,0.0,0.0,0.0,0.0,0.1666666666666666,0.3148148148148148,0.6871842709362769,1.0,0.0,1.8666666666666667,1.9022222222222225,3.80992854992788,16.0,11.0,28.0,25.73333333333333,30.267694549359607,0.0,0.0,0.1333333333333333,0.2488888888888888,0.4988876515698588,0.0,0.0,0.2,0.32,0.4000000000000001,0.0,0.0,0.0,0.0,0.0,0.0,0.0,0.0666666666666666,0.1244444444444444,0.2494438257849294,0.0,0.0,0.1333333333333333,0.2311111111111111,0.339934634239519,0.0,0.0,0.0,0.0,0.0,0.0,0.0,0.0,0.0,0.0,0.0,0.0,0.0,0.0,0.0,0.0,0.0,0.2666666666666666,0.3911111111111111,0.4422166387140533,0.0,0.0,0.0,0.0,0.0,0.0,0.0,0.2,0.3733333333333333,0.7483314773547882,26,5.0,0,0.0,26,5.0,5.0,5,12,2,0,0,0,14,9.0,5↑
633,Mikel,Merino,MID,ARS,?,"Merino (MID, ?)",23,493,1,5,0,0,2,0,0,0,1,0,1,11,7,1.0,0.0,1.1666666666666667,0.6111111111111112,0.8975274678557507,17.0,7.5,20.83333333333333,15.72222222222222,22.27417538067097,1.0,1.0,1.2777777777777777,1.2098765432098766,1.879880479520959,17.0,17.0,27.38888888888889,28.07407407407408,32.89738066048706,0.0,0.0,0.0555555555555555,0.1049382716049382,0.2290614236454256,0.0,0.0,0.2777777777777778,0.462962962962963,0.6502611061510903,0.0,0.0,0.0,0.0,0.0,0.0,0.0,0.0,0.0,0.0,0.0,0.0,0.1111111111111111,0.1975308641975308,0.3142696805273545,0.0,0.0,0.0,0.0,0.0,0.0,0.0,0.0,0.0,0.0,0.0,0.0,0.0,0.0,0.0,0.0,0.0,0.0555555555555555,0.1049382716049382,0.2290614236454256,0.0,0.0,0.0,0.0,0.0,0.0,0.0,0.0555555555555555,0.1049382716049382,0.2290614236454256,1.0,0.0,2.090909090909091,1.4049586776859504,2.0205555246266247,29.0,25.0,44.81818181818182,29.801652892561982,31.46085065548836,0.0,0.0,0.0909090909090909,0.165289256198347,0.2874797872880344,0.0,0.0,0.4545454545454545,0.6611570247933883,0.7820295697311479,0.0,0.0,0.0,0.0,0.0,0.0,0.0,0.0,0.0,0.0,0.0,0.0,0.1818181818181818,0.2975206611570247,0.3856946079199349,0.0,0.0,0.0,0.0,0.0,0.0,0.0,0.0,0.0,0.0,0.0,0.0,0.0,0.0,0.0,0.0,0.0,0.0909090909090909,0.165289256198347,0.2874797872880344,0.0,0.0,0.0,0.0,0.0,0.0,0.0,0.0909090909090909,0.165289256198347,0.2874797872880344,26,7.888888888888889,0,0.0,26,7.888888888888889,7.88888888889,5,8,4,1,2,0,15,7.11111111111,5↑
7,Jorge Luiz,Frello Filho,MID,ARS,?,"Jorginho (MID, ?)",10,391,0,4,0,0,1,0,0,0,3,0,0,8,10,1.0,1.0,1.0,0.6666666666666666,0.816496580927726,14.5,14.5,32.0,33.0,36.6742416417845,0.0,0.0,0.5555555555555556,0.7407407407407407,0.8314794192830981,0.0,0.0,21.72222222222222,28.40740740740741,32.88161518666549,0.0,0.0,0.0,0.0,0.0,0.0,0.0,0.2222222222222222,0.3703703703703704,0.5328701692569688,0.0,0.0,0.0,0.0,0.0,0.0,0.0,0.0,0.0,0.0,0.0,0.0,0.0555555555555555,0.1049382716049382,0.2290614236454256,0.0,0.0,0.0,0.0,0.0,0.0,0.0,0.0,0.0,0.0,0.0,0.0,0.0,0.0,0.0,0.0,0.0,0.1666666666666666,0.2777777777777778,0.3726779962499649,0.0,0.0,0.0,0.0,0.0,0.0,0.0,0.0,0.0,0.0,1.5,0.5,1.25,0.75,0.82915619758885,52.5,31.0,48.875,29.375,33.250704879746536,0.0,0.0,0.0,0.0,0.0,0.0,0.0,0.5,0.625,0.7071067811865476,0.0,0.0,0.0,0.0,0.0,0.0,0.0,0.0,0.0,0.0,0.0,0.0,0.125,0.21875,0.3307189138830738,0.0,0.0,0.0,0.0,0.0,0.0,0.0,0.0,0.0,0.0,0.0,0.0,0.0,0.0,0.0,0.0,0.0,0.375,0.46875,0.4841229182759271,0.0,0.0,0.0,0.0,0.0,0.0,0.0,0.0,0.0,0.0,26,0.0,0,0.0,26,0.0,0.0,5,1,2,0,0,0,3,3.0,3↑
12,Ethan,Nwaneri,MID,ARS,?,"Nwaneri (MID, ?)",15,108,1,0,0,0,0,0,0,0,0,0,0,10,8,1.0,0.0,0.6666666666666666,0.4444444444444445,0.4714045207910317,4.5,4.5,8.0,7.666666666666667,9.678154093971983,1.0,0.5,0.8333333333333334,0.7407407407407408,1.3437096247164249,4.0,4.0,6.0,6.111111111111111,8.660254037844387,0.0,0.0,0.0555555555555555,0.1049382716049382,0.2290614236454256,0.0,0.0,0.0,0.0,0.0,0.0,0.0,0.0,0.0,0.0,0.0,0.0,0.0,0.0,0.0,0.0,0.0,0.0,0.0,0.0,0.0,0.0,0.0,0.0,0.0,0.0,0.0,0.0,0.0,0.0,0.0,0.0,0.0,0.0,0.0,0.0,0.0,0.0,0.0,0.0,0.0,0.0,0.0,0.0,0.0,0.0,0.0,0.0,0.0,0.0,1.0,0.0,1.5,0.9,1.5,6.5,2.5,10.8,7.12,9.1192104921424,0.0,0.0,0.1,0.18,0.3,0.0,0.0,0.0,0.0,0.0,0.0,0.0,0.0,0.0,0.0,0.0,0.0,0.0,0.0,0.0,0.0,0.0,0.0,0.0,0.0,0.0,0.0,0.0,0.0,0.0,0.0,0.0,0.0,0.0,0.0,0.0,0.0,0.0,0.0,0.0,0.0,0.0,0.0,0.0,0.0,0.0,0.0,0.0,0.0,0.0,0.0,0.0,0.0,0.0,0.0,26,6.444444444444445,0,0.0,26,6.444444444444445,6.44444444444,5,2,6,0,0,1,9,2.55555555556,2↑
8,Jakub,Kiwior,DEF,ARS,?,"Kiwior (DEF, ?)",13,323,0,5,0,0,1,0,0,0,0,0,0,8,10,0.5,0.5,1.5,1.6666666666666667,2.140872096444188,22.5,22.5,37.5,37.5,40.38873605350878,0.0,0.0,0.7222222222222222,0.882716049382716,1.4065543223524626,0.0,0.0,17.944444444444443,23.80864197530865,29.660059605511066,0.0,0.0,0.0,0.0,0.0,0.0,0.0,0.2777777777777778,0.4320987654320987,0.558326423395605,0.0,0.0,0.0,0.0,0.0,0.0,0.0,0.0,0.0,0.0,0.0,0.0,0.0555555555555555,0.1049382716049382,0.2290614236454256,0.0,0.0,0.0,0.0,0.0,0.0,0.0,0.0,0.0,0.0,0.0,0.0,0.0,0.0,0.0,0.0,0.0,0.0,0.0,0.0,0.0,0.0,0.0,0.0,0.0,0.0,0.0,0.0,0.0,0.0,1.0,0.0,1.625,1.1875,1.7275343701356567,39.5,30.5,40.375,26.625,32.76788633708314,0.0,0.0,0.0,0.0,0.0,0.5,0.5,0.625,0.625,0.6959705453537527,0.0,0.0,0.0,0.0,0.0,0.0,0.0,0.0,0.0,0.0,0.0,0.0,0.125,0.21875,0.3307189138830738,0.0,0.0,0.0,0.0,0.0,0.0,0.0,0.0,0.0,0.0,0.0,0.0,0.0,0.0,0.0,0.0,0.0,0.0,0.0,0.0,0.0,0.0,0.0,0.0,0.0,0.0,0.0,0.0,0.0,0.0,26,0.0,12,0.0,0,0.0,0.0,5,0,0,0,0,0,0,0.0,~
597,Myles,Lewis-Skelly,MID,ARS,?,"Lewis-Skelly (MID, ?)",8,230,0,3,0,0,2,0,0,0,1,0,0,5,13,0.5,0.5,1.1666666666666667,1.222222222222222,1.3437096247164249,28.5,28.5,35.833333333333336,35.83333333333333,37.12329307710846,0.0,0.0,0.4444444444444444,0.691358024691358,0.955813918560292,0.0,0.0,12.77777777777778,19.76543209876543,27.1120218426266,0.0,0.0,0.0,0.0,0.0,0.0,0.0,0.1666666666666666,0.2777777777777778,0.3726779962499649,0.0,0.0,0.0,0.0,0.0,0.0,0.0,0.0,0.0,0.0,0.0,0.0,0.1111111111111111,0.1975308641975308,0.3142696805273545,0.0,0.0,0.0,0.0,0.0,0.0,0.0,0.0,0.0,0.0,0.0,0.0,0.0,0.0,0.0,0.0,0.0,0.0555555555555555,0.1049382716049382,0.2290614236454256,0.0,0.0,0.0,0.0,0.0,0.0,0.0,0.0,0.0,0.0,1.0,1.0,1.6,1.12,1.2000000000000002,57.0,33.0,46.0,30.8,33.436506994600975,0.0,0.0,0.0,0.0,0.0,1.0,0.0,0.6,0.48,0.4898979485566356,0.0,0.0,0.0,0.0,0.0,0.0,0.0,0.0,0.0,0.0,0.0,0.0,0.4,0.48,0.4898979485566356,0.0,0.0,0.0,0.0,0.0,0.0,0.0,0.0,0.0,0.0,0.0,0.0,0.0,0.0,0.0,0.0,0.0,0.2,0.3199999999999999,0.4000000000000001,0.0,0.0,0.0,0.0,0.0,0.0,0.0,0.0,0.0,0.0,26,0.0,0,0.0,26,0.0,0.0,5,1,0,1,2,-2,2,2.0,2↑
25,Oleksandr,Zinchenko,DEF,ARS,?,"Zinchenko (DEF, ?)",15,234,0,0,0,0,2,0,0,0,1,0,0,6,12,0.0,0.0,1.0,1.3333333333333333,1.8257418583505536,0.0,0.0,17.333333333333332,23.11111111111111,26.62496739695448,0.0,0.0,0.8333333333333334,1.1111111111111112,1.707825127659933,0.0,0.0,13.0,17.666666666666668,22.494443758403985,0.0,0.0,0.0,0.0,0.0,0.0,0.0,0.0,0.0,0.0,0.0,0.0,0.0,0.0,0.0,0.0,0.0,0.0,0.0,0.0,0.0,0.0,0.1111111111111111,0.1975308641975308,0.3142696805273545,0.0,0.0,0.0,0.0,0.0,0.0,0.0,0.0,0.0,0.0,0.0,0.0,0.0,0.0,0.0,0.0,0.0,0.0555555555555555,0.1049382716049382,0.2290614236454256,0.0,0.0,0.0,0.0,0.0,0.0,0.0,0.0,0.0,0.0,1.0,0.0,2.5,2.0,2.140872096444188,31.5,15.0,39.0,20.0,22.44994432064365,0.0,0.0,0.0,0.0,0.0,0.0,0.0,0.0,0.0,0.0,0.0,0.0,0.0,0.0,0.0,0.0,0.0,0.0,0.0,0.0,0.0,0.0,0.3333333333333333,0.4444444444444444,0.4714045207910317,0.0,0.0,0.0,0.0,0.0,0.0,0.0,0.0,0.0,0.0,0.0,0.0,0.0,0.0,0.0,0.0,0.0,0.1666666666666666,0.2777777777777777,0.372677996249965,0.0,0.0,0.0,0.0,0.0,0.0,0.0,0.0,0.0,0.0,26,0.0,12,0.0,0,0.0,0.0,5,1,0,1,0,0,2,2.0,2↑
578,Riccardo,Calafiori,DEF,ARS,?,"Calafiori (DEF, ?)",24,537,1,8,0,1,1,0,0,0,1,0,1,9,9,0.0,0.0,0.6666666666666666,1.1111111111111112,1.4907119849998598,0.0,0.0,14.5,19.33333333333333,21.55419526062927,0.0,0.0,1.3333333333333333,1.7407407407407405,2.449489742783178,5.5,5.5,29.83333333333333,31.92592592592593,35.6810718573432,0.0,0.0,0.0555555555555555,0.1049382716049382,0.2290614236454256,0.0,0.0,0.4444444444444444,0.6419753086419754,0.7617394000445605,0.0,0.0,0.0,0.0,0.0,0.0,0.0,0.0555555555555555,0.1049382716049382,0.2290614236454256,0.0,0.0,0.0555555555555555,0.1049382716049382,0.2290614236454256,0.0,0.0,0.0,0.0,0.0,0.0,0.0,0.0,0.0,0.0,0.0,0.0,0.0,0.0,0.0,0.0,0.0,0.0555555555555555,0.1049382716049382,0.2290614236454256,0.0,0.0,0.0,0.0,0.0,0.0,0.0,0.0555555555555555,0.1049382716049382,0.2290614236454256,1.0,1.0,2.6666666666666665,2.444444444444444,2.905932629027116,66.0,24.0,59.66666666666666,24.37037037037037,27.68071932270226,0.0,0.0,0.1111111111111111,0.1975308641975308,0.3142696805273544,1.0,1.0,0.8888888888888888,0.7901234567901234,0.8748897637790901,0.0,0.0,0.0,0.0,0.0,0.0,0.0,0.1111111111111111,0.1975308641975308,0.3142696805273544,0.0,0.0,0.1111111111111111,0.1975308641975308,0.3142696805273544,0.0,0.0,0.0,0.0,0.0,0.0,0.0,0.0,0.0,0.0,0.0,0.0,0.0,0.0,0.0,0.0,0.0,0.1111111111111111,0.1975308641975308,0.3142696805273544,0.0,0.0,0.0,0.0,0.0,0.0,0.0,0.1111111111111111,0.1975308641975308,0.3142696805273544,26,0.0,12,0.0,0,0.0,0.0,5,1,1,0,0,7,9,9.0,5↑
186,Raheem,Sterling,MID,ARS,?,"Sterling (MID, ?)",9,144,0,1,0,1,0,0,0,0,0,0,0,6,12,0.0,0.0,0.1666666666666666,0.2777777777777778,0.372677996249965,0.0,0.0,2.6666666666666665,4.4444444444444455,5.96284793999944,0.0,0.0,0.5,0.6666666666666666,0.957427107756338,0.0,0.0,8.0,10.77777777777778,15.430849332136942,0.0,0.0,0.0,0.0,0.0,0.0,0.0,0.0555555555555555,0.1049382716049382,0.2290614236454256,0.0,0.0,0.0,0.0,0.0,0.0,0.0,0.0555555555555555,0.1049382716049382,0.2290614236454256,0.0,0.0,0.0,0.0,0.0,0.0,0.0,0.0,0.0,0.0,0.0,0.0,0.0,0.0,0.0,0.0,0.0,0.0,0.0,0.0,0.0,0.0,0.0,0.0,0.0,0.0,0.0,0.0,0.0,0.0,0.0,0.0,0.0,0.0,0.0,1.0,0.0,1.5,0.8333333333333334,1.118033988749895,16.0,7.5,24.0,15.666666666666666,18.175074506954115,0.0,0.0,0.0,0.0,0.0,0.0,0.0,0.1666666666666666,0.2777777777777778,0.372677996249965,0.0,0.0,0.0,0.0,0.0,0.0,0.0,0.1666666666666666,0.2777777777777778,0.3726779962499649,0.0,0.0,0.0,0.0,0.0,0.0,0.0,0.0,0.0,0.0,0.0,0.0,0.0,0.0,0.0,0.0,0.0,0.0,0.0,0.0,0.0,0.0,0.0,0.0,0.0,0.0,0.0,0.0,0.0,0.0,0.0,0.0,0.0,0.0,0.0,26,0.0,0,0.0,26,0.0,0.0,5,0,0,2,0,0,2,2.0,2↑
24,Benjamin,White,DEF,ARS,?,"White (DEF, ?)",27,694,0,7,0,1,3,0,0,0,2,0,0,9,9,0.0,0.0,0.0,0.0,0.0,0.0,0.0,0.0,0.0,0.0,0.0,0.0,1.5,1.8333333333333333,2.242270674512285,9.5,9.5,38.55555555555556,40.72839506172839,42.37953151414047,0.0,0.0,0.0,0.0,0.0,0.0,0.0,0.3888888888888889,0.5617283950617283,0.6781419786518724,0.0,0.0,0.0,0.0,0.0,0.0,0.0,0.0555555555555555,0.1049382716049382,0.2290614236454256,0.0,0.0,0.1666666666666666,0.2777777777777778,0.3726779962499649,0.0,0.0,0.0,0.0,0.0,0.0,0.0,0.0,0.0,0.0,0.0,0.0,0.0,0.0,0.0,0.0,0.0,0.1111111111111111,0.1975308641975308,0.3142696805273545,0.0,0.0,0.0,0.0,0.0,0.0,0.0,0.0,0.0,0.0,2.0,2.0,3.0,2.2222222222222223,2.3570226039551585,90.0,0.0,77.11111111111111,20.04938271604938,24.87946250064473,0.0,0.0,0.0,0.0,0.0,1.0,1.0,0.7777777777777778,0.691358024691358,0.7856742013183862,0.0,0.0,0.0,0.0,0.0,0.0,0.0,0.1111111111111111,0.1975308641975308,0.3142696805273544,0.0,0.0,0.3333333333333333,0.4444444444444444,0.4714045207910317,0.0,0.0,0.0,0.0,0.0,0.0,0.0,0.0,0.0,0.0,0.0,0.0,0.0,0.0,0.0,0.0,0.0,0.2222222222222222,0.345679012345679,0.415739709641549,0.0,0.0,0.0,0.0,0.0,0.0,0.0,0.0,0.0,0.0,26,0.0,12,0.0,0,0.0,0.0,5,0,0,0,0,0,0,0.0,~
73,Norberto,Murara Neto,GKP,ARS,?,"Neto (GKP, ?)",7,180,0,2,0,0,0,11,0,0,0,0,0,2,16,0.0,0.0,0.0,0.0,0.0,0.0,0.0,0.0,0.0,0.0,0.0,0.0,0.3888888888888889,0.691358024691358,1.112499133027821,0.0,0.0,10.0,17.77777777777778,28.284271247461906,0.0,0.0,0.0,0.0,0.0,0.0,0.0,0.1111111111111111,0.1975308641975308,0.3142696805273545,0.0,0.0,0.0,0.0,0.0,0.0,0.0,0.0,0.0,0.0,0.0,0.0,0.0,0.0,0.0,0.0,0.0,0.6111111111111112,1.08641975308642,1.7993483045224052,0.0,0.0,0.0,0.0,0.0,0.0,0.0,0.0,0.0,0.0,0.0,0.0,0.0,0.0,0.0,0.0,0.0,0.0,0.0,0.0,0.0,0.0,0.0,0.0,0.0,3.5,0.5,3.5,0.5,0.5,90.0,0.0,90.0,0.0,0.0,0.0,0.0,0.0,0.0,0.0,1.0,0.0,1.0,0.0,0.0,0.0,0.0,0.0,0.0,0.0,0.0,0.0,0.0,0.0,0.0,0.0,0.0,0.0,0.0,0.0,5.5,1.5,5.5,1.5,1.5,0.0,0.0,0.0,0.0,0.0,0.0,0.0,0.0,0.0,0.0,0.0,0.0,0.0,0.0,0.0,0.0,0.0,0.0,0.0,0.0,0.0,0.0,0.0,0.0,0.0,26,0.0,12,0.0,0,0.0,0.0,5,0,0,0,0,0,0,0.0,~
22,Tomiyasu,Takehiro,DEF,ARS,?,"Tomiyasu (DEF, ?)",1,6,0,0,0,0,0,0,0,0,0,0,0,1,17,0.0,0.0,0.0,0.0,0.0,0.0,0.0,0.0,0.0,0.0,0.0,0.0,0.0555555555555555,0.1049382716049382,0.2290614236454256,0.0,0.0,0.3333333333333333,0.6296296296296297,1.3743685418725538,0.0,0.0,0.0,0.0,0.0,0.0,0.0,0.0,0.0,0.0,0.0,0.0,0.0,0.0,0.0,0.0,0.0,0.0,0.0,0.0,0.0,0.0,0.0,0.0,0.0,0.0,0.0,0.0,0.0,0.0,0.0,0.0,0.0,0.0,0.0,0.0,0.0,0.0,0.0,0.0,0.0,0.0,0.0,0.0,0.0,0.0,0.0,0.0,0.0,0.0,0.0,0.0,0.0,0.0,0.0,1.0,0.0,1.0,0.0,0.0,6.0,0.0,6.0,0.0,0.0,0.0,0.0,0.0,0.0,0.0,0.0,0.0,0.0,0.0,0.0,0.0,0.0,0.0,0.0,0.0,0.0,0.0,0.0,0.0,0.0,0.0,0.0,0.0,0.0,0.0,0.0,0.0,0.0,0.0,0.0,0.0,0.0,0.0,0.0,0.0,0.0,0.0,0.0,0.0,0.0,0.0,0.0,0.0,0.0,0.0,0.0,0.0,0.0,0.0,0.0,0.0,0.0,0.0,0.0,0.0,26,0.0,12,0.0,0,0.0,0.0,5,0,0,0,0,0,0,0.0,~
1,Fábio,Ferreira Vieira,MID,ARS,?,"Fábio Vieira (MID, ?)",0,0,0,0,0,0,0,0,0,0,0,0,0,0,18,0.0,0.0,0.0,0.0,0.0,0.0,0.0,0.0,0.0,0.0,0.0,0.0,0.0,0.0,0.0,0.0,0.0,0.0,0.0,0.0,0.0,0.0,0.0,0.0,0.0,0.0,0.0,0.0,0.0,0.0,0.0,0.0,0.0,0.0,0.0,0.0,0.0,0.0,0.0,0.0,0.0,0.0,0.0,0.0,0.0,0.0,0.0,0.0,0.0,0.0,0.0,0.0,0.0,0.0,0.0,0.0,0.0,0.0,0.0,0.0,0.0,0.0,0.0,0.0,0.0,0.0,0.0,0.0,0.0,0.0,0.0,0.0,0.0,0.0,0.0,0.0,0.0,0.0,0.0,0.0,0.0,0.0,0.0,0.0,0.0,0.0,0.0,0.0,0.0,0.0,0.0,0.0,0.0,0.0,0.0,0.0,0.0,0.0,0.0,0.0,0.0,0.0,0.0,0.0,0.0,0.0,0.0,0.0,0.0,0.0,0.0,0.0,0.0,0.0,0.0,0.0,0.0,0.0,0.0,0.0,0.0,0.0,0.0,0.0,0.0,0.0,0.0,0.0,0.0,0.0,0.0,0.0,0.0,0.0,0.0,0.0,0.0,0.0,0.0,0.0,26,0.0,0,0.0,26,0.0,0.0,5,0,0,0,0,0,0,0.0,~
5,Karl,Hein,GKP,ARS,?,"Hein (GKP, ?)",0,0,0,0,0,0,0,0,0,0,0,0,0,0,18,0.0,0.0,0.0,0.0,0.0,0.0,0.0,0.0,0.0,0.0,0.0,0.0,0.0,0.0,0.0,0.0,0.0,0.0,0.0,0.0,0.0,0.0,0.0,0.0,0.0,0.0,0.0,0.0,0.0,0.0,0.0,0.0,0.0,0.0,0.0,0.0,0.0,0.0,0.0,0.0,0.0,0.0,0.0,0.0,0.0,0.0,0.0,0.0,0.0,0.0,0.0,0.0,0.0,0.0,0.0,0.0,0.0,0.0,0.0,0.0,0.0,0.0,0.0,0.0,0.0,0.0,0.0,0.0,0.0,0.0,0.0,0.0,0.0,0.0,0.0,0.0,0.0,0.0,0.0,0.0,0.0,0.0,0.0,0.0,0.0,0.0,0.0,0.0,0.0,0.0,0.0,0.0,0.0,0.0,0.0,0.0,0.0,0.0,0.0,0.0,0.0,0.0,0.0,0.0,0.0,0.0,0.0,0.0,0.0,0.0,0.0,0.0,0.0,0.0,0.0,0.0,0.0,0.0,0.0,0.0,0.0,0.0,0.0,0.0,0.0,0.0,0.0,0.0,0.0,0.0,0.0,0.0,0.0,0.0,0.0,0.0,0.0,0.0,0.0,0.0,26,0.0,12,0.0,0,0.0,0.0,5,0,0,0,0,0,0,0.0,~
21,Kieran,Tierney,DEF,ARS,?,"Tierney (DEF, ?)",0,0,0,0,0,0,0,0,0,0,0,0,0,0,18,0.0,0.0,0.0,0.0,0.0,0.0,0.0,0.0,0.0,0.0,0.0,0.0,0.0,0.0,0.0,0.0,0.0,0.0,0.0,0.0,0.0,0.0,0.0,0.0,0.0,0.0,0.0,0.0,0.0,0.0,0.0,0.0,0.0,0.0,0.0,0.0,0.0,0.0,0.0,0.0,0.0,0.0,0.0,0.0,0.0,0.0,0.0,0.0,0.0,0.0,0.0,0.0,0.0,0.0,0.0,0.0,0.0,0.0,0.0,0.0,0.0,0.0,0.0,0.0,0.0,0.0,0.0,0.0,0.0,0.0,0.0,0.0,0.0,0.0,0.0,0.0,0.0,0.0,0.0,0.0,0.0,0.0,0.0,0.0,0.0,0.0,0.0,0.0,0.0,0.0,0.0,0.0,0.0,0.0,0.0,0.0,0.0,0.0,0.0,0.0,0.0,0.0,0.0,0.0,0.0,0.0,0.0,0.0,0.0,0.0,0.0,0.0,0.0,0.0,0.0,0.0,0.0,0.0,0.0,0.0,0.0,0.0,0.0,0.0,0.0,0.0,0.0,0.0,0.0,0.0,0.0,0.0,0.0,0.0,0.0,0.0,0.0,0.0,0.0,0.0,26,0.0,12,0.0,0,0.0,0.0,5,0,0,1,0,1,2,2.0,2↑
638,Salah-Eddine,Oulad M'hand,MID,ARS,?,"Oulad M'hand (MID, ?)",0,0,0,0,0,0,0,0,0,0,0,0,0,0,18,0.0,0.0,0.0,0.0,0.0,0.0,0.0,0.0,0.0,0.0,0.0,0.0,0.0,0.0,0.0,0.0,0.0,0.0,0.0,0.0,0.0,0.0,0.0,0.0,0.0,0.0,0.0,0.0,0.0,0.0,0.0,0.0,0.0,0.0,0.0,0.0,0.0,0.0,0.0,0.0,0.0,0.0,0.0,0.0,0.0,0.0,0.0,0.0,0.0,0.0,0.0,0.0,0.0,0.0,0.0,0.0,0.0,0.0,0.0,0.0,0.0,0.0,0.0,0.0,0.0,0.0,0.0,0.0,0.0,0.0,0.0,0.0,0.0,0.0,0.0,0.0,0.0,0.0,0.0,0.0,0.0,0.0,0.0,0.0,0.0,0.0,0.0,0.0,0.0,0.0,0.0,0.0,0.0,0.0,0.0,0.0,0.0,0.0,0.0,0.0,0.0,0.0,0.0,0.0,0.0,0.0,0.0,0.0,0.0,0.0,0.0,0.0,0.0,0.0,0.0,0.0,0.0,0.0,0.0,0.0,0.0,0.0,0.0,0.0,0.0,0.0,0.0,0.0,0.0,0.0,0.0,0.0,0.0,0.0,0.0,0.0,0.0,0.0,0.0,0.0,26,0.0,0,0.0,26,0.0,0.0,5,0,0,0,0,0,0,0.0,~
639,Tommy,Setford,GKP,ARS,?,"Setford (GKP, ?)",0,0,0,0,0,0,0,0,0,0,0,0,0,0,18,0.0,0.0,0.0,0.0,0.0,0.0,0.0,0.0,0.0,0.0,0.0,0.0,0.0,0.0,0.0,0.0,0.0,0.0,0.0,0.0,0.0,0.0,0.0,0.0,0.0,0.0,0.0,0.0,0.0,0.0,0.0,0.0,0.0,0.0,0.0,0.0,0.0,0.0,0.0,0.0,0.0,0.0,0.0,0.0,0.0,0.0,0.0,0.0,0.0,0.0,0.0,0.0,0.0,0.0,0.0,0.0,0.0,0.0,0.0,0.0,0.0,0.0,0.0,0.0,0.0,0.0,0.0,0.0,0.0,0.0,0.0,0.0,0.0,0.0,0.0,0.0,0.0,0.0,0.0,0.0,0.0,0.0,0.0,0.0,0.0,0.0,0.0,0.0,0.0,0.0,0.0,0.0,0.0,0.0,0.0,0.0,0.0,0.0,0.0,0.0,0.0,0.0,0.0,0.0,0.0,0.0,0.0,0.0,0.0,0.0,0.0,0.0,0.0,0.0,0.0,0.0,0.0,0.0,0.0,0.0,0.0,0.0,0.0,0.0,0.0,0.0,0.0,0.0,0.0,0.0,0.0,0.0,0.0,0.0,0.0,0.0,0.0,0.0,0.0,0.0,26,0.0,12,0.0,0,0.0,0.0,5,0,0,0,0,0,0,0.0,~
657,Maldini,Kacurri,DEF,ARS,?,"Kacurri (DEF, ?)",0,0,0,0,0,0,0,0,0,0,0,0,0,0,18,0.0,0.0,0.0,0.0,0.0,0.0,0.0,0.0,0.0,0.0,0.0,0.0,0.0,0.0,0.0,0.0,0.0,0.0,0.0,0.0,0.0,0.0,0.0,0.0,0.0,0.0,0.0,0.0,0.0,0.0,0.0,0.0,0.0,0.0,0.0,0.0,0.0,0.0,0.0,0.0,0.0,0.0,0.0,0.0,0.0,0.0,0.0,0.0,0.0,0.0,0.0,0.0,0.0,0.0,0.0,0.0,0.0,0.0,0.0,0.0,0.0,0.0,0.0,0.0,0.0,0.0,0.0,0.0,0.0,0.0,0.0,0.0,0.0,0.0,0.0,0.0,0.0,0.0,0.0,0.0,0.0,0.0,0.0,0.0,0.0,0.0,0.0,0.0,0.0,0.0,0.0,0.0,0.0,0.0,0.0,0.0,0.0,0.0,0.0,0.0,0.0,0.0,0.0,0.0,0.0,0.0,0.0,0.0,0.0,0.0,0.0,0.0,0.0,0.0,0.0,0.0,0.0,0.0,0.0,0.0,0.0,0.0,0.0,0.0,0.0,0.0,0.0,0.0,0.0,0.0,0.0,0.0,0.0,0.0,0.0,0.0,0.0,0.0,0.0,0.0,26,0.0,12,0.0,0,0.0,0.0,5,0,0,0,0,0,0,0.0,~
658,Ayden,Heaven,DEF,ARS,?,"Heaven (DEF, ?)",0,0,0,0,0,0,0,0,0,0,0,0,0,0,18,0.0,0.0,0.0,0.0,0.0,0.0,0.0,0.0,0.0,0.0,0.0,0.0,0.0,0.0,0.0,0.0,0.0,0.0,0.0,0.0,0.0,0.0,0.0,0.0,0.0,0.0,0.0,0.0,0.0,0.0,0.0,0.0,0.0,0.0,0.0,0.0,0.0,0.0,0.0,0.0,0.0,0.0,0.0,0.0,0.0,0.0,0.0,0.0,0.0,0.0,0.0,0.0,0.0,0.0,0.0,0.0,0.0,0.0,0.0,0.0,0.0,0.0,0.0,0.0,0.0,0.0,0.0,0.0,0.0,0.0,0.0,0.0,0.0,0.0,0.0,0.0,0.0,0.0,0.0,0.0,0.0,0.0,0.0,0.0,0.0,0.0,0.0,0.0,0.0,0.0,0.0,0.0,0.0,0.0,0.0,0.0,0.0,0.0,0.0,0.0,0.0,0.0,0.0,0.0,0.0,0.0,0.0,0.0,0.0,0.0,0.0,0.0,0.0,0.0,0.0,0.0,0.0,0.0,0.0,0.0,0.0,0.0,0.0,0.0,0.0,0.0,0.0,0.0,0.0,0.0,0.0,0.0,0.0,0.0,0.0,0.0,0.0,0.0,0.0,0.0,26,0.0,12,0.0,0,0.0,0.0,5,0,0,0,0,0,0,0.0,~
659,Ismeal,Kabia,MID,ARS,?,"Kabia (MID, ?)",0,0,0,0,0,0,0,0,0,0,0,0,0,0,18,0.0,0.0,0.0,0.0,0.0,0.0,0.0,0.0,0.0,0.0,0.0,0.0,0.0,0.0,0.0,0.0,0.0,0.0,0.0,0.0,0.0,0.0,0.0,0.0,0.0,0.0,0.0,0.0,0.0,0.0,0.0,0.0,0.0,0.0,0.0,0.0,0.0,0.0,0.0,0.0,0.0,0.0,0.0,0.0,0.0,0.0,0.0,0.0,0.0,0.0,0.0,0.0,0.0,0.0,0.0,0.0,0.0,0.0,0.0,0.0,0.0,0.0,0.0,0.0,0.0,0.0,0.0,0.0,0.0,0.0,0.0,0.0,0.0,0.0,0.0,0.0,0.0,0.0,0.0,0.0,0.0,0.0,0.0,0.0,0.0,0.0,0.0,0.0,0.0,0.0,0.0,0.0,0.0,0.0,0.0,0.0,0.0,0.0,0.0,0.0,0.0,0.0,0.0,0.0,0.0,0.0,0.0,0.0,0.0,0.0,0.0,0.0,0.0,0.0,0.0,0.0,0.0,0.0,0.0,0.0,0.0,0.0,0.0,0.0,0.0,0.0,0.0,0.0,0.0,0.0,0.0,0.0,0.0,0.0,0.0,0.0,0.0,0.0,0.0,0.0,26,0.0,0,0.0,26,0.0,0.0,5,0,0,0,0,0,0,0.0,~
662,Josh,Nichols,DEF,ARS,?,"Nichols (DEF, ?)",0,0,0,0,0,0,0,0,0,0,0,0,0,0,18,0.0,0.0,0.0,0.0,0.0,0.0,0.0,0.0,0.0,0.0,0.0,0.0,0.0,0.0,0.0,0.0,0.0,0.0,0.0,0.0,0.0,0.0,0.0,0.0,0.0,0.0,0.0,0.0,0.0,0.0,0.0,0.0,0.0,0.0,0.0,0.0,0.0,0.0,0.0,0.0,0.0,0.0,0.0,0.0,0.0,0.0,0.0,0.0,0.0,0.0,0.0,0.0,0.0,0.0,0.0,0.0,0.0,0.0,0.0,0.0,0.0,0.0,0.0,0.0,0.0,0.0,0.0,0.0,0.0,0.0,0.0,0.0,0.0,0.0,0.0,0.0,0.0,0.0,0.0,0.0,0.0,0.0,0.0,0.0,0.0,0.0,0.0,0.0,0.0,0.0,0.0,0.0,0.0,0.0,0.0,0.0,0.0,0.0,0.0,0.0,0.0,0.0,0.0,0.0,0.0,0.0,0.0,0.0,0.0,0.0,0.0,0.0,0.0,0.0,0.0,0.0,0.0,0.0,0.0,0.0,0.0,0.0,0.0,0.0,0.0,0.0,0.0,0.0,0.0,0.0,0.0,0.0,0.0,0.0,0.0,0.0,0.0,0.0,0.0,0.0,26,0.0,12,0.0,0,0.0,0.0,5,0,0,0,0,0,0,0.0,~
665,Nathan,Butler-Oyedeji,FWD,ARS,?,"Butler-Oyedeji (FWD, ?)",0,0,0,0,0,0,0,0,0,0,0,0,0,0,18,0.0,0.0,0.0,0.0,0.0,0.0,0.0,0.0,0.0,0.0,0.0,0.0,0.0,0.0,0.0,0.0,0.0,0.0,0.0,0.0,0.0,0.0,0.0,0.0,0.0,0.0,0.0,0.0,0.0,0.0,0.0,0.0,0.0,0.0,0.0,0.0,0.0,0.0,0.0,0.0,0.0,0.0,0.0,0.0,0.0,0.0,0.0,0.0,0.0,0.0,0.0,0.0,0.0,0.0,0.0,0.0,0.0,0.0,0.0,0.0,0.0,0.0,0.0,0.0,0.0,0.0,0.0,0.0,0.0,0.0,0.0,0.0,0.0,0.0,0.0,0.0,0.0,0.0,0.0,0.0,0.0,0.0,0.0,0.0,0.0,0.0,0.0,0.0,0.0,0.0,0.0,0.0,0.0,0.0,0.0,0.0,0.0,0.0,0.0,0.0,0.0,0.0,0.0,0.0,0.0,0.0,0.0,0.0,0.0,0.0,0.0,0.0,0.0,0.0,0.0,0.0,0.0,0.0,0.0,0.0,0.0,0.0,0.0,0.0,0.0,0.0,0.0,0.0,0.0,0.0,0.0,0.0,0.0,0.0,0.0,0.0,0.0,0.0,0.0,0.0,26,0.0,0,0.0,26,0.0,0.0,5,0,0,0,0,0,0,0.0,~
38,Jhon,Durán,FWD,AVL,?,"Duran (FWD, ?)",51,588,7,13,0,0,2,0,0,0,3,1,9,18,0,3.0,3.5,3.1666666666666665,3.5,3.7155828016013257,44.0,19.5,48.16666666666666,21.5,22.58625442362874,1.0,0.5,2.833333333333333,2.685185185185185,2.91070819942883,26.5,3.5,32.666666666666664,12.370370370370368,17.438781812704438,0.0,0.0,0.3888888888888889,0.4753086419753086,0.4874980215217846,0.0,0.0,0.7222222222222222,0.802469135802469,0.9891385452647142,0.0,0.0,0.0,0.0,0.0,0.0,0.0,0.0,0.0,0.0,0.0,0.0,0.1111111111111111,0.1975308641975308,0.3142696805273544,0.0,0.0,0.0,0.0,0.0,0.0,0.0,0.0,0.0,0.0,0.0,0.0,0.0,0.0,0.0,0.0,0.0,0.1666666666666666,0.2777777777777778,0.3726779962499649,0.0,0.0,0.0555555555555555,0.1049382716049382,0.2290614236454256,0.0,0.0,0.5,0.7222222222222222,0.957427107756338,1.0,0.5,2.833333333333333,2.685185185185185,2.91070819942883,26.5,3.5,32.666666666666664,12.370370370370368,17.438781812704438,0.0,0.0,0.3888888888888889,0.4753086419753086,0.4874980215217846,0.0,0.0,0.7222222222222222,0.802469135802469,0.9891385452647142,0.0,0.0,0.0,0.0,0.0,0.0,0.0,0.0,0.0,0.0,0.0,0.0,0.1111111111111111,0.1975308641975308,0.3142696805273544,0.0,0.0,0.0,0.0,0.0,0.0,0.0,0.0,0.0,0.0,0.0,0.0,0.0,0.0,0.0,0.0,0.0,0.1666666666666666,0.2777777777777778,0.3726779962499649,0.0,0.0,0.0555555555555555,0.1049382716049382,0.2290614236454256,0.0,0.0,0.5,0.7222222222222222,0.957427107756338,11,5.611111111111112,0,0.0,6,5.333333333333332,5.47222222222,5,0,0,0,1,1,2,-3.47222222222,3↓
48,John,McGinn,MID,AVL,?,"McGinn (MID, ?)",39,1145,0,20,0,3,3,0,0,0,3,0,1,16,2,2.5,0.5,3.1666666666666665,1.222222222222222,1.4624940645653537,90.0,0.0,87.66666666666667,3.1111111111111094,4.027681991198191,2.0,1.0,2.1666666666666665,1.1296296296296295,1.536590742882148,74.5,15.5,63.61111111111112,24.851851851851848,30.94464392514997,0.0,0.0,0.0,0.0,0.0,1.0,1.0,1.1111111111111112,0.8148148148148148,0.9938079899999066,0.0,0.0,0.0,0.0,0.0,0.0,0.0,0.1666666666666666,0.2777777777777778,0.3726779962499649,0.0,0.0,0.1666666666666666,0.2777777777777778,0.3726779962499649,0.0,0.0,0.0,0.0,0.0,0.0,0.0,0.0,0.0,0.0,0.0,0.0,0.0,0.0,0.0,0.0,0.0,0.1666666666666666,0.2777777777777778,0.3726779962499649,0.0,0.0,0.0,0.0,0.0,0.0,0.0,0.0555555555555555,0.1049382716049382,0.2290614236454256,2.0,1.0,2.4375,1.1015625,1.4128318194321643,79.5,10.5,71.5625,17.6171875,22.54431400043035,0.0,0.0,0.0,0.0,0.0,1.0,1.0,1.25,0.8125,0.9682458365518544,0.0,0.0,0.0,0.0,0.0,0.0,0.0,0.1875,0.3046875,0.3903123748998999,0.0,0.0,0.1875,0.3046875,0.3903123748998999,0.0,0.0,0.0,0.0,0.0,0.0,0.0,0.0,0.0,0.0,0.0,0.0,0.0,0.0,0.0,0.0,0.0,0.1875,0.3046875,0.3903123748998999,0.0,0.0,0.0,0.0,0.0,0.0,0.0,0.0625,0.1171875,0.2420614591379635,11,11.222222222222223,0,0.0,6,10.666666666666664,10.94444444444,5,2,1,0,0,1,4,-6.94444444444,5↓
54,Morgan,Rogers,MID,AVL,?,"Rogers (MID, ?)",77,1469,5,21,0,3,3,0,0,0,4,0,9,18,0,2.0,0.0,5.0,4.0,4.58257569495584,88.0,2.0,81.5,10.0,10.735455276791944,2.0,0.5,4.277777777777778,3.148148148148148,3.678851806920734,90.0,0.0,81.61111111111111,9.851851851851851,11.480122380730236,0.0,0.0,0.2777777777777778,0.4012345679012346,0.4479032082388083,1.0,1.0,1.1666666666666667,0.6481481481481483,0.7637626158259734,0.0,0.0,0.0,0.0,0.0,0.0,0.0,0.1666666666666666,0.2962962962962963,0.4999999999999999,0.0,0.0,0.1666666666666666,0.2777777777777778,0.372677996249965,0.0,0.0,0.0,0.0,0.0,0.0,0.0,0.0,0.0,0.0,0.0,0.0,0.0,0.0,0.0,0.0,0.0,0.2222222222222222,0.345679012345679,0.415739709641549,0.0,0.0,0.0,0.0,0.0,0.0,0.0,0.5,0.7777777777777778,1.0137937550497031,2.0,0.5,4.277777777777778,3.148148148148148,3.678851806920734,90.0,0.0,81.61111111111111,9.851851851851851,11.480122380730236,0.0,0.0,0.2777777777777778,0.4012345679012346,0.4479032082388083,1.0,1.0,1.1666666666666667,0.6481481481481483,0.7637626158259734,0.0,0.0,0.0,0.0,0.0,0.0,0.0,0.1666666666666666,0.2962962962962963,0.4999999999999999,0.0,0.0,0.1666666666666666,0.2777777777777778,0.372677996249965,0.0,0.0,0.0,0.0,0.0,0.0,0.0,0.0,0.0,0.0,0.0,0.0,0.0,0.0,0.0,0.0,0.0,0.2222222222222222,0.345679012345679,0.415739709641549,0.0,0.0,0.0,0.0,0.0,0.0,0.0,0.5,0.7777777777777778,1.0137937550497031,11,10.61111111111111,0,0.0,6,10.333333333333334,10.47222222222,5,11,0,6,1,1,19,8.52777777778,5↑
47,Emiliano,Martínez Romero,GKP,AVL,?,"Martinez (GKP, ?)",49,1575,0,28,0,0,2,47,1,0,2,0,2,18,0,2.0,0.0,2.5,1.1666666666666667,1.6072751268321592,90.0,0.0,82.5,12.5,16.77050983124842,2.0,0.5,2.7222222222222223,1.7098765432098766,2.3992025424099093,90.0,0.0,87.5,4.722222222222222,10.307764064044152,0.0,0.0,0.0,0.0,0.0,1.5,0.5,1.5555555555555556,0.7777777777777778,0.955813918560292,0.0,0.0,0.0,0.0,0.0,0.0,0.0,0.0,0.0,0.0,0.0,0.0,0.1111111111111111,0.1975308641975308,0.3142696805273545,3.0,1.0,2.611111111111111,1.1419753086419755,1.4196591487978485,0.0,0.0,0.0555555555555555,0.1049382716049382,0.2290614236454256,0.0,0.0,0.0,0.0,0.0,0.0,0.0,0.1111111111111111,0.1975308641975308,0.3142696805273544,0.0,0.0,0.0,0.0,0.0,0.0,0.0,0.1111111111111111,0.2098765432098765,0.4581228472908512,2.0,0.5,2.7222222222222223,1.7098765432098766,2.3992025424099093,90.0,0.0,87.5,4.722222222222222,10.307764064044152,0.0,0.0,0.0,0.0,0.0,1.5,0.5,1.5555555555555556,0.7777777777777778,0.955813918560292,0.0,0.0,0.0,0.0,0.0,0.0,0.0,0.0,0.0,0.0,0.0,0.0,0.1111111111111111,0.1975308641975308,0.3142696805273545,3.0,1.0,2.611111111111111,1.1419753086419755,1.4196591487978485,0.0,0.0,0.0555555555555555,0.1049382716049382,0.2290614236454256,0.0,0.0,0.0,0.0,0.0,0.0,0.0,0.1111111111111111,0.1975308641975308,0.3142696805273544,0.0,0.0,0.0,0.0,0.0,0.0,0.0,0.1111111111111111,0.2098765432098765,0.4581228472908512,11,10.61111111111111,-15,9.166666666666666,0,0.0,9.88888888889,5,2,2,6,2,2,14,4.1111111111100005,3↑
42,Boubacar,Kamara,MID,AVL,?,"Kamara (MID, ?)",15,501,0,10,0,0,1,0,0,0,1,0,0,9,9,2.0,0.0,2.1666666666666665,0.2777777777777777,0.3726779962499649,79.5,10.5,78.0,12.0,12.26104943849968,0.0,0.0,0.8333333333333334,0.925925925925926,1.0137937550497031,4.0,4.0,27.83333333333333,33.44444444444444,36.41008712492246,0.0,0.0,0.0,0.0,0.0,0.0,0.0,0.5555555555555556,0.6172839506172839,0.6849348892187752,0.0,0.0,0.0,0.0,0.0,0.0,0.0,0.0,0.0,0.0,0.0,0.0,0.0555555555555555,0.1049382716049382,0.2290614236454256,0.0,0.0,0.0,0.0,0.0,0.0,0.0,0.0,0.0,0.0,0.0,0.0,0.0,0.0,0.0,0.0,0.0,0.0555555555555555,0.1049382716049382,0.2290614236454256,0.0,0.0,0.0,0.0,0.0,0.0,0.0,0.0,0.0,0.0,2.0,0.0,1.6666666666666667,0.6666666666666665,0.816496580927726,68.0,22.0,55.66666666666666,29.77777777777778,33.19638534539566,0.0,0.0,0.0,0.0,0.0,1.0,0.0,1.1111111111111112,0.3950617283950617,0.5665577237325317,0.0,0.0,0.0,0.0,0.0,0.0,0.0,0.0,0.0,0.0,0.0,0.0,0.1111111111111111,0.1975308641975308,0.3142696805273544,0.0,0.0,0.0,0.0,0.0,0.0,0.0,0.0,0.0,0.0,0.0,0.0,0.0,0.0,0.0,0.0,0.0,0.1111111111111111,0.1975308641975308,0.3142696805273544,0.0,0.0,0.0,0.0,0.0,0.0,0.0,0.0,0.0,0.0,11,0.0,0,0.0,6,0.0,0.0,5,2,2,3,1,3,11,11.0,5↑
57,Youri,Tielemans,MID,AVL,?,"Tielemans (MID, ?)",48,1509,0,24,0,4,2,0,0,1,3,0,5,18,0,2.0,0.5,1.8333333333333333,0.5555555555555555,0.6871842709362768,81.5,8.5,74.33333333333333,15.666666666666666,17.632041540584257,2.0,1.0,2.6666666666666665,1.4444444444444444,1.9720265943665387,90.0,0.0,83.83333333333333,8.90740740740741,12.47775798949653,0.0,0.0,0.0,0.0,0.0,1.0,1.0,1.3333333333333333,0.7407407407407409,0.8819171036881969,0.0,0.0,0.0,0.0,0.0,0.0,0.0,0.2222222222222222,0.345679012345679,0.415739709641549,0.0,0.0,0.1111111111111111,0.1975308641975308,0.3142696805273545,0.0,0.0,0.0,0.0,0.0,0.0,0.0,0.0,0.0,0.0,0.0,0.0,0.0555555555555555,0.1049382716049382,0.2290614236454256,0.0,0.0,0.1666666666666666,0.2777777777777778,0.3726779962499649,0.0,0.0,0.0,0.0,0.0,0.0,0.0,0.2777777777777778,0.4938271604938272,0.8031573497111645,2.0,1.0,2.6666666666666665,1.4444444444444444,1.9720265943665387,90.0,0.0,83.83333333333333,8.90740740740741,12.47775798949653,0.0,0.0,0.0,0.0,0.0,1.0,1.0,1.3333333333333333,0.7407407407407409,0.8819171036881969,0.0,0.0,0.0,0.0,0.0,0.0,0.0,0.2222222222222222,0.345679012345679,0.415739709641549,0.0,0.0,0.1111111111111111,0.1975308641975308,0.3142696805273545,0.0,0.0,0.0,0.0,0.0,0.0,0.0,0.0,0.0,0.0,0.0,0.0,0.0555555555555555,0.1049382716049382,0.2290614236454256,0.0,0.0,0.1666666666666666,0.2777777777777778,0.3726779962499649,0.0,0.0,0.0,0.0,0.0,0.0,0.0,0.2777777777777778,0.4938271604938272,0.8031573497111645,11,11.222222222222223,0,0.0,6,10.666666666666664,10.94444444444,5,2,2,3,8,1,16,5.05555555556,4↑
44,Ezri,Konsa Ngoyo,DEF,AVL,?,"Konsa (DEF, ?)",35,1361,1,26,0,0,1,0,0,0,0,0,3,16,2,1.5,0.5,2.5,1.8333333333333333,2.5,90.0,0.0,90.0,0.0,0.0,1.0,1.0,1.9444444444444444,1.4876543209876545,2.4145904235667475,90.0,0.0,75.61111111111111,23.98148148148148,32.24410176707411,0.0,0.0,0.0555555555555555,0.1049382716049382,0.2290614236454256,1.0,1.0,1.4444444444444444,0.9382716049382716,1.11665284679121,0.0,0.0,0.0,0.0,0.0,0.0,0.0,0.0,0.0,0.0,0.0,0.0,0.0555555555555555,0.1049382716049382,0.2290614236454256,0.0,0.0,0.0,0.0,0.0,0.0,0.0,0.0,0.0,0.0,0.0,0.0,0.0,0.0,0.0,0.0,0.0,0.0,0.0,0.0,0.0,0.0,0.0,0.0,0.0,0.0,0.0,0.1666666666666666,0.2962962962962963,0.4999999999999999,1.0,0.5,2.1875,1.578125,2.4550649176752946,90.0,0.0,85.0625,9.2578125,19.12285527189912,0.0,0.0,0.0625,0.1171875,0.2420614591379635,1.5,0.5,1.625,0.875,1.0532687216470449,0.0,0.0,0.0,0.0,0.0,0.0,0.0,0.0,0.0,0.0,0.0,0.0,0.0625,0.1171875,0.2420614591379635,0.0,0.0,0.0,0.0,0.0,0.0,0.0,0.0,0.0,0.0,0.0,0.0,0.0,0.0,0.0,0.0,0.0,0.0,0.0,0.0,0.0,0.0,0.0,0.0,0.0,0.0,0.0,0.1875,0.328125,0.5266343608235224,11,6.222222222222221,-15,3.333333333333333,0,0.0,4.77777777778,5,1,2,8,1,2,14,9.222222222220001,5↑
36,Lucas,Digne,DEF,AVL,?,"Digne (DEF, ?)",47,1343,0,23,0,3,2,0,0,0,3,0,6,18,0,1.5,0.5,1.5,0.5,0.5,90.0,0.0,80.16666666666667,16.388888888888886,21.98800177874793,2.0,1.0,2.611111111111111,1.882716049382716,2.3602939762497783,83.5,6.5,74.61111111111111,15.69753086419753,20.78498092611021,0.0,0.0,0.0,0.0,0.0,1.0,0.5,1.2777777777777777,0.845679012345679,1.0957268290731124,0.0,0.0,0.0,0.0,0.0,0.0,0.0,0.1666666666666666,0.2777777777777778,0.3726779962499649,0.0,0.0,0.1111111111111111,0.1975308641975308,0.3142696805273545,0.0,0.0,0.0,0.0,0.0,0.0,0.0,0.0,0.0,0.0,0.0,0.0,0.0,0.0,0.0,0.0,0.0,0.1666666666666666,0.2777777777777778,0.3726779962499649,0.0,0.0,0.0,0.0,0.0,0.0,0.0,0.3333333333333333,0.5555555555555556,0.7453559924999299,2.0,1.0,2.611111111111111,1.882716049382716,2.3602939762497783,83.5,6.5,74.61111111111111,15.69753086419753,20.78498092611021,0.0,0.0,0.0,0.0,0.0,1.0,0.5,1.2777777777777777,0.845679012345679,1.0957268290731124,0.0,0.0,0.0,0.0,0.0,0.0,0.0,0.1666666666666666,0.2777777777777778,0.3726779962499649,0.0,0.0,0.1111111111111111,0.1975308641975308,0.3142696805273545,0.0,0.0,0.0,0.0,0.0,0.0,0.0,0.0,0.0,0.0,0.0,0.0,0.0,0.0,0.0,0.0,0.0,0.1666666666666666,0.2777777777777778,0.3726779962499649,0.0,0.0,0.0,0.0,0.0,0.0,0.0,0.3333333333333333,0.5555555555555556,0.7453559924999299,11,11.222222222222223,-15,8.333333333333334,0,0.0,9.77777777778,5,1,2,6,4,2,15,5.222222222219999,4↑
58,Ollie,Watkins,FWD,AVL,?,"Watkins (FWD, ?)",80,1180,7,23,0,3,4,0,0,0,0,0,11,18,0,1.0,0.0,3.0,3.0,4.041451884327381,38.5,24.0,41.66666666666666,22.33333333333333,25.733678754158376,2.0,1.0,4.444444444444445,3.4320987654320985,3.9752319599996255,69.0,14.0,65.55555555555556,19.33333333333333,24.452271474178296,0.0,0.0,0.3888888888888889,0.5185185185185186,0.5905636562630361,1.0,1.0,1.2777777777777777,0.8950617283950617,1.0957268290731124,0.0,0.0,0.0,0.0,0.0,0.0,0.0,0.1666666666666666,0.2777777777777778,0.3726779962499649,0.0,0.0,0.2222222222222222,0.345679012345679,0.415739709641549,0.0,0.0,0.0,0.0,0.0,0.0,0.0,0.0,0.0,0.0,0.0,0.0,0.0,0.0,0.0,0.0,0.0,0.0,0.0,0.0,0.0,0.0,0.0,0.0,0.0,0.0,0.0,0.6111111111111112,0.882716049382716,1.061387398585711,2.0,1.0,4.444444444444445,3.4320987654320985,3.9752319599996255,69.0,14.0,65.55555555555556,19.33333333333333,24.452271474178296,0.0,0.0,0.3888888888888889,0.5185185185185186,0.5905636562630361,1.0,1.0,1.2777777777777777,0.8950617283950617,1.0957268290731124,0.0,0.0,0.0,0.0,0.0,0.0,0.0,0.1666666666666666,0.2777777777777778,0.3726779962499649,0.0,0.0,0.2222222222222222,0.345679012345679,0.415739709641549,0.0,0.0,0.0,0.0,0.0,0.0,0.0,0.0,0.0,0.0,0.0,0.0,0.0,0.0,0.0,0.0,0.0,0.0,0.0,0.0,0.0,0.0,0.0,0.0,0.0,0.0,0.0,0.6111111111111112,0.882716049382716,1.061387398585711,11,11.222222222222223,0,0.0,6,10.666666666666664,10.94444444444,5,12,2,8,8,5,35,24.055555555559998,7↑
52,Pau,Torres,DEF,AVL,?,"Pau (DEF, ?)",31,1530,0,28,0,0,2,0,0,0,1,0,0,17,1,1.0,0.5,1.8333333333333333,1.4444444444444446,1.950783318453271,90.0,0.0,75.0,25.0,33.54101966249684,1.0,0.5,1.7222222222222223,1.104938271604938,1.6263645742560495,90.0,0.0,85.0,9.444444444444445,20.615528128088304,0.0,0.0,0.0,0.0,0.0,1.5,0.5,1.5555555555555556,0.8888888888888888,1.0657403385139377,0.0,0.0,0.0,0.0,0.0,0.0,0.0,0.0,0.0,0.0,0.0,0.0,0.1111111111111111,0.1975308641975308,0.3142696805273545,0.0,0.0,0.0,0.0,0.0,0.0,0.0,0.0,0.0,0.0,0.0,0.0,0.0,0.0,0.0,0.0,0.0,0.0555555555555555,0.1049382716049382,0.2290614236454256,0.0,0.0,0.0,0.0,0.0,0.0,0.0,0.0,0.0,0.0,1.0,0.0,1.8235294117647056,1.086505190311419,1.6173796570432375,90.0,0.0,90.0,0.0,0.0,0.0,0.0,0.0,0.0,0.0,2.0,1.0,1.6470588235294117,0.8442906574394464,1.0256232808330996,0.0,0.0,0.0,0.0,0.0,0.0,0.0,0.0,0.0,0.0,0.0,0.0,0.1176470588235294,0.2076124567474048,0.3221897397089212,0.0,0.0,0.0,0.0,0.0,0.0,0.0,0.0,0.0,0.0,0.0,0.0,0.0,0.0,0.0,0.0,0.0,0.0588235294117647,0.1107266435986159,0.2352941176470588,0.0,0.0,0.0,0.0,0.0,0.0,0.0,0.0,0.0,0.0,11,5.611111111111112,-15,4.166666666666667,0,0.0,4.88888888889,5,1,0,0,0,0,1,-3.8888888888900004,3↓
29,Ross,Barkley,MID,AVL,?,"Barkley (MID, ?)",29,462,2,8,0,1,1,0,0,0,3,0,2,14,4,1.0,0.0,0.8333333333333334,0.2777777777777777,0.3726779962499649,20.5,9.0,16.833333333333332,10.888888888888893,12.157530816557925,1.0,0.5,1.6111111111111112,1.5061728395061726,2.214570158666083,20.5,17.0,25.666666666666668,19.962962962962965,26.87832666749261,0.0,0.0,0.1111111111111111,0.1975308641975308,0.3142696805273545,0.0,0.0,0.4444444444444444,0.54320987654321,0.5983516452371671,0.0,0.0,0.0,0.0,0.0,0.0,0.0,0.0555555555555555,0.1049382716049382,0.2290614236454256,0.0,0.0,0.0555555555555555,0.1049382716049382,0.2290614236454256,0.0,0.0,0.0,0.0,0.0,0.0,0.0,0.0,0.0,0.0,0.0,0.0,0.0,0.0,0.0,0.0,0.0,0.1666666666666666,0.2777777777777778,0.3726779962499649,0.0,0.0,0.0,0.0,0.0,0.0,0.0,0.1111111111111111,0.2098765432098765,0.4581228472908512,1.0,0.0,2.071428571428572,1.6836734693877558,2.313447820100235,28.0,13.5,33.0,19.714285714285715,26.20795953249972,0.0,0.0,0.1428571428571428,0.2448979591836734,0.3499271061118826,0.5,0.5,0.5714285714285714,0.5714285714285714,0.6226998490772392,0.0,0.0,0.0,0.0,0.0,0.0,0.0,0.0714285714285714,0.1326530612244897,0.2575393768188563,0.0,0.0,0.0714285714285714,0.1326530612244897,0.2575393768188563,0.0,0.0,0.0,0.0,0.0,0.0,0.0,0.0,0.0,0.0,0.0,0.0,0.0,0.0,0.0,0.0,0.0,0.2142857142857142,0.3367346938775511,0.410325903324145,0.0,0.0,0.0,0.0,0.0,0.0,0.0,0.1428571428571428,0.2653061224489795,0.5150787536377127,11,5.611111111111112,0,0.0,6,5.333333333333332,5.47222222222,5,1,10,0,0,0,11,5.52777777778,4↑
28,Leon,Bailey,MID,AVL,?,"Bailey (MID, ?)",28,748,0,13,0,2,1,0,0,0,2,0,0,15,3,1.0,0.5,0.8333333333333334,0.5555555555555555,0.6871842709362768,22.5,22.5,27.83333333333333,22.11111111111111,25.26141106290163,1.0,1.0,1.5555555555555556,1.0123456790123455,1.300522212302181,51.5,28.5,41.55555555555556,27.160493827160494,29.424521561714517,0.0,0.0,0.0,0.0,0.0,1.0,0.5,0.7222222222222222,0.5617283950617282,0.6502611061510902,0.0,0.0,0.0,0.0,0.0,0.0,0.0,0.1111111111111111,0.1975308641975308,0.3142696805273545,0.0,0.0,0.0555555555555555,0.1049382716049382,0.2290614236454256,0.0,0.0,0.0,0.0,0.0,0.0,0.0,0.0,0.0,0.0,0.0,0.0,0.0,0.0,0.0,0.0,0.0,0.1111111111111111,0.1975308641975308,0.3142696805273545,0.0,0.0,0.0,0.0,0.0,0.0,0.0,0.0,0.0,0.0,1.0,0.0,1.8666666666666667,0.9244444444444444,1.2036980056845192,60.0,15.0,49.86666666666667,22.16,24.990309232891768,0.0,0.0,0.0,0.0,0.0,1.0,0.0,0.8666666666666667,0.4622222222222221,0.6182412330330469,0.0,0.0,0.0,0.0,0.0,0.0,0.0,0.1333333333333333,0.2311111111111111,0.3399346342395189,0.0,0.0,0.0666666666666666,0.1244444444444444,0.2494438257849294,0.0,0.0,0.0,0.0,0.0,0.0,0.0,0.0,0.0,0.0,0.0,0.0,0.0,0.0,0.0,0.0,0.0,0.1333333333333333,0.2311111111111111,0.3399346342395189,0.0,0.0,0.0,0.0,0.0,0.0,0.0,0.0,0.0,0.0,11,6.222222222222221,0,0.0,6,5.666666666666667,5.94444444444,5,2,9,0,1,3,15,9.05555555556,5↑
31,Emiliano,Buendía Stati,MID,AVL,?,"Buendia (MID, ?)",8,48,0,2,0,0,0,0,0,0,1,0,0,9,9,1.0,0.0,0.6666666666666666,0.4444444444444445,0.4714045207910317,2.0,2.0,3.333333333333333,3.111111111111111,3.636237371545238,0.0,0.0,0.4444444444444444,0.4938271604938272,0.4969039949999533,0.5,0.5,2.6666666666666665,3.0370370370370363,3.366501646120693,0.0,0.0,0.0,0.0,0.0,0.0,0.0,0.1111111111111111,0.1975308641975308,0.3142696805273545,0.0,0.0,0.0,0.0,0.0,0.0,0.0,0.0,0.0,0.0,0.0,0.0,0.0,0.0,0.0,0.0,0.0,0.0,0.0,0.0,0.0,0.0,0.0,0.0,0.0,0.0,0.0,0.0,0.0,0.0,0.0,0.0,0.0555555555555555,0.1049382716049382,0.2290614236454256,0.0,0.0,0.0,0.0,0.0,0.0,0.0,0.0,0.0,0.0,1.0,0.0,0.8888888888888888,0.1975308641975309,0.3142696805273545,6.0,2.0,5.333333333333333,2.4444444444444446,2.905932629027116,0.0,0.0,0.0,0.0,0.0,0.0,0.0,0.2222222222222222,0.345679012345679,0.415739709641549,0.0,0.0,0.0,0.0,0.0,0.0,0.0,0.0,0.0,0.0,0.0,0.0,0.0,0.0,0.0,0.0,0.0,0.0,0.0,0.0,0.0,0.0,0.0,0.0,0.0,0.0,0.0,0.0,0.0,0.0,0.0,0.0,0.1111111111111111,0.1975308641975308,0.3142696805273544,0.0,0.0,0.0,0.0,0.0,0.0,0.0,0.0,0.0,0.0,11,0.0,0,0.0,6,0.0,0.0,5,0,1,1,0,1,3,3.0,3↑
32,Matty,Cash,DEF,AVL,?,"Cash (DEF, ?)",23,898,1,13,0,0,1,0,0,0,5,0,0,12,6,0.5,0.5,1.5,1.8333333333333333,2.5,90.0,0.0,71.33333333333333,24.88888888888889,32.89714611060087,1.0,1.0,1.2777777777777777,1.3209876543209875,1.9665411133808728,63.5,26.5,49.888888888888886,37.67901234567901,40.010955289893744,0.0,0.0,0.0555555555555555,0.1049382716049382,0.2290614236454256,0.5,0.5,0.7222222222222222,0.7222222222222221,0.8695819912499182,0.0,0.0,0.0,0.0,0.0,0.0,0.0,0.0,0.0,0.0,0.0,0.0,0.0555555555555555,0.1049382716049382,0.2290614236454256,0.0,0.0,0.0,0.0,0.0,0.0,0.0,0.0,0.0,0.0,0.0,0.0,0.0,0.0,0.0,0.0,0.0,0.2777777777777778,0.4012345679012345,0.4479032082388083,0.0,0.0,0.0,0.0,0.0,0.0,0.0,0.0,0.0,0.0,1.0,0.5,1.9166666666666667,1.5555555555555554,2.1392496088322392,90.0,0.0,74.83333333333333,18.722222222222225,23.12225959738557,0.0,0.0,0.0833333333333333,0.1527777777777777,0.2763853991962833,1.0,0.5,1.0833333333333333,0.625,0.8620067027323834,0.0,0.0,0.0,0.0,0.0,0.0,0.0,0.0,0.0,0.0,0.0,0.0,0.0833333333333333,0.1527777777777777,0.2763853991962833,0.0,0.0,0.0,0.0,0.0,0.0,0.0,0.0,0.0,0.0,0.0,0.0,0.0,0.0,0.0,0.0,0.0,0.4166666666666667,0.4861111111111111,0.4930066485916347,0.0,0.0,0.0,0.0,0.0,0.0,0.0,0.0,0.0,0.0,11,6.222222222222221,-15,3.333333333333333,0,0.0,4.77777777778,5,0,3,6,4,2,15,10.222222222220001,5↑
233,Amadou,Onana,MID,AVL,?,"Onana (MID, ?)",36,900,2,19,0,0,1,0,0,0,3,0,5,13,5,0.5,0.5,0.8333333333333334,0.8333333333333334,0.8975274678557505,8.0,8.0,32.666666666666664,38.22222222222222,40.933550488023336,1.5,0.5,2.0,1.6666666666666667,2.788866755113585,61.0,29.0,50.0,32.666666666666664,36.26905629382221,0.0,0.0,0.1111111111111111,0.1975308641975308,0.3142696805273545,1.0,1.0,1.0555555555555556,0.8580246913580246,1.1290223018278651,0.0,0.0,0.0,0.0,0.0,0.0,0.0,0.0,0.0,0.0,0.0,0.0,0.0555555555555555,0.1049382716049382,0.2290614236454256,0.0,0.0,0.0,0.0,0.0,0.0,0.0,0.0,0.0,0.0,0.0,0.0,0.0,0.0,0.0,0.0,0.0,0.1666666666666666,0.2777777777777778,0.3726779962499649,0.0,0.0,0.0,0.0,0.0,0.0,0.0,0.2777777777777778,0.4938271604938272,0.8031573497111645,2.0,0.0,2.769230769230769,2.071005917159764,2.9392266422373536,74.0,16.0,69.23076923076923,18.17751479289941,22.13647823478372,0.0,0.0,0.1538461538461538,0.2603550295857987,0.3608012122941099,1.0,1.0,1.4615384615384617,0.8757396449704141,1.08240363688233,0.0,0.0,0.0,0.0,0.0,0.0,0.0,0.0,0.0,0.0,0.0,0.0,0.0769230769230769,0.1420118343195266,0.2664693550105965,0.0,0.0,0.0,0.0,0.0,0.0,0.0,0.0,0.0,0.0,0.0,0.0,0.0,0.0,0.0,0.0,0.0,0.2307692307692307,0.3550295857988166,0.4213250442347432,0.0,0.0,0.0,0.0,0.0,0.0,0.0,0.3846153846153846,0.6508875739644971,0.9230769230769228,11,8.11111111111111,0,0.0,6,7.833333333333332,7.97222222222,5,1,0,2,1,0,4,-3.97222222222,3↓
45,Ian,Maatsen,DEF,AVL,?,"Maatsen (DEF, ?)",12,282,0,6,0,0,0,0,0,0,1,0,0,13,5,0.5,0.5,0.5,0.5,0.5,0.5,0.5,10.166666666666666,15.944444444444448,21.404179238851672,1.0,0.0,0.6666666666666666,0.4444444444444444,0.4714045207910317,8.5,8.5,15.666666666666666,14.814814814814811,20.12737218593404,0.0,0.0,0.0,0.0,0.0,0.0,0.0,0.3333333333333333,0.4814814814814815,0.5773502691896257,0.0,0.0,0.0,0.0,0.0,0.0,0.0,0.0,0.0,0.0,0.0,0.0,0.0,0.0,0.0,0.0,0.0,0.0,0.0,0.0,0.0,0.0,0.0,0.0,0.0,0.0,0.0,0.0,0.0,0.0,0.0,0.0,0.0555555555555555,0.1049382716049382,0.2290614236454256,0.0,0.0,0.0,0.0,0.0,0.0,0.0,0.0,0.0,0.0,1.0,0.0,0.9230769230769232,0.1420118343195265,0.2664693550105965,16.0,10.0,21.692307692307693,16.295857988165682,20.74157703144771,0.0,0.0,0.0,0.0,0.0,0.0,0.0,0.4615384615384615,0.5680473372781065,0.6343239424027171,0.0,0.0,0.0,0.0,0.0,0.0,0.0,0.0,0.0,0.0,0.0,0.0,0.0,0.0,0.0,0.0,0.0,0.0,0.0,0.0,0.0,0.0,0.0,0.0,0.0,0.0,0.0,0.0,0.0,0.0,0.0,0.0,0.0769230769230769,0.1420118343195266,0.2664693550105965,0.0,0.0,0.0,0.0,0.0,0.0,0.0,0.0,0.0,0.0,11,5.0,-15,5.0,0,0.0,5.0,5,1,4,0,0,1,6,1.0,~
569,Jaden,Philogene,MID,AVL,?,"Jaden (MID, ?)",9,325,0,5,0,0,1,0,0,0,2,1,0,11,7,0.5,0.5,0.5,0.5,0.5,12.5,12.5,20.166666666666668,20.166666666666668,23.702437755546484,0.5,0.5,0.5,0.7222222222222222,0.957427107756338,8.5,8.5,18.05555555555556,18.29012345679012,24.25208403925142,0.0,0.0,0.0,0.0,0.0,0.0,0.0,0.2777777777777778,0.4320987654320987,0.558326423395605,0.0,0.0,0.0,0.0,0.0,0.0,0.0,0.0,0.0,0.0,0.0,0.0,0.0555555555555555,0.1049382716049382,0.2290614236454256,0.0,0.0,0.0,0.0,0.0,0.0,0.0,0.0,0.0,0.0,0.0,0.0,0.0,0.0,0.0,0.0,0.0,0.1111111111111111,0.1975308641975308,0.3142696805273545,0.0,0.0,0.0555555555555555,0.1049382716049382,0.2290614236454256,0.0,0.0,0.0,0.0,0.0,1.0,0.0,0.8181818181818182,0.6611570247933883,1.1134044285378082,25.0,9.0,29.545454545454547,17.702479338842977,24.959471280689627,0.0,0.0,0.0,0.0,0.0,0.0,0.0,0.4545454545454545,0.5785123966942148,0.6555547773570889,0.0,0.0,0.0,0.0,0.0,0.0,0.0,0.0,0.0,0.0,0.0,0.0,0.0909090909090909,0.165289256198347,0.2874797872880344,0.0,0.0,0.0,0.0,0.0,0.0,0.0,0.0,0.0,0.0,0.0,0.0,0.0,0.0,0.0,0.0,0.0,0.1818181818181818,0.2975206611570247,0.3856946079199349,0.0,0.0,0.0909090909090909,0.165289256198347,0.2874797872880344,0.0,0.0,0.0,0.0,0.0,11,3.1111111111111107,0,0.0,6,2.833333333333333,2.97222222222,5,0,0,0,1,2,3,0.0277777777799999,~
35,Diego Carlos,Santos Silva,DEF,AVL,?,"Diego Carlos (DEF, ?)",20,738,0,13,0,0,2,0,0,0,1,0,1,9,9,0.0,0.0,1.3333333333333333,1.8888888888888893,2.560381915956203,0.0,0.0,30.0,40.0,42.42640687119285,0.0,0.0,1.1111111111111112,1.3950617283950617,2.0245407953654,15.0,15.0,41.0,42.22222222222222,43.09292285283048,0.0,0.0,0.0,0.0,0.0,0.0,0.0,0.7222222222222222,0.882716049382716,0.989138545264714,0.0,0.0,0.0,0.0,0.0,0.0,0.0,0.0,0.0,0.0,0.0,0.0,0.1111111111111111,0.1975308641975308,0.3142696805273545,0.0,0.0,0.0,0.0,0.0,0.0,0.0,0.0,0.0,0.0,0.0,0.0,0.0,0.0,0.0,0.0,0.0,0.0555555555555555,0.1049382716049382,0.2290614236454256,0.0,0.0,0.0,0.0,0.0,0.0,0.0,0.0555555555555555,0.1049382716049382,0.2290614236454256,1.0,1.0,2.2222222222222223,1.9012345679012344,2.3934065809486684,90.0,0.0,82.0,12.444444444444445,18.76166303929372,0.0,0.0,0.0,0.0,0.0,2.0,1.0,1.4444444444444444,0.8395061728395061,0.955813918560292,0.0,0.0,0.0,0.0,0.0,0.0,0.0,0.0,0.0,0.0,0.0,0.0,0.2222222222222222,0.345679012345679,0.415739709641549,0.0,0.0,0.0,0.0,0.0,0.0,0.0,0.0,0.0,0.0,0.0,0.0,0.0,0.0,0.0,0.0,0.0,0.1111111111111111,0.1975308641975308,0.3142696805273544,0.0,0.0,0.0,0.0,0.0,0.0,0.0,0.1111111111111111,0.1975308641975308,0.3142696805273544,11,0.0,-15,0.0,0,0.0,0.0,5,1,0,0,0,0,1,1.0,~
49,Tyrone,Mings,DEF,AVL,?,"Mings (DEF, ?)",2,90,0,1,0,0,0,0,0,0,0,0,0,1,17,0.0,0.0,0.3333333333333333,0.5555555555555557,0.74535599249993,0.0,0.0,15.0,25.0,33.54101966249684,0.0,0.0,0.1111111111111111,0.2098765432098765,0.4581228472908512,0.0,0.0,5.0,9.444444444444445,20.615528128088304,0.0,0.0,0.0,0.0,0.0,0.0,0.0,0.0555555555555555,0.1049382716049382,0.2290614236454256,0.0,0.0,0.0,0.0,0.0,0.0,0.0,0.0,0.0,0.0,0.0,0.0,0.0,0.0,0.0,0.0,0.0,0.0,0.0,0.0,0.0,0.0,0.0,0.0,0.0,0.0,0.0,0.0,0.0,0.0,0.0,0.0,0.0,0.0,0.0,0.0,0.0,0.0,0.0,0.0,0.0,0.0,0.0,0.0,0.0,2.0,0.0,2.0,0.0,0.0,90.0,0.0,90.0,0.0,0.0,0.0,0.0,0.0,0.0,0.0,1.0,0.0,1.0,0.0,0.0,0.0,0.0,0.0,0.0,0.0,0.0,0.0,0.0,0.0,0.0,0.0,0.0,0.0,0.0,0.0,0.0,0.0,0.0,0.0,0.0,0.0,0.0,0.0,0.0,0.0,0.0,0.0,0.0,0.0,0.0,0.0,0.0,0.0,0.0,0.0,0.0,0.0,0.0,0.0,0.0,0.0,0.0,0.0,0.0,0.0,11,0.0,-15,0.0,0,0.0,0.0,5,1,2,9,1,1,14,14.0,6↑
50,Kosta,Nedeljković,DEF,AVL,?,"Nedeljkovic (DEF, ?)",4,114,0,3,0,0,0,0,0,0,0,0,0,4,14,0.0,0.0,0.1666666666666666,0.2777777777777777,0.372677996249965,0.0,0.0,3.5,5.833333333333333,7.826237921249264,0.0,0.0,0.2222222222222222,0.345679012345679,0.415739709641549,0.0,0.0,6.333333333333333,9.851851851851851,17.28840330651992,0.0,0.0,0.0,0.0,0.0,0.0,0.0,0.1666666666666666,0.2962962962962963,0.4999999999999999,0.0,0.0,0.0,0.0,0.0,0.0,0.0,0.0,0.0,0.0,0.0,0.0,0.0,0.0,0.0,0.0,0.0,0.0,0.0,0.0,0.0,0.0,0.0,0.0,0.0,0.0,0.0,0.0,0.0,0.0,0.0,0.0,0.0,0.0,0.0,0.0,0.0,0.0,0.0,0.0,0.0,0.0,0.0,0.0,0.0,1.0,0.0,1.0,0.0,0.0,16.0,6.5,28.5,22.75,26.706740722147284,0.0,0.0,0.0,0.0,0.0,0.5,0.5,0.75,0.75,0.82915619758885,0.0,0.0,0.0,0.0,0.0,0.0,0.0,0.0,0.0,0.0,0.0,0.0,0.0,0.0,0.0,0.0,0.0,0.0,0.0,0.0,0.0,0.0,0.0,0.0,0.0,0.0,0.0,0.0,0.0,0.0,0.0,0.0,0.0,0.0,0.0,0.0,0.0,0.0,0.0,0.0,0.0,0.0,0.0,0.0,0.0,11,0.0,-15,0.0,0,0.0,0.0,5,0,0,0,0,0,0,0.0,~
51,Robin,Olsen,GKP,AVL,?,"Olsen (GKP, ?)",1,45,0,1,0,0,0,2,0,0,0,0,0,1,17,0.0,0.0,0.1666666666666666,0.2777777777777778,0.372677996249965,0.0,0.0,7.5,12.5,16.77050983124842,0.0,0.0,0.0555555555555555,0.1049382716049382,0.2290614236454256,0.0,0.0,2.5,4.722222222222222,10.307764064044152,0.0,0.0,0.0,0.0,0.0,0.0,0.0,0.0555555555555555,0.1049382716049382,0.2290614236454256,0.0,0.0,0.0,0.0,0.0,0.0,0.0,0.0,0.0,0.0,0.0,0.0,0.0,0.0,0.0,0.0,0.0,0.1111111111111111,0.2098765432098765,0.4581228472908512,0.0,0.0,0.0,0.0,0.0,0.0,0.0,0.0,0.0,0.0,0.0,0.0,0.0,0.0,0.0,0.0,0.0,0.0,0.0,0.0,0.0,0.0,0.0,0.0,0.0,1.0,0.0,1.0,0.0,0.0,45.0,0.0,45.0,0.0,0.0,0.0,0.0,0.0,0.0,0.0,1.0,0.0,1.0,0.0,0.0,0.0,0.0,0.0,0.0,0.0,0.0,0.0,0.0,0.0,0.0,0.0,0.0,0.0,0.0,0.0,2.0,0.0,2.0,0.0,0.0,0.0,0.0,0.0,0.0,0.0,0.0,0.0,0.0,0.0,0.0,0.0,0.0,0.0,0.0,0.0,0.0,0.0,0.0,0.0,0.0,0.0,0.0,0.0,0.0,0.0,11,0.0,-15,0.0,0,0.0,0.0,5,0,0,0,0,0,0,0.0,~
53,Jacob,Ramsey,MID,AVL,?,"Ramsey (MID, ?)",22,632,0,14,0,2,0,0,0,0,1,0,0,10,8,0.0,0.0,0.0,0.0,0.0,0.0,0.0,0.0,0.0,0.0,1.0,1.0,1.2222222222222223,1.1604938271604937,1.4358719981466763,26.5,26.5,35.111111111111114,33.123456790123456,35.65403029873635,0.0,0.0,0.0,0.0,0.0,0.5,0.5,0.7777777777777778,0.7777777777777779,0.9162456945817024,0.0,0.0,0.0,0.0,0.0,0.0,0.0,0.1111111111111111,0.1975308641975308,0.3142696805273545,0.0,0.0,0.0,0.0,0.0,0.0,0.0,0.0,0.0,0.0,0.0,0.0,0.0,0.0,0.0,0.0,0.0,0.0,0.0,0.0,0.0,0.0,0.0555555555555555,0.1049382716049382,0.2290614236454256,0.0,0.0,0.0,0.0,0.0,0.0,0.0,0.0,0.0,0.0,2.0,0.5,2.2,0.92,1.2489995996796797,65.5,18.5,63.2,18.8,22.648620267027304,0.0,0.0,0.0,0.0,0.0,1.0,0.5,1.4,0.68,0.8,0.0,0.0,0.0,0.0,0.0,0.0,0.0,0.2,0.32,0.4000000000000001,0.0,0.0,0.0,0.0,0.0,0.0,0.0,0.0,0.0,0.0,0.0,0.0,0.0,0.0,0.0,0.0,0.0,0.0,0.0,0.0,0.0,0.0,0.1,0.18,0.3,0.0,0.0,0.0,0.0,0.0,0.0,0.0,0.0,0.0,0.0,11,6.222222222222221,0,0.0,6,5.666666666666667,5.94444444444,5,1,2,3,2,10,18,12.05555555556,6↑
598,Lamare,Bogarde,DEF,AVL,?,"Bogarde (DEF, ?)",2,213,0,5,0,0,0,0,0,0,1,0,0,3,15,0.0,0.0,0.0,0.0,0.0,0.0,0.0,0.0,0.0,0.0,0.0,0.0,0.1111111111111111,0.1975308641975308,0.3142696805273545,0.0,0.0,11.833333333333334,19.72222222222222,27.576660824367806,0.0,0.0,0.0,0.0,0.0,0.0,0.0,0.2777777777777778,0.462962962962963,0.6502611061510903,0.0,0.0,0.0,0.0,0.0,0.0,0.0,0.0,0.0,0.0,0.0,0.0,0.0,0.0,0.0,0.0,0.0,0.0,0.0,0.0,0.0,0.0,0.0,0.0,0.0,0.0,0.0,0.0,0.0,0.0,0.0,0.0,0.0555555555555555,0.1049382716049382,0.2290614236454256,0.0,0.0,0.0,0.0,0.0,0.0,0.0,0.0,0.0,0.0,1.0,0.0,0.6666666666666666,0.4444444444444445,0.4714045207910317,78.0,12.0,71.0,17.333333333333332,19.026297590440446,0.0,0.0,0.0,0.0,0.0,2.0,0.0,1.6666666666666667,0.4444444444444444,0.4714045207910317,0.0,0.0,0.0,0.0,0.0,0.0,0.0,0.0,0.0,0.0,0.0,0.0,0.0,0.0,0.0,0.0,0.0,0.0,0.0,0.0,0.0,0.0,0.0,0.0,0.0,0.0,0.0,0.0,0.0,0.0,0.0,0.0,0.3333333333333333,0.4444444444444444,0.4714045207910317,0.0,0.0,0.0,0.0,0.0,0.0,0.0,0.0,0.0,0.0,11,0.0,-15,0.0,0,0.0,0.0,5,0,0,0,1,0,1,1.0,~
30,Enzo,Barrenechea,MID,AVL,?,"Barrenechea (MID, ?)",0,0,0,0,0,0,0,0,0,0,0,0,0,0,18,0.0,0.0,0.0,0.0,0.0,0.0,0.0,0.0,0.0,0.0,0.0,0.0,0.0,0.0,0.0,0.0,0.0,0.0,0.0,0.0,0.0,0.0,0.0,0.0,0.0,0.0,0.0,0.0,0.0,0.0,0.0,0.0,0.0,0.0,0.0,0.0,0.0,0.0,0.0,0.0,0.0,0.0,0.0,0.0,0.0,0.0,0.0,0.0,0.0,0.0,0.0,0.0,0.0,0.0,0.0,0.0,0.0,0.0,0.0,0.0,0.0,0.0,0.0,0.0,0.0,0.0,0.0,0.0,0.0,0.0,0.0,0.0,0.0,0.0,0.0,0.0,0.0,0.0,0.0,0.0,0.0,0.0,0.0,0.0,0.0,0.0,0.0,0.0,0.0,0.0,0.0,0.0,0.0,0.0,0.0,0.0,0.0,0.0,0.0,0.0,0.0,0.0,0.0,0.0,0.0,0.0,0.0,0.0,0.0,0.0,0.0,0.0,0.0,0.0,0.0,0.0,0.0,0.0,0.0,0.0,0.0,0.0,0.0,0.0,0.0,0.0,0.0,0.0,0.0,0.0,0.0,0.0,0.0,0.0,0.0,0.0,0.0,0.0,0.0,0.0,11,0.0,0,0.0,6,0.0,0.0,5,0,0,0,0,0,0,0.0,~
33,Leander,Dendoncker,MID,AVL,?,"Dendoncker (MID, ?)",0,0,0,0,0,0,0,0,0,0,0,0,0,0,18,0.0,0.0,0.0,0.0,0.0,0.0,0.0,0.0,0.0,0.0,0.0,0.0,0.0,0.0,0.0,0.0,0.0,0.0,0.0,0.0,0.0,0.0,0.0,0.0,0.0,0.0,0.0,0.0,0.0,0.0,0.0,0.0,0.0,0.0,0.0,0.0,0.0,0.0,0.0,0.0,0.0,0.0,0.0,0.0,0.0,0.0,0.0,0.0,0.0,0.0,0.0,0.0,0.0,0.0,0.0,0.0,0.0,0.0,0.0,0.0,0.0,0.0,0.0,0.0,0.0,0.0,0.0,0.0,0.0,0.0,0.0,0.0,0.0,0.0,0.0,0.0,0.0,0.0,0.0,0.0,0.0,0.0,0.0,0.0,0.0,0.0,0.0,0.0,0.0,0.0,0.0,0.0,0.0,0.0,0.0,0.0,0.0,0.0,0.0,0.0,0.0,0.0,0.0,0.0,0.0,0.0,0.0,0.0,0.0,0.0,0.0,0.0,0.0,0.0,0.0,0.0,0.0,0.0,0.0,0.0,0.0,0.0,0.0,0.0,0.0,0.0,0.0,0.0,0.0,0.0,0.0,0.0,0.0,0.0,0.0,0.0,0.0,0.0,0.0,0.0,11,0.0,0,0.0,6,0.0,0.0,5,0,0,0,0,0,0,0.0,~
34,Moussa,Diaby,MID,AVL,?,"Diaby (MID, ?)",0,0,0,0,0,0,0,0,0,0,0,0,0,0,18,0.0,0.0,0.0,0.0,0.0,0.0,0.0,0.0,0.0,0.0,0.0,0.0,0.0,0.0,0.0,0.0,0.0,0.0,0.0,0.0,0.0,0.0,0.0,0.0,0.0,0.0,0.0,0.0,0.0,0.0,0.0,0.0,0.0,0.0,0.0,0.0,0.0,0.0,0.0,0.0,0.0,0.0,0.0,0.0,0.0,0.0,0.0,0.0,0.0,0.0,0.0,0.0,0.0,0.0,0.0,0.0,0.0,0.0,0.0,0.0,0.0,0.0,0.0,0.0,0.0,0.0,0.0,0.0,0.0,0.0,0.0,0.0,0.0,0.0,0.0,0.0,0.0,0.0,0.0,0.0,0.0,0.0,0.0,0.0,0.0,0.0,0.0,0.0,0.0,0.0,0.0,0.0,0.0,0.0,0.0,0.0,0.0,0.0,0.0,0.0,0.0,0.0,0.0,0.0,0.0,0.0,0.0,0.0,0.0,0.0,0.0,0.0,0.0,0.0,0.0,0.0,0.0,0.0,0.0,0.0,0.0,0.0,0.0,0.0,0.0,0.0,0.0,0.0,0.0,0.0,0.0,0.0,0.0,0.0,0.0,0.0,0.0,0.0,0.0,0.0,11,0.0,0,0.0,6,0.0,0.0,5,0,0,0,0,0,0,0.0,~
37,Lewis,Dobbin,MID,AVL,?,"Dobbin (MID, ?)",0,0,0,0,0,0,0,0,0,0,0,0,0,0,18,0.0,0.0,0.0,0.0,0.0,0.0,0.0,0.0,0.0,0.0,0.0,0.0,0.0,0.0,0.0,0.0,0.0,0.0,0.0,0.0,0.0,0.0,0.0,0.0,0.0,0.0,0.0,0.0,0.0,0.0,0.0,0.0,0.0,0.0,0.0,0.0,0.0,0.0,0.0,0.0,0.0,0.0,0.0,0.0,0.0,0.0,0.0,0.0,0.0,0.0,0.0,0.0,0.0,0.0,0.0,0.0,0.0,0.0,0.0,0.0,0.0,0.0,0.0,0.0,0.0,0.0,0.0,0.0,0.0,0.0,0.0,0.0,0.0,0.0,0.0,0.0,0.0,0.0,0.0,0.0,0.0,0.0,0.0,0.0,0.0,0.0,0.0,0.0,0.0,0.0,0.0,0.0,0.0,0.0,0.0,0.0,0.0,0.0,0.0,0.0,0.0,0.0,0.0,0.0,0.0,0.0,0.0,0.0,0.0,0.0,0.0,0.0,0.0,0.0,0.0,0.0,0.0,0.0,0.0,0.0,0.0,0.0,0.0,0.0,0.0,0.0,0.0,0.0,0.0,0.0,0.0,0.0,0.0,0.0,0.0,0.0,0.0,0.0,0.0,0.0,11,0.0,0,0.0,6,0.0,0.0,5,0,0,0,0,0,0,0.0,~
39,Joe,Gauci,GKP,AVL,?,"Gauci (GKP, ?)",0,0,0,0,0,0,0,0,0,0,0,0,0,0,18,0.0,0.0,0.0,0.0,0.0,0.0,0.0,0.0,0.0,0.0,0.0,0.0,0.0,0.0,0.0,0.0,0.0,0.0,0.0,0.0,0.0,0.0,0.0,0.0,0.0,0.0,0.0,0.0,0.0,0.0,0.0,0.0,0.0,0.0,0.0,0.0,0.0,0.0,0.0,0.0,0.0,0.0,0.0,0.0,0.0,0.0,0.0,0.0,0.0,0.0,0.0,0.0,0.0,0.0,0.0,0.0,0.0,0.0,0.0,0.0,0.0,0.0,0.0,0.0,0.0,0.0,0.0,0.0,0.0,0.0,0.0,0.0,0.0,0.0,0.0,0.0,0.0,0.0,0.0,0.0,0.0,0.0,0.0,0.0,0.0,0.0,0.0,0.0,0.0,0.0,0.0,0.0,0.0,0.0,0.0,0.0,0.0,0.0,0.0,0.0,0.0,0.0,0.0,0.0,0.0,0.0,0.0,0.0,0.0,0.0,0.0,0.0,0.0,0.0,0.0,0.0,0.0,0.0,0.0,0.0,0.0,0.0,0.0,0.0,0.0,0.0,0.0,0.0,0.0,0.0,0.0,0.0,0.0,0.0,0.0,0.0,0.0,0.0,0.0,0.0,11,0.0,-15,0.0,0,0.0,0.0,5,0,0,0,0,0,0,0.0,~
40,Kortney,Hause,DEF,AVL,?,"Hause (DEF, ?)",0,0,0,0,0,0,0,0,0,0,0,0,0,0,18,0.0,0.0,0.0,0.0,0.0,0.0,0.0,0.0,0.0,0.0,0.0,0.0,0.0,0.0,0.0,0.0,0.0,0.0,0.0,0.0,0.0,0.0,0.0,0.0,0.0,0.0,0.0,0.0,0.0,0.0,0.0,0.0,0.0,0.0,0.0,0.0,0.0,0.0,0.0,0.0,0.0,0.0,0.0,0.0,0.0,0.0,0.0,0.0,0.0,0.0,0.0,0.0,0.0,0.0,0.0,0.0,0.0,0.0,0.0,0.0,0.0,0.0,0.0,0.0,0.0,0.0,0.0,0.0,0.0,0.0,0.0,0.0,0.0,0.0,0.0,0.0,0.0,0.0,0.0,0.0,0.0,0.0,0.0,0.0,0.0,0.0,0.0,0.0,0.0,0.0,0.0,0.0,0.0,0.0,0.0,0.0,0.0,0.0,0.0,0.0,0.0,0.0,0.0,0.0,0.0,0.0,0.0,0.0,0.0,0.0,0.0,0.0,0.0,0.0,0.0,0.0,0.0,0.0,0.0,0.0,0.0,0.0,0.0,0.0,0.0,0.0,0.0,0.0,0.0,0.0,0.0,0.0,0.0,0.0,0.0,0.0,0.0,0.0,0.0,0.0,11,0.0,-15,0.0,0,0.0,0.0,5,0,0,0,0,0,0,0.0,~
41,Samuel,Iling-Junior,MID,AVL,?,"Iling Jr (MID, ?)",0,0,0,0,0,0,0,0,0,0,0,0,0,0,18,0.0,0.0,0.0,0.0,0.0,0.0,0.0,0.0,0.0,0.0,0.0,0.0,0.0,0.0,0.0,0.0,0.0,0.0,0.0,0.0,0.0,0.0,0.0,0.0,0.0,0.0,0.0,0.0,0.0,0.0,0.0,0.0,0.0,0.0,0.0,0.0,0.0,0.0,0.0,0.0,0.0,0.0,0.0,0.0,0.0,0.0,0.0,0.0,0.0,0.0,0.0,0.0,0.0,0.0,0.0,0.0,0.0,0.0,0.0,0.0,0.0,0.0,0.0,0.0,0.0,0.0,0.0,0.0,0.0,0.0,0.0,0.0,0.0,0.0,0.0,0.0,0.0,0.0,0.0,0.0,0.0,0.0,0.0,0.0,0.0,0.0,0.0,0.0,0.0,0.0,0.0,0.0,0.0,0.0,0.0,0.0,0.0,0.0,0.0,0.0,0.0,0.0,0.0,0.0,0.0,0.0,0.0,0.0,0.0,0.0,0.0,0.0,0.0,0.0,0.0,0.0,0.0,0.0,0.0,0.0,0.0,0.0,0.0,0.0,0.0,0.0,0.0,0.0,0.0,0.0,0.0,0.0,0.0,0.0,0.0,0.0,0.0,0.0,0.0,0.0,11,0.0,0,0.0,6,0.0,0.0,5,0,0,0,0,0,0,0.0,~
43,Kaine,Kesler-Hayden,DEF,AVL,?,"Kesler-Hayden (DEF, ?)",0,0,0,0,0,0,0,0,0,0,0,0,0,0,18,0.0,0.0,0.0,0.0,0.0,0.0,0.0,0.0,0.0,0.0,0.0,0.0,0.0,0.0,0.0,0.0,0.0,0.0,0.0,0.0,0.0,0.0,0.0,0.0,0.0,0.0,0.0,0.0,0.0,0.0,0.0,0.0,0.0,0.0,0.0,0.0,0.0,0.0,0.0,0.0,0.0,0.0,0.0,0.0,0.0,0.0,0.0,0.0,0.0,0.0,0.0,0.0,0.0,0.0,0.0,0.0,0.0,0.0,0.0,0.0,0.0,0.0,0.0,0.0,0.0,0.0,0.0,0.0,0.0,0.0,0.0,0.0,0.0,0.0,0.0,0.0,0.0,0.0,0.0,0.0,0.0,0.0,0.0,0.0,0.0,0.0,0.0,0.0,0.0,0.0,0.0,0.0,0.0,0.0,0.0,0.0,0.0,0.0,0.0,0.0,0.0,0.0,0.0,0.0,0.0,0.0,0.0,0.0,0.0,0.0,0.0,0.0,0.0,0.0,0.0,0.0,0.0,0.0,0.0,0.0,0.0,0.0,0.0,0.0,0.0,0.0,0.0,0.0,0.0,0.0,0.0,0.0,0.0,0.0,0.0,0.0,0.0,0.0,0.0,0.0,11,0.0,-15,0.0,0,0.0,0.0,5,0,0,0,0,0,0,0.0,~
46,Filip,Marschall,GKP,AVL,?,"Marschall (GKP, ?)",0,0,0,0,0,0,0,0,0,0,0,0,0,0,18,0.0,0.0,0.0,0.0,0.0,0.0,0.0,0.0,0.0,0.0,0.0,0.0,0.0,0.0,0.0,0.0,0.0,0.0,0.0,0.0,0.0,0.0,0.0,0.0,0.0,0.0,0.0,0.0,0.0,0.0,0.0,0.0,0.0,0.0,0.0,0.0,0.0,0.0,0.0,0.0,0.0,0.0,0.0,0.0,0.0,0.0,0.0,0.0,0.0,0.0,0.0,0.0,0.0,0.0,0.0,0.0,0.0,0.0,0.0,0.0,0.0,0.0,0.0,0.0,0.0,0.0,0.0,0.0,0.0,0.0,0.0,0.0,0.0,0.0,0.0,0.0,0.0,0.0,0.0,0.0,0.0,0.0,0.0,0.0,0.0,0.0,0.0,0.0,0.0,0.0,0.0,0.0,0.0,0.0,0.0,0.0,0.0,0.0,0.0,0.0,0.0,0.0,0.0,0.0,0.0,0.0,0.0,0.0,0.0,0.0,0.0,0.0,0.0,0.0,0.0,0.0,0.0,0.0,0.0,0.0,0.0,0.0,0.0,0.0,0.0,0.0,0.0,0.0,0.0,0.0,0.0,0.0,0.0,0.0,0.0,0.0,0.0,0.0,0.0,0.0,11,0.0,-15,0.0,0,0.0,0.0,5,0,0,0,0,0,0,0.0,~
55,Viljami,Sinisalo,GKP,AVL,?,"Sinisalo (GKP, ?)",0,0,0,0,0,0,0,0,0,0,0,0,0,0,18,0.0,0.0,0.0,0.0,0.0,0.0,0.0,0.0,0.0,0.0,0.0,0.0,0.0,0.0,0.0,0.0,0.0,0.0,0.0,0.0,0.0,0.0,0.0,0.0,0.0,0.0,0.0,0.0,0.0,0.0,0.0,0.0,0.0,0.0,0.0,0.0,0.0,0.0,0.0,0.0,0.0,0.0,0.0,0.0,0.0,0.0,0.0,0.0,0.0,0.0,0.0,0.0,0.0,0.0,0.0,0.0,0.0,0.0,0.0,0.0,0.0,0.0,0.0,0.0,0.0,0.0,0.0,0.0,0.0,0.0,0.0,0.0,0.0,0.0,0.0,0.0,0.0,0.0,0.0,0.0,0.0,0.0,0.0,0.0,0.0,0.0,0.0,0.0,0.0,0.0,0.0,0.0,0.0,0.0,0.0,0.0,0.0,0.0,0.0,0.0,0.0,0.0,0.0,0.0,0.0,0.0,0.0,0.0,0.0,0.0,0.0,0.0,0.0,0.0,0.0,0.0,0.0,0.0,0.0,0.0,0.0,0.0,0.0,0.0,0.0,0.0,0.0,0.0,0.0,0.0,0.0,0.0,0.0,0.0,0.0,0.0,0.0,0.0,0.0,0.0,11,0.0,-15,0.0,0,0.0,0.0,5,0,0,0,0,0,0,0.0,~
56,Lino,da Cruz Sousa,DEF,AVL,?,"Sousa (DEF, ?)",0,0,0,0,0,0,0,0,0,0,0,0,0,0,18,0.0,0.0,0.0,0.0,0.0,0.0,0.0,0.0,0.0,0.0,0.0,0.0,0.0,0.0,0.0,0.0,0.0,0.0,0.0,0.0,0.0,0.0,0.0,0.0,0.0,0.0,0.0,0.0,0.0,0.0,0.0,0.0,0.0,0.0,0.0,0.0,0.0,0.0,0.0,0.0,0.0,0.0,0.0,0.0,0.0,0.0,0.0,0.0,0.0,0.0,0.0,0.0,0.0,0.0,0.0,0.0,0.0,0.0,0.0,0.0,0.0,0.0,0.0,0.0,0.0,0.0,0.0,0.0,0.0,0.0,0.0,0.0,0.0,0.0,0.0,0.0,0.0,0.0,0.0,0.0,0.0,0.0,0.0,0.0,0.0,0.0,0.0,0.0,0.0,0.0,0.0,0.0,0.0,0.0,0.0,0.0,0.0,0.0,0.0,0.0,0.0,0.0,0.0,0.0,0.0,0.0,0.0,0.0,0.0,0.0,0.0,0.0,0.0,0.0,0.0,0.0,0.0,0.0,0.0,0.0,0.0,0.0,0.0,0.0,0.0,0.0,0.0,0.0,0.0,0.0,0.0,0.0,0.0,0.0,0.0,0.0,0.0,0.0,0.0,0.0,11,0.0,-15,0.0,0,0.0,0.0,5,0,0,0,0,0,0,0.0,~
640,Sil,Swinkels,DEF,AVL,?,"Swinkels (DEF, ?)",0,0,0,0,0,0,0,0,0,0,0,0,0,0,18,0.0,0.0,0.0,0.0,0.0,0.0,0.0,0.0,0.0,0.0,0.0,0.0,0.0,0.0,0.0,0.0,0.0,0.0,0.0,0.0,0.0,0.0,0.0,0.0,0.0,0.0,0.0,0.0,0.0,0.0,0.0,0.0,0.0,0.0,0.0,0.0,0.0,0.0,0.0,0.0,0.0,0.0,0.0,0.0,0.0,0.0,0.0,0.0,0.0,0.0,0.0,0.0,0.0,0.0,0.0,0.0,0.0,0.0,0.0,0.0,0.0,0.0,0.0,0.0,0.0,0.0,0.0,0.0,0.0,0.0,0.0,0.0,0.0,0.0,0.0,0.0,0.0,0.0,0.0,0.0,0.0,0.0,0.0,0.0,0.0,0.0,0.0,0.0,0.0,0.0,0.0,0.0,0.0,0.0,0.0,0.0,0.0,0.0,0.0,0.0,0.0,0.0,0.0,0.0,0.0,0.0,0.0,0.0,0.0,0.0,0.0,0.0,0.0,0.0,0.0,0.0,0.0,0.0,0.0,0.0,0.0,0.0,0.0,0.0,0.0,0.0,0.0,0.0,0.0,0.0,0.0,0.0,0.0,0.0,0.0,0.0,0.0,0.0,0.0,0.0,11,0.0,-15,0.0,0,0.0,0.0,5,0,0,0,0,0,0,0.0,~
641,Oliwier,Zych,GKP,AVL,?,"Zych (GKP, ?)",0,0,0,0,0,0,0,0,0,0,0,0,0,0,18,0.0,0.0,0.0,0.0,0.0,0.0,0.0,0.0,0.0,0.0,0.0,0.0,0.0,0.0,0.0,0.0,0.0,0.0,0.0,0.0,0.0,0.0,0.0,0.0,0.0,0.0,0.0,0.0,0.0,0.0,0.0,0.0,0.0,0.0,0.0,0.0,0.0,0.0,0.0,0.0,0.0,0.0,0.0,0.0,0.0,0.0,0.0,0.0,0.0,0.0,0.0,0.0,0.0,0.0,0.0,0.0,0.0,0.0,0.0,0.0,0.0,0.0,0.0,0.0,0.0,0.0,0.0,0.0,0.0,0.0,0.0,0.0,0.0,0.0,0.0,0.0,0.0,0.0,0.0,0.0,0.0,0.0,0.0,0.0,0.0,0.0,0.0,0.0,0.0,0.0,0.0,0.0,0.0,0.0,0.0,0.0,0.0,0.0,0.0,0.0,0.0,0.0,0.0,0.0,0.0,0.0,0.0,0.0,0.0,0.0,0.0,0.0,0.0,0.0,0.0,0.0,0.0,0.0,0.0,0.0,0.0,0.0,0.0,0.0,0.0,0.0,0.0,0.0,0.0,0.0,0.0,0.0,0.0,0.0,0.0,0.0,0.0,0.0,0.0,0.0,11,0.0,-15,0.0,0,0.0,0.0,5,0,0,0,0,0,0,0.0,~
656,Kadan,Young,MID,AVL,?,"Young (MID, ?)",0,0,0,0,0,0,0,0,0,0,0,0,0,0,18,0.0,0.0,0.0,0.0,0.0,0.0,0.0,0.0,0.0,0.0,0.0,0.0,0.0,0.0,0.0,0.0,0.0,0.0,0.0,0.0,0.0,0.0,0.0,0.0,0.0,0.0,0.0,0.0,0.0,0.0,0.0,0.0,0.0,0.0,0.0,0.0,0.0,0.0,0.0,0.0,0.0,0.0,0.0,0.0,0.0,0.0,0.0,0.0,0.0,0.0,0.0,0.0,0.0,0.0,0.0,0.0,0.0,0.0,0.0,0.0,0.0,0.0,0.0,0.0,0.0,0.0,0.0,0.0,0.0,0.0,0.0,0.0,0.0,0.0,0.0,0.0,0.0,0.0,0.0,0.0,0.0,0.0,0.0,0.0,0.0,0.0,0.0,0.0,0.0,0.0,0.0,0.0,0.0,0.0,0.0,0.0,0.0,0.0,0.0,0.0,0.0,0.0,0.0,0.0,0.0,0.0,0.0,0.0,0.0,0.0,0.0,0.0,0.0,0.0,0.0,0.0,0.0,0.0,0.0,0.0,0.0,0.0,0.0,0.0,0.0,0.0,0.0,0.0,0.0,0.0,0.0,0.0,0.0,0.0,0.0,0.0,0.0,0.0,0.0,0.0,11,0.0,0,0.0,6,0.0,0.0,5,0,0,0,0,0,0,0.0,~
679,Ben,Broggio,MID,AVL,?,"Broggio (MID, ?)",0,0,0,0,0,0,0,0,0,0,0,0,0,0,18,0.0,0.0,0.0,0.0,0.0,0.0,0.0,0.0,0.0,0.0,0.0,0.0,0.0,0.0,0.0,0.0,0.0,0.0,0.0,0.0,0.0,0.0,0.0,0.0,0.0,0.0,0.0,0.0,0.0,0.0,0.0,0.0,0.0,0.0,0.0,0.0,0.0,0.0,0.0,0.0,0.0,0.0,0.0,0.0,0.0,0.0,0.0,0.0,0.0,0.0,0.0,0.0,0.0,0.0,0.0,0.0,0.0,0.0,0.0,0.0,0.0,0.0,0.0,0.0,0.0,0.0,0.0,0.0,0.0,0.0,0.0,0.0,0.0,0.0,0.0,0.0,0.0,0.0,0.0,0.0,0.0,0.0,0.0,0.0,0.0,0.0,0.0,0.0,0.0,0.0,0.0,0.0,0.0,0.0,0.0,0.0,0.0,0.0,0.0,0.0,0.0,0.0,0.0,0.0,0.0,0.0,0.0,0.0,0.0,0.0,0.0,0.0,0.0,0.0,0.0,0.0,0.0,0.0,0.0,0.0,0.0,0.0,0.0,0.0,0.0,0.0,0.0,0.0,0.0,0.0,0.0,0.0,0.0,0.0,0.0,0.0,0.0,0.0,0.0,0.0,11,0.0,0,0.0,6,0.0,0.0,5,0,0,0,0,0,0,0.0,~
122,Pervis,Estupiñán,DEF,BHA,?,"Estupiñan (DEF, ?)",26,1152,0,22,0,1,1,0,0,0,3,0,3,15,3,2.5,1.5,3.0,2.0,2.0816659994661326,90.0,0.0,90.0,0.0,0.0,1.0,1.0,1.4444444444444444,1.3086419753086418,1.7708197167232471,90.0,0.0,64.0,33.666666666666664,36.9729630946723,0.0,0.0,0.0,0.0,0.0,1.0,1.0,1.2222222222222223,1.0493827160493825,1.227262335243029,0.0,0.0,0.0,0.0,0.0,0.0,0.0,0.0555555555555555,0.1049382716049382,0.2290614236454256,0.0,0.0,0.0555555555555555,0.1049382716049382,0.2290614236454256,0.0,0.0,0.0,0.0,0.0,0.0,0.0,0.0,0.0,0.0,0.0,0.0,0.0,0.0,0.0,0.0,0.0,0.1666666666666666,0.2777777777777778,0.3726779962499649,0.0,0.0,0.0,0.0,0.0,0.0,0.0,0.1666666666666666,0.2962962962962963,0.4999999999999999,1.0,0.0,1.7333333333333334,1.3777777777777778,1.8061622912192088,90.0,0.0,76.8,19.92,25.639032743065798,0.0,0.0,0.0,0.0,0.0,1.0,1.0,1.4666666666666666,1.031111111111111,1.2036980056845192,0.0,0.0,0.0,0.0,0.0,0.0,0.0,0.0666666666666666,0.1244444444444444,0.2494438257849294,0.0,0.0,0.0666666666666666,0.1244444444444444,0.2494438257849294,0.0,0.0,0.0,0.0,0.0,0.0,0.0,0.0,0.0,0.0,0.0,0.0,0.0,0.0,0.0,0.0,0.0,0.2,0.32,0.4000000000000001,0.0,0.0,0.0,0.0,0.0,0.0,0.0,0.2,0.3466666666666667,0.5416025603090641,13,6.444444444444445,17,6.888888888888888,0,0.0,6.66666666667,5,0,2,9,2,0,13,6.33333333333,4↑
136,Mitoma,Kaoru,MID,BHA,?,"Mitoma (MID, ?)",68,1512,3,24,0,3,3,0,0,0,0,0,6,18,0,2.0,0.0,3.5,2.1666666666666665,2.9297326385411577,89.0,1.0,84.66666666666667,6.444444444444443,8.615231988880057,2.0,0.5,3.7777777777777777,2.2592592592592595,2.678215731820877,89.0,1.0,84.0,8.0,14.20093893609386,0.0,0.0,0.1666666666666666,0.2777777777777778,0.3726779962499649,1.0,1.0,1.3333333333333333,0.8888888888888888,1.1055415967851334,0.0,0.0,0.0,0.0,0.0,0.0,0.0,0.1666666666666666,0.2777777777777778,0.3726779962499649,0.0,0.0,0.1666666666666666,0.2777777777777778,0.372677996249965,0.0,0.0,0.0,0.0,0.0,0.0,0.0,0.0,0.0,0.0,0.0,0.0,0.0,0.0,0.0,0.0,0.0,0.0,0.0,0.0,0.0,0.0,0.0,0.0,0.0,0.0,0.0,0.3333333333333333,0.5555555555555556,0.816496580927726,2.0,0.5,3.7777777777777777,2.2592592592592595,2.678215731820877,89.0,1.0,84.0,8.0,14.20093893609386,0.0,0.0,0.1666666666666666,0.2777777777777778,0.3726779962499649,1.0,1.0,1.3333333333333333,0.8888888888888888,1.1055415967851334,0.0,0.0,0.0,0.0,0.0,0.0,0.0,0.1666666666666666,0.2777777777777778,0.3726779962499649,0.0,0.0,0.1666666666666666,0.2777777777777778,0.372677996249965,0.0,0.0,0.0,0.0,0.0,0.0,0.0,0.0,0.0,0.0,0.0,0.0,0.0,0.0,0.0,0.0,0.0,0.0,0.0,0.0,0.0,0.0,0.0,0.0,0.0,0.0,0.0,0.3333333333333333,0.5555555555555556,0.816496580927726,13,10.72222222222222,0,0.0,9,10.5,10.61111111111,5,1,1,10,12,2,26,15.38888888889,6↑
115,Carlos,Baleba,MID,BHA,?,"Baleba (MID, ?)",42,1075,2,16,0,1,4,0,0,0,2,1,4,15,3,2.0,1.5,2.6666666666666665,2.222222222222222,3.0368111930481,88.5,1.5,67.0,29.666666666666668,34.058772731852805,2.0,1.0,2.333333333333333,2.111111111111112,3.2145502536643185,71.5,18.5,59.72222222222222,28.117283950617285,33.217809071432946,0.0,0.0,0.1111111111111111,0.1975308641975308,0.3142696805273545,0.0,0.0,0.8888888888888888,0.9876543209876544,1.2422599874998832,0.0,0.0,0.0,0.0,0.0,0.0,0.0,0.0555555555555555,0.1049382716049382,0.2290614236454256,0.0,0.0,0.2222222222222222,0.345679012345679,0.415739709641549,0.0,0.0,0.0,0.0,0.0,0.0,0.0,0.0,0.0,0.0,0.0,0.0,0.0,0.0,0.0,0.0,0.0,0.1111111111111111,0.1975308641975308,0.3142696805273545,0.0,0.0,0.0555555555555555,0.1049382716049382,0.2290614236454256,0.0,0.0,0.2222222222222222,0.3950617283950617,0.628539361054709,2.0,1.0,2.8,2.1600000000000006,3.330665599145812,79.0,11.0,71.66666666666667,17.866666666666664,21.635362000412403,0.0,0.0,0.1333333333333333,0.2311111111111111,0.339934634239519,1.0,1.0,1.0666666666666669,1.031111111111111,1.2892719737209146,0.0,0.0,0.0,0.0,0.0,0.0,0.0,0.0666666666666666,0.1244444444444444,0.2494438257849294,0.0,0.0,0.2666666666666666,0.3911111111111111,0.4422166387140533,0.0,0.0,0.0,0.0,0.0,0.0,0.0,0.0,0.0,0.0,0.0,0.0,0.0,0.0,0.0,0.0,0.0,0.1333333333333333,0.2311111111111111,0.339934634239519,0.0,0.0,0.0666666666666666,0.1244444444444444,0.2494438257849294,0.0,0.0,0.2666666666666666,0.4622222222222222,0.679869268479038,13,11.444444444444445,0,0.0,9,11.000000000000002,11.22222222222,5,1,2,3,1,1,8,-3.222222222219999,3↓
129,João Pedro,Junqueira de Jesus,FWD,BHA,?,"João Pedro (FWD, ?)",57,858,4,9,0,3,4,0,0,0,1,0,11,12,6,2.0,0.0,2.5,0.8333333333333334,1.118033988749895,84.5,5.5,81.66666666666667,8.333333333333334,8.806563209081936,2.0,2.0,3.1666666666666665,3.129629629629629,3.8188130791298662,66.5,23.5,47.66666666666666,37.481481481481474,38.94440481849308,0.0,0.0,0.2222222222222222,0.345679012345679,0.415739709641549,0.0,0.0,0.5,0.6666666666666666,0.8333333333333334,0.0,0.0,0.0,0.0,0.0,0.0,0.0,0.1666666666666666,0.2777777777777778,0.3726779962499649,0.0,0.0,0.2222222222222222,0.345679012345679,0.415739709641549,0.0,0.0,0.0,0.0,0.0,0.0,0.0,0.0,0.0,0.0,0.0,0.0,0.0,0.0,0.0,0.0,0.0,0.0555555555555555,0.1049382716049382,0.2290614236454256,0.0,0.0,0.0,0.0,0.0,0.0,0.0,0.6111111111111112,0.9506172839506172,1.1613636089092705,2.0,0.5,4.75,3.375,3.788689307223102,80.0,10.0,71.5,18.25,23.89386253134195,0.0,0.0,0.3333333333333333,0.4444444444444443,0.4714045207910317,0.5,0.5,0.75,0.75,0.924211375534118,0.0,0.0,0.0,0.0,0.0,0.0,0.0,0.25,0.375,0.4330127018922193,0.0,0.0,0.3333333333333333,0.4444444444444444,0.4714045207910317,0.0,0.0,0.0,0.0,0.0,0.0,0.0,0.0,0.0,0.0,0.0,0.0,0.0,0.0,0.0,0.0,0.0,0.0833333333333333,0.1527777777777777,0.2763853991962833,0.0,0.0,0.0,0.0,0.0,0.0,0.0,0.9166666666666666,1.222222222222222,1.3202482931462385,13,12.88888888888889,0,0.0,9,12.0,12.44444444444,5,9,9,1,2,1,22,9.55555555556,5↑
618,Georginio,Rutter,MID,BHA,?,"Georginio (MID, ?)",55,1002,2,18,0,4,4,0,0,0,2,0,1,17,1,2.0,0.0,1.6666666666666667,0.4444444444444444,0.4714045207910317,69.0,19.5,56.0,30.33333333333333,33.186342572409714,2.0,1.0,3.055555555555556,2.080246913580247,2.6764865489879788,68.5,8.0,55.66666666666666,26.481481481481485,30.760725320158205,0.0,0.0,0.1111111111111111,0.1975308641975308,0.3142696805273545,1.0,1.0,1.0,0.8888888888888888,1.1055415967851334,0.0,0.0,0.0,0.0,0.0,0.0,0.0,0.2222222222222222,0.345679012345679,0.415739709641549,0.0,0.0,0.2222222222222222,0.345679012345679,0.415739709641549,0.0,0.0,0.0,0.0,0.0,0.0,0.0,0.0,0.0,0.0,0.0,0.0,0.0,0.0,0.0,0.0,0.0,0.1111111111111111,0.1975308641975308,0.3142696805273545,0.0,0.0,0.0,0.0,0.0,0.0,0.0,0.0555555555555555,0.1049382716049382,0.2290614236454256,2.0,1.0,3.235294117647059,2.096885813148789,2.6464051480475272,70.0,7.0,58.94117647058823,23.031141868512112,28.44079627460462,0.0,0.0,0.1176470588235294,0.2076124567474048,0.3221897397089212,1.0,1.0,1.0588235294117647,0.8996539792387542,1.10988013318313,0.0,0.0,0.0,0.0,0.0,0.0,0.0,0.2352941176470588,0.3598615916955017,0.4241825029957634,0.0,0.0,0.2352941176470588,0.3598615916955017,0.4241825029957634,0.0,0.0,0.0,0.0,0.0,0.0,0.0,0.0,0.0,0.0,0.0,0.0,0.0,0.0,0.0,0.0,0.0,0.1176470588235294,0.2076124567474048,0.3221897397089212,0.0,0.0,0.0,0.0,0.0,0.0,0.0,0.0588235294117647,0.1107266435986159,0.2352941176470588,13,11.444444444444445,0,0.0,9,11.000000000000002,11.22222222222,5,1,1,6,6,1,15,3.777777777780001,3↑
146,Bart,Verbruggen,GKP,BHA,?,"Verbruggen (GKP, ?)",48,1440,0,25,0,0,3,48,0,0,2,0,4,16,2,1.5,0.5,2.833333333333333,2.111111111111111,2.852873794770615,90.0,0.0,90.0,0.0,0.0,2.0,1.0,2.6666666666666665,2.074074074074074,2.8087165910587863,90.0,0.0,80.0,17.77777777777778,28.284271247461906,0.0,0.0,0.0,0.0,0.0,1.0,1.0,1.3888888888888888,0.9876543209876544,1.1613636089092707,0.0,0.0,0.0,0.0,0.0,0.0,0.0,0.0,0.0,0.0,0.0,0.0,0.1666666666666666,0.2777777777777778,0.3726779962499649,2.0,1.5,2.6666666666666665,1.851851851851852,2.10818510677892,0.0,0.0,0.0,0.0,0.0,0.0,0.0,0.0,0.0,0.0,0.0,0.0,0.1111111111111111,0.1975308641975308,0.3142696805273545,0.0,0.0,0.0,0.0,0.0,0.0,0.0,0.2222222222222222,0.3950617283950617,0.628539361054709,2.5,1.5,3.0,2.0,2.806243040080456,90.0,0.0,90.0,0.0,0.0,0.0,0.0,0.0,0.0,0.0,1.5,0.5,1.5625,0.9375,1.1162856937182344,0.0,0.0,0.0,0.0,0.0,0.0,0.0,0.0,0.0,0.0,0.0,0.0,0.1875,0.3046875,0.3903123748998999,2.5,1.5,3.0,1.75,2.0,0.0,0.0,0.0,0.0,0.0,0.0,0.0,0.0,0.0,0.0,0.0,0.0,0.125,0.21875,0.3307189138830738,0.0,0.0,0.0,0.0,0.0,0.0,0.0,0.25,0.4375,0.6614378277661477,13,11.444444444444445,17,11.88888888888889,0,0.0,11.66666666667,5,2,2,7,2,1,14,2.3333333333299997,2↑
144,Jan Paul,van Hecke,DEF,BHA,?,"Van Hecke (DEF, ?)",40,1340,0,18,0,1,3,0,0,0,4,0,3,16,2,1.5,0.5,2.6666666666666665,2.111111111111111,2.867441755680876,90.0,0.0,86.83333333333333,5.277777777777781,7.080881928749335,1.0,0.5,2.2222222222222223,1.7901234567901234,2.370081000855727,90.0,0.0,74.44444444444444,24.19753086419753,32.28901124087854,0.0,0.0,0.0,0.0,0.0,1.0,1.0,1.0,0.6666666666666666,0.8819171036881969,0.0,0.0,0.0,0.0,0.0,0.0,0.0,0.0555555555555555,0.1049382716049382,0.2290614236454256,0.0,0.0,0.1666666666666666,0.2777777777777778,0.3726779962499649,0.0,0.0,0.0,0.0,0.0,0.0,0.0,0.0,0.0,0.0,0.0,0.0,0.0,0.0,0.0,0.0,0.0,0.2222222222222222,0.345679012345679,0.415739709641549,0.0,0.0,0.0,0.0,0.0,0.0,0.0,0.1666666666666666,0.3148148148148148,0.6871842709362769,1.0,0.0,2.5,1.875,2.3717082451262845,90.0,0.0,83.75,10.9375,19.838409714490727,0.0,0.0,0.0,0.0,0.0,1.0,1.0,1.125,0.671875,0.8569568250501305,0.0,0.0,0.0,0.0,0.0,0.0,0.0,0.0625,0.1171875,0.2420614591379635,0.0,0.0,0.1875,0.3046875,0.3903123748998999,0.0,0.0,0.0,0.0,0.0,0.0,0.0,0.0,0.0,0.0,0.0,0.0,0.0,0.0,0.0,0.0,0.0,0.25,0.375,0.4330127018922193,0.0,0.0,0.0,0.0,0.0,0.0,0.0,0.1875,0.3515625,0.7261843774138906,13,5.722222222222222,17,5.944444444444445,0,0.0,5.83333333333,5,1,2,7,2,2,14,8.16666666667,5↑
149,Mats,Wieffer,MID,BHA,?,"Wieffer (MID, ?)",28,464,1,12,0,2,1,0,0,0,2,0,3,13,5,1.5,1.5,2.5,2.333333333333333,3.095695936834452,31.5,26.5,34.166666666666664,27.5,30.547322123041965,1.0,1.0,1.5555555555555556,1.5308641975308643,2.290614236454256,17.0,17.0,25.77777777777778,22.728395061728392,28.13766861454105,0.0,0.0,0.0555555555555555,0.1049382716049382,0.2290614236454256,0.0,0.0,0.6666666666666666,0.8888888888888888,1.1055415967851334,0.0,0.0,0.0,0.0,0.0,0.0,0.0,0.1111111111111111,0.1975308641975308,0.3142696805273545,0.0,0.0,0.0555555555555555,0.1049382716049382,0.2290614236454256,0.0,0.0,0.0,0.0,0.0,0.0,0.0,0.0,0.0,0.0,0.0,0.0,0.0,0.0,0.0,0.0,0.0,0.1111111111111111,0.1975308641975308,0.3142696805273545,0.0,0.0,0.0,0.0,0.0,0.0,0.0,0.1666666666666666,0.3148148148148148,0.6871842709362769,1.0,0.0,2.1538461538461537,1.7751479289940828,2.4446536280108773,26.0,16.0,35.69230769230769,23.467455621301777,27.246410110422357,0.0,0.0,0.0769230769230769,0.1420118343195266,0.2664693550105965,0.0,0.0,0.9230769230769232,0.9940828402366864,1.2064913185660096,0.0,0.0,0.0,0.0,0.0,0.0,0.0,0.1538461538461538,0.2603550295857988,0.3608012122941099,0.0,0.0,0.0769230769230769,0.1420118343195266,0.2664693550105965,0.0,0.0,0.0,0.0,0.0,0.0,0.0,0.0,0.0,0.0,0.0,0.0,0.0,0.0,0.0,0.0,0.0,0.1538461538461538,0.2603550295857988,0.3608012122941099,0.0,0.0,0.0,0.0,0.0,0.0,0.0,0.2307692307692307,0.4260355029585799,0.7994080650317895,13,6.444444444444445,0,0.0,9,6.0,6.22222222222,5,0,0,0,0,0,0,-6.22222222222,4↓
600,Yasin,Ayari,MID,BHA,?,"Ayari (MID, ?)",26,852,0,10,0,0,4,0,0,0,2,0,0,15,3,1.5,0.5,1.5,0.8333333333333334,0.957427107756338,52.0,24.0,48.0,29.0,31.363460693403503,1.5,0.5,1.4444444444444444,0.8888888888888888,1.0122703976827,57.5,28.5,47.333333333333336,32.111111111111114,34.84409722049218,0.0,0.0,0.0,0.0,0.0,0.0,0.0,0.5555555555555556,0.6790123456790123,0.7617394000445604,0.0,0.0,0.0,0.0,0.0,0.0,0.0,0.0,0.0,0.0,0.0,0.0,0.2222222222222222,0.345679012345679,0.415739709641549,0.0,0.0,0.0,0.0,0.0,0.0,0.0,0.0,0.0,0.0,0.0,0.0,0.0,0.0,0.0,0.0,0.0,0.1111111111111111,0.1975308641975308,0.3142696805273545,0.0,0.0,0.0,0.0,0.0,0.0,0.0,0.0,0.0,0.0,2.0,1.0,1.7333333333333334,0.7200000000000001,0.85374989832438,71.0,19.0,56.8,27.17333333333333,30.31875107366177,0.0,0.0,0.0,0.0,0.0,0.0,0.0,0.6666666666666666,0.711111111111111,0.7888106377466155,0.0,0.0,0.0,0.0,0.0,0.0,0.0,0.0,0.0,0.0,0.0,0.0,0.2666666666666666,0.3911111111111111,0.4422166387140533,0.0,0.0,0.0,0.0,0.0,0.0,0.0,0.0,0.0,0.0,0.0,0.0,0.0,0.0,0.0,0.0,0.0,0.1333333333333333,0.2311111111111111,0.339934634239519,0.0,0.0,0.0,0.0,0.0,0.0,0.0,0.0,0.0,0.0,13,8.222222222222221,0,0.0,9,8.0,8.11111111111,5,1,2,3,2,2,10,1.8888888888899995,2↑
120,Lewis,Dunk,DEF,BHA,?,"Dunk (DEF, ?)",35,1173,0,19,0,1,4,0,0,0,4,0,0,14,4,1.0,1.0,2.1666666666666665,2.2222222222222223,2.4094720491334933,90.0,0.0,78.0,20.0,26.83281572999748,1.0,1.0,1.9444444444444444,2.154320987654321,2.50493340391011,90.0,0.0,65.16666666666667,34.203703703703695,38.52019672270062,0.0,0.0,0.0,0.0,0.0,0.5,0.5,1.0555555555555556,1.0740740740740742,1.2680791345014808,0.0,0.0,0.0,0.0,0.0,0.0,0.0,0.0555555555555555,0.1049382716049382,0.2290614236454256,0.0,0.0,0.2222222222222222,0.345679012345679,0.415739709641549,0.0,0.0,0.0,0.0,0.0,0.0,0.0,0.0,0.0,0.0,0.0,0.0,0.0,0.0,0.0,0.0,0.0,0.2222222222222222,0.345679012345679,0.415739709641549,0.0,0.0,0.0,0.0,0.0,0.0,0.0,0.0,0.0,0.0,1.5,1.5,2.5,2.357142857142857,2.5842932164465062,90.0,0.0,83.78571428571429,10.653061224489791,18.647782600576605,0.0,0.0,0.0,0.0,0.0,1.0,1.0,1.3571428571428572,1.1224489795918369,1.287696884094282,0.0,0.0,0.0,0.0,0.0,0.0,0.0,0.0714285714285714,0.1326530612244897,0.2575393768188563,0.0,0.0,0.2857142857142857,0.4081632653061224,0.4517539514526256,0.0,0.0,0.0,0.0,0.0,0.0,0.0,0.0,0.0,0.0,0.0,0.0,0.0,0.0,0.0,0.0,0.0,0.2857142857142857,0.4081632653061224,0.4517539514526256,0.0,0.0,0.0,0.0,0.0,0.0,0.0,0.0,0.0,0.0,13,6.444444444444445,17,6.888888888888888,0,0.0,6.66666666667,5,1,0,1,2,2,6,-0.6666666666700003,~
135,Yankuba,Minteh,MID,BHA,?,"Minteh (MID, ?)",33,553,2,10,0,2,1,0,0,0,2,0,0,13,5,1.0,0.0,2.0,1.3333333333333333,1.8257418583505536,21.0,6.5,24.666666666666668,15.444444444444445,22.01262264146541,1.0,1.0,1.8333333333333333,1.574074074074074,2.034425935955617,21.0,21.0,30.72222222222222,27.185185185185187,31.256653612658678,0.0,0.0,0.1111111111111111,0.1975308641975308,0.3142696805273545,0.0,0.0,0.5555555555555556,0.6790123456790123,0.7617394000445604,0.0,0.0,0.0,0.0,0.0,0.0,0.0,0.1111111111111111,0.1975308641975308,0.3142696805273545,0.0,0.0,0.0555555555555555,0.1049382716049382,0.2290614236454256,0.0,0.0,0.0,0.0,0.0,0.0,0.0,0.0,0.0,0.0,0.0,0.0,0.0,0.0,0.0,0.0,0.0,0.1111111111111111,0.1975308641975308,0.3142696805273545,0.0,0.0,0.0,0.0,0.0,0.0,0.0,0.0,0.0,0.0,2.0,1.0,2.5384615384615383,1.668639053254438,1.9851519847021448,28.0,18.0,42.53846153846154,26.733727810650887,29.15638308426155,0.0,0.0,0.1538461538461538,0.2603550295857988,0.3608012122941099,1.0,1.0,0.7692307692307693,0.7100591715976332,0.7994080650317895,0.0,0.0,0.0,0.0,0.0,0.0,0.0,0.1538461538461538,0.2603550295857987,0.3608012122941099,0.0,0.0,0.0769230769230769,0.1420118343195266,0.2664693550105965,0.0,0.0,0.0,0.0,0.0,0.0,0.0,0.0,0.0,0.0,0.0,0.0,0.0,0.0,0.0,0.0,0.0,0.1538461538461538,0.2603550295857987,0.3608012122941099,0.0,0.0,0.0,0.0,0.0,0.0,0.0,0.0,0.0,0.0,13,6.444444444444445,0,0.0,9,6.0,6.22222222222,5,1,0,1,12,0,14,7.77777777778,5↑
595,Brajan,Gruda,MID,BHA,?,"Gruda (MID, ?)",11,215,0,5,0,0,1,0,0,0,0,0,0,8,10,1.0,1.0,1.1666666666666667,0.8888888888888888,1.0671873729054748,11.0,11.0,26.0,27.33333333333333,29.61418578992169,0.0,0.0,0.6111111111111112,0.6790123456790123,0.8258927081843614,0.0,0.0,11.944444444444445,15.148148148148149,20.88984926870311,0.0,0.0,0.0,0.0,0.0,0.0,0.0,0.2777777777777778,0.4320987654320987,0.558326423395605,0.0,0.0,0.0,0.0,0.0,0.0,0.0,0.0,0.0,0.0,0.0,0.0,0.0555555555555555,0.1049382716049382,0.2290614236454256,0.0,0.0,0.0,0.0,0.0,0.0,0.0,0.0,0.0,0.0,0.0,0.0,0.0,0.0,0.0,0.0,0.0,0.0,0.0,0.0,0.0,0.0,0.0,0.0,0.0,0.0,0.0,0.0,0.0,0.0,1.0,0.0,1.375,0.5625,0.6959705453537527,18.0,10.0,26.875,20.0625,24.095837296097432,0.0,0.0,0.0,0.0,0.0,0.5,0.5,0.625,0.625,0.6959705453537527,0.0,0.0,0.0,0.0,0.0,0.0,0.0,0.0,0.0,0.0,0.0,0.0,0.125,0.21875,0.3307189138830738,0.0,0.0,0.0,0.0,0.0,0.0,0.0,0.0,0.0,0.0,0.0,0.0,0.0,0.0,0.0,0.0,0.0,0.0,0.0,0.0,0.0,0.0,0.0,0.0,0.0,0.0,0.0,0.0,0.0,0.0,13,0.0,0,0.0,9,0.0,0.0,5,1,1,0,0,1,3,3.0,3↑
123,Evan,Ferguson,FWD,BHA,?,"Ferguson (FWD, ?)",19,217,1,5,0,0,1,0,0,0,0,0,2,12,6,1.0,0.0,1.0,0.3333333333333333,0.5773502691896257,10.5,6.5,18.83333333333333,16.72222222222222,23.104232416497968,1.0,0.0,1.0555555555555556,0.7654320987654321,1.5446043082730938,5.0,5.0,12.055555555555555,12.753086419753084,19.25695320951838,0.0,0.0,0.0555555555555555,0.1049382716049382,0.2290614236454256,0.0,0.0,0.2777777777777778,0.4320987654320987,0.558326423395605,0.0,0.0,0.0,0.0,0.0,0.0,0.0,0.0,0.0,0.0,0.0,0.0,0.0555555555555555,0.1049382716049382,0.2290614236454256,0.0,0.0,0.0,0.0,0.0,0.0,0.0,0.0,0.0,0.0,0.0,0.0,0.0,0.0,0.0,0.0,0.0,0.0,0.0,0.0,0.0,0.0,0.0,0.0,0.0,0.0,0.0,0.1111111111111111,0.2098765432098765,0.4581228472908512,1.0,0.0,1.5833333333333333,0.9722222222222224,1.6562172428626494,9.5,5.0,18.08333333333333,15.305555555555555,21.14812179735013,0.0,0.0,0.0833333333333333,0.1527777777777777,0.2763853991962833,0.0,0.0,0.4166666666666667,0.5555555555555556,0.6400954789890506,0.0,0.0,0.0,0.0,0.0,0.0,0.0,0.0,0.0,0.0,0.0,0.0,0.0833333333333333,0.1527777777777777,0.2763853991962833,0.0,0.0,0.0,0.0,0.0,0.0,0.0,0.0,0.0,0.0,0.0,0.0,0.0,0.0,0.0,0.0,0.0,0.0,0.0,0.0,0.0,0.0,0.0,0.0,0.0,0.0,0.0,0.1666666666666666,0.3055555555555555,0.5527707983925666,13,5.0,0,0.0,9,5.0,5.0,5,0,0,0,0,0,0,-5.0,4↓
113,Simon,Adingra,MID,BHA,?,"Adingra (MID, ?)",23,365,1,6,0,1,0,0,0,0,0,0,0,12,6,1.0,0.5,0.8333333333333334,0.5555555555555555,0.6871842709362768,18.0,11.5,23.0,18.666666666666668,26.595739007091595,1.0,1.0,1.2777777777777777,1.067901234567901,1.5204369092671122,11.5,11.5,20.27777777777778,19.78395061728395,24.78082940849316,0.0,0.0,0.0555555555555555,0.1049382716049382,0.2290614236454256,0.0,0.0,0.3333333333333333,0.4814814814814815,0.5773502691896257,0.0,0.0,0.0,0.0,0.0,0.0,0.0,0.0555555555555555,0.1049382716049382,0.2290614236454256,0.0,0.0,0.0,0.0,0.0,0.0,0.0,0.0,0.0,0.0,0.0,0.0,0.0,0.0,0.0,0.0,0.0,0.0,0.0,0.0,0.0,0.0,0.0,0.0,0.0,0.0,0.0,0.0,0.0,0.0,0.0,0.0,0.0,0.0,0.0,1.0,0.0,1.9166666666666667,1.0694444444444444,1.4976833963009524,22.5,18.5,30.416666666666668,21.222222222222214,24.75364731823485,0.0,0.0,0.0833333333333333,0.1527777777777777,0.2763853991962833,0.0,0.0,0.5,0.5833333333333334,0.6454972243679028,0.0,0.0,0.0,0.0,0.0,0.0,0.0,0.0833333333333333,0.1527777777777777,0.2763853991962833,0.0,0.0,0.0,0.0,0.0,0.0,0.0,0.0,0.0,0.0,0.0,0.0,0.0,0.0,0.0,0.0,0.0,0.0,0.0,0.0,0.0,0.0,0.0,0.0,0.0,0.0,0.0,0.0,0.0,0.0,0.0,0.0,0.0,0.0,0.0,13,6.444444444444445,0,0.0,9,6.0,6.22222222222,5,6,2,3,0,0,11,4.77777777778,4↑
131,Tariq,Lamptey,DEF,BHA,?,"Lamptey (DEF, ?)",17,257,1,9,0,2,0,0,0,0,0,0,1,6,12,0.5,0.5,2.333333333333333,2.777777777777778,3.0912061651652345,34.0,25.0,41.16666666666666,27.5,31.227213914931458,0.0,0.0,0.9444444444444444,1.4691358024691357,2.1466310095957395,0.0,0.0,14.27777777777778,19.51234567901234,26.29914564635884,0.0,0.0,0.0555555555555555,0.1049382716049382,0.2290614236454256,0.0,0.0,0.5,0.7222222222222222,0.8333333333333334,0.0,0.0,0.0,0.0,0.0,0.0,0.0,0.1111111111111111,0.1975308641975308,0.3142696805273545,0.0,0.0,0.0,0.0,0.0,0.0,0.0,0.0,0.0,0.0,0.0,0.0,0.0,0.0,0.0,0.0,0.0,0.0,0.0,0.0,0.0,0.0,0.0,0.0,0.0,0.0,0.0,0.0,0.0,0.0,0.0,0.0,0.0555555555555555,0.1049382716049382,0.2290614236454256,2.0,2.0,2.833333333333333,2.5,2.9107081994288304,34.0,20.0,42.833333333333336,25.83333333333333,29.185708070142063,0.0,0.0,0.1666666666666666,0.2777777777777778,0.372677996249965,2.0,0.0,1.5,0.6666666666666666,0.7637626158259734,0.0,0.0,0.0,0.0,0.0,0.0,0.0,0.3333333333333333,0.4444444444444445,0.4714045207910317,0.0,0.0,0.0,0.0,0.0,0.0,0.0,0.0,0.0,0.0,0.0,0.0,0.0,0.0,0.0,0.0,0.0,0.0,0.0,0.0,0.0,0.0,0.0,0.0,0.0,0.0,0.0,0.0,0.0,0.0,0.0,0.0,0.1666666666666666,0.2777777777777778,0.372677996249965,13,0.0,17,0.0,0,0.0,0.0,5,7,0,0,1,2,10,10.0,5↑
121,Julio,Enciso,MID,BHA,?,"Enciso (MID, ?)",12,228,0,2,0,0,1,0,0,0,0,0,0,10,8,0.5,0.5,0.8333333333333334,0.8333333333333334,1.0671873729054746,11.0,11.0,24.0,24.666666666666668,28.81550508551487,1.0,0.5,0.6666666666666666,0.5925925925925926,0.7453559924999299,3.0,3.0,12.666666666666666,14.111111111111107,19.635568633364183,0.0,0.0,0.0,0.0,0.0,0.0,0.0,0.1111111111111111,0.1975308641975308,0.3142696805273545,0.0,0.0,0.0,0.0,0.0,0.0,0.0,0.0,0.0,0.0,0.0,0.0,0.0555555555555555,0.1049382716049382,0.2290614236454256,0.0,0.0,0.0,0.0,0.0,0.0,0.0,0.0,0.0,0.0,0.0,0.0,0.0,0.0,0.0,0.0,0.0,0.0,0.0,0.0,0.0,0.0,0.0,0.0,0.0,0.0,0.0,0.0,0.0,0.0,1.0,0.0,1.2,0.36,0.6,18.0,8.5,22.8,15.32,21.51650529244933,0.0,0.0,0.0,0.0,0.0,0.0,0.0,0.2,0.32,0.4000000000000001,0.0,0.0,0.0,0.0,0.0,0.0,0.0,0.0,0.0,0.0,0.0,0.0,0.1,0.18,0.3,0.0,0.0,0.0,0.0,0.0,0.0,0.0,0.0,0.0,0.0,0.0,0.0,0.0,0.0,0.0,0.0,0.0,0.0,0.0,0.0,0.0,0.0,0.0,0.0,0.0,0.0,0.0,0.0,0.0,0.0,13,5.722222222222222,0,0.0,9,5.500000000000001,5.61111111111,5,1,0,0,1,3,5,-0.6111111111099996,~
629,Matt,O'Riley,MID,BHA,?,"O'Riley (MID, ?)",14,283,1,6,1,0,1,0,0,0,1,0,2,6,12,0.5,0.5,0.8333333333333334,0.8333333333333334,1.0671873729054748,42.5,33.0,39.333333333333336,33.0,33.850980619309816,0.0,0.0,0.7777777777777778,1.123456790123457,1.90191586318041,0.0,0.0,15.72222222222222,21.154320987654323,26.867587981629782,0.0,0.0,0.0555555555555555,0.1049382716049382,0.2290614236454256,0.0,0.0,0.3333333333333333,0.5185185185185186,0.6666666666666666,0.0,0.0,0.0555555555555555,0.1049382716049382,0.2290614236454256,0.0,0.0,0.0,0.0,0.0,0.0,0.0,0.0555555555555555,0.1049382716049382,0.2290614236454256,0.0,0.0,0.0,0.0,0.0,0.0,0.0,0.0,0.0,0.0,0.0,0.0,0.0,0.0,0.0,0.0,0.0,0.0555555555555555,0.1049382716049382,0.2290614236454256,0.0,0.0,0.0,0.0,0.0,0.0,0.0,0.1111111111111111,0.2098765432098765,0.4581228472908512,1.0,0.5,2.333333333333333,2.111111111111111,2.6874192494328497,49.5,26.0,47.16666666666666,25.166666666666668,26.12416931162065,0.0,0.0,0.1666666666666666,0.2777777777777778,0.372677996249965,1.0,1.0,1.0,0.6666666666666666,0.816496580927726,0.0,0.0,0.1666666666666666,0.2777777777777778,0.372677996249965,0.0,0.0,0.0,0.0,0.0,0.0,0.0,0.1666666666666666,0.2777777777777777,0.372677996249965,0.0,0.0,0.0,0.0,0.0,0.0,0.0,0.0,0.0,0.0,0.0,0.0,0.0,0.0,0.0,0.0,0.0,0.1666666666666666,0.2777777777777778,0.372677996249965,0.0,0.0,0.0,0.0,0.0,0.0,0.0,0.3333333333333333,0.5555555555555557,0.74535599249993,13,0.0,0,0.0,9,0.0,0.0,5,1,1,6,0,1,9,9.0,5↑
128,Igor Julio,dos Santos de Paulo,DEF,BHA,?,"Igor (DEF, ?)",15,745,0,13,0,0,1,0,0,0,3,0,0,10,8,0.5,0.5,0.6666666666666666,0.6666666666666666,0.74535599249993,0.5,0.5,30.166666666666668,39.88888888888888,42.310032957785424,0.0,0.0,0.8333333333333334,0.925925925925926,1.4240006242195884,17.0,17.0,41.388888888888886,42.20987654320988,43.151076835911816,0.0,0.0,0.0,0.0,0.0,0.0,0.0,0.7222222222222222,0.802469135802469,0.931280811902234,0.0,0.0,0.0,0.0,0.0,0.0,0.0,0.0,0.0,0.0,0.0,0.0,0.0555555555555555,0.1049382716049382,0.2290614236454256,0.0,0.0,0.0,0.0,0.0,0.0,0.0,0.0,0.0,0.0,0.0,0.0,0.0,0.0,0.0,0.0,0.0,0.1666666666666666,0.2777777777777778,0.3726779962499649,0.0,0.0,0.0,0.0,0.0,0.0,0.0,0.0,0.0,0.0,1.0,0.5,1.5,1.1,1.6278820596099706,90.0,0.0,74.5,23.0,29.74642835703137,0.0,0.0,0.0,0.0,0.0,1.0,1.0,1.3,0.76,0.9,0.0,0.0,0.0,0.0,0.0,0.0,0.0,0.0,0.0,0.0,0.0,0.0,0.1,0.18,0.3,0.0,0.0,0.0,0.0,0.0,0.0,0.0,0.0,0.0,0.0,0.0,0.0,0.0,0.0,0.0,0.0,0.0,0.3,0.42,0.4582575694955839,0.0,0.0,0.0,0.0,0.0,0.0,0.0,0.0,0.0,0.0,13,0.0,17,0.0,0,0.0,0.0,5,0,2,0,0,0,2,2.0,2↑
145,Joël,Veltman,DEF,BHA,?,"Veltman (DEF, ?)",43,1109,0,13,0,0,4,0,0,0,2,0,7,13,5,0.0,0.0,1.5,2.1666666666666665,2.9297326385411577,0.0,0.0,25.5,34.0,36.56842900645309,1.0,1.0,2.388888888888889,2.271604938271605,2.831153845831312,88.5,1.5,61.61111111111112,34.22839506172839,38.8474779517265,0.0,0.0,0.0,0.0,0.0,0.5,0.5,0.7222222222222222,0.7222222222222221,0.8031573497111644,0.0,0.0,0.0,0.0,0.0,0.0,0.0,0.0,0.0,0.0,0.0,0.0,0.2222222222222222,0.345679012345679,0.415739709641549,0.0,0.0,0.0,0.0,0.0,0.0,0.0,0.0,0.0,0.0,0.0,0.0,0.0,0.0,0.0,0.0,0.0,0.1111111111111111,0.1975308641975308,0.3142696805273545,0.0,0.0,0.0,0.0,0.0,0.0,0.0,0.3888888888888889,0.6049382716049383,0.7556372504853025,2.0,1.0,3.3076923076923075,2.579881656804733,2.838868013422452,90.0,0.0,85.3076923076923,6.757396449704142,8.24979827617822,0.0,0.0,0.0,0.0,0.0,1.0,1.0,1.0,0.6153846153846154,0.7844645405527362,0.0,0.0,0.0,0.0,0.0,0.0,0.0,0.0,0.0,0.0,0.0,0.0,0.3076923076923077,0.4260355029585799,0.4615384615384615,0.0,0.0,0.0,0.0,0.0,0.0,0.0,0.0,0.0,0.0,0.0,0.0,0.0,0.0,0.0,0.0,0.0,0.1538461538461538,0.2603550295857988,0.3608012122941099,0.0,0.0,0.0,0.0,0.0,0.0,0.0,0.5384615384615384,0.7455621301775147,0.8426500884694864,13,6.444444444444445,17,6.888888888888888,0,0.0,6.66666666667,5,0,1,5,2,2,10,3.3333333333299997,3↑
148,Danny,Welbeck,FWD,BHA,?,"Welbeck (FWD, ?)",69,1111,6,16,0,2,5,0,0,0,1,0,13,14,4,0.0,0.0,0.5,0.6666666666666666,0.7637626158259734,0.0,0.0,16.333333333333332,21.77777777777777,28.528737947706148,2.0,2.0,3.8333333333333335,3.2407407407407414,3.655285366576885,80.0,10.0,61.72222222222222,32.0679012345679,36.37429732892224,0.0,0.0,0.3333333333333333,0.4444444444444444,0.4714045207910317,0.5,0.5,0.8888888888888888,0.8888888888888888,1.0999438818457403,0.0,0.0,0.0,0.0,0.0,0.0,0.0,0.1111111111111111,0.1975308641975308,0.3142696805273545,0.0,0.0,0.2777777777777778,0.4012345679012346,0.4479032082388083,0.0,0.0,0.0,0.0,0.0,0.0,0.0,0.0,0.0,0.0,0.0,0.0,0.0,0.0,0.0,0.0,0.0,0.0555555555555555,0.1049382716049382,0.2290614236454256,0.0,0.0,0.0,0.0,0.0,0.0,0.0,0.7222222222222222,0.9629629629629628,1.145307118227128,3.5,2.0,4.928571428571429,3.071428571428572,3.432289650495419,84.0,6.0,79.35714285714286,9.918367346938776,17.368309165411183,0.0,0.0,0.4285714285714285,0.489795918367347,0.4948716593053934,1.0,1.0,1.1428571428571428,0.8979591836734693,1.124858267715973,0.0,0.0,0.0,0.0,0.0,0.0,0.0,0.1428571428571428,0.2448979591836734,0.3499271061118826,0.0,0.0,0.3571428571428571,0.4591836734693876,0.4791574237499548,0.0,0.0,0.0,0.0,0.0,0.0,0.0,0.0,0.0,0.0,0.0,0.0,0.0,0.0,0.0,0.0,0.0,0.0714285714285714,0.1326530612244897,0.2575393768188563,0.0,0.0,0.0,0.0,0.0,0.0,0.0,0.9285714285714286,1.0612244897959184,1.2226601977588347,13,12.88888888888889,0,0.0,9,12.0,12.44444444444,5,0,0,1,2,2,5,-7.44444444444,5↓
132,Solly,March,MID,BHA,?,"March (MID, ?)",1,2,0,0,0,0,0,0,0,0,0,0,0,1,17,0.0,0.0,0.1666666666666666,0.2777777777777777,0.372677996249965,0.0,0.0,0.3333333333333333,0.5555555555555555,0.74535599249993,0.0,0.0,0.0555555555555555,0.1049382716049382,0.2290614236454256,0.0,0.0,0.1111111111111111,0.2098765432098765,0.4581228472908512,0.0,0.0,0.0,0.0,0.0,0.0,0.0,0.0,0.0,0.0,0.0,0.0,0.0,0.0,0.0,0.0,0.0,0.0,0.0,0.0,0.0,0.0,0.0,0.0,0.0,0.0,0.0,0.0,0.0,0.0,0.0,0.0,0.0,0.0,0.0,0.0,0.0,0.0,0.0,0.0,0.0,0.0,0.0,0.0,0.0,0.0,0.0,0.0,0.0,0.0,0.0,0.0,0.0,0.0,0.0,1.0,0.0,1.0,0.0,0.0,2.0,0.0,2.0,0.0,0.0,0.0,0.0,0.0,0.0,0.0,0.0,0.0,0.0,0.0,0.0,0.0,0.0,0.0,0.0,0.0,0.0,0.0,0.0,0.0,0.0,0.0,0.0,0.0,0.0,0.0,0.0,0.0,0.0,0.0,0.0,0.0,0.0,0.0,0.0,0.0,0.0,0.0,0.0,0.0,0.0,0.0,0.0,0.0,0.0,0.0,0.0,0.0,0.0,0.0,0.0,0.0,0.0,0.0,0.0,0.0,13,0.0,0,0.0,9,0.0,0.0,5,0,0,0,0,0,0,0.0,~
126,Jack,Hinshelwood,MID,BHA,?,"Hinshelwood (MID, ?)",28,839,1,13,0,0,3,0,0,0,2,0,3,10,8,0.0,0.0,0.0,0.0,0.0,0.0,0.0,0.0,0.0,0.0,1.5,1.5,1.5555555555555556,1.4444444444444446,2.290614236454256,61.0,29.0,46.61111111111112,41.432098765432094,42.592564412229,0.0,0.0,0.0555555555555555,0.1049382716049382,0.2290614236454256,0.0,0.0,0.7222222222222222,0.882716049382716,1.095726829073112,0.0,0.0,0.0,0.0,0.0,0.0,0.0,0.0,0.0,0.0,0.0,0.0,0.1666666666666666,0.2777777777777778,0.3726779962499649,0.0,0.0,0.0,0.0,0.0,0.0,0.0,0.0,0.0,0.0,0.0,0.0,0.0,0.0,0.0,0.0,0.0,0.1111111111111111,0.1975308641975308,0.3142696805273545,0.0,0.0,0.0,0.0,0.0,0.0,0.0,0.1666666666666666,0.3148148148148148,0.6871842709362769,2.0,0.0,2.8,1.48,2.4413111231467406,90.0,0.0,83.9,9.159999999999997,11.7,0.0,0.0,0.1,0.18,0.3,1.0,1.0,1.3,0.9600000000000002,1.1874342087037917,0.0,0.0,0.0,0.0,0.0,0.0,0.0,0.0,0.0,0.0,0.0,0.0,0.3,0.42,0.4582575694955839,0.0,0.0,0.0,0.0,0.0,0.0,0.0,0.0,0.0,0.0,0.0,0.0,0.0,0.0,0.0,0.0,0.0,0.2,0.32,0.4000000000000001,0.0,0.0,0.0,0.0,0.0,0.0,0.0,0.3,0.5399999999999999,0.9000000000000001,13,9.666666666666666,0,0.0,9,9.0,9.33333333333,5,0,0,0,0,1,1,-8.33333333333,5↓
628,Ferdi,Kadioglu,DEF,BHA,?,"F.Kadıoğlu (DEF, ?)",19,385,1,8,0,0,2,0,0,0,1,0,0,6,12,0.0,0.0,0.0,0.0,0.0,0.0,0.0,0.0,0.0,0.0,0.0,0.0,1.0555555555555556,1.648148148148148,2.2229165581936177,0.0,0.0,21.38888888888889,28.51851851851852,33.129608926975294,0.0,0.0,0.0555555555555555,0.1049382716049382,0.2290614236454256,0.0,0.0,0.4444444444444444,0.7407407407407408,1.0657403385139377,0.0,0.0,0.0,0.0,0.0,0.0,0.0,0.0,0.0,0.0,0.0,0.0,0.1111111111111111,0.1975308641975308,0.3142696805273545,0.0,0.0,0.0,0.0,0.0,0.0,0.0,0.0,0.0,0.0,0.0,0.0,0.0,0.0,0.0,0.0,0.0,0.0555555555555555,0.1049382716049382,0.2290614236454256,0.0,0.0,0.0,0.0,0.0,0.0,0.0,0.0,0.0,0.0,3.5,2.5,3.1666666666666665,2.833333333333333,2.852873794770615,70.5,17.5,64.16666666666667,20.11111111111111,23.405246325462063,0.0,0.0,0.1666666666666666,0.2777777777777777,0.372677996249965,1.0,1.0,1.3333333333333333,1.3333333333333333,1.4907119849998598,0.0,0.0,0.0,0.0,0.0,0.0,0.0,0.0,0.0,0.0,0.0,0.0,0.3333333333333333,0.4444444444444445,0.4714045207910317,0.0,0.0,0.0,0.0,0.0,0.0,0.0,0.0,0.0,0.0,0.0,0.0,0.0,0.0,0.0,0.0,0.0,0.1666666666666666,0.2777777777777777,0.372677996249965,0.0,0.0,0.0,0.0,0.0,0.0,0.0,0.0,0.0,0.0,13,0.0,17,0.0,0,0.0,0.0,5,0,0,0,0,0,0,0.0,~
142,Jason,Steele,GKP,BHA,?,"Steele (GKP, ?)",9,180,0,1,0,0,1,3,0,0,0,0,1,2,16,0.0,0.0,0.0,0.0,0.0,0.0,0.0,0.0,0.0,0.0,0.0,0.0,0.5,0.8888888888888888,1.6414763002993509,0.0,0.0,10.0,17.77777777777778,28.284271247461906,0.0,0.0,0.0,0.0,0.0,0.0,0.0,0.0555555555555555,0.1049382716049382,0.2290614236454256,0.0,0.0,0.0,0.0,0.0,0.0,0.0,0.0,0.0,0.0,0.0,0.0,0.0555555555555555,0.1049382716049382,0.2290614236454256,0.0,0.0,0.1666666666666666,0.2962962962962963,0.4999999999999999,0.0,0.0,0.0,0.0,0.0,0.0,0.0,0.0,0.0,0.0,0.0,0.0,0.0,0.0,0.0,0.0,0.0,0.0,0.0,0.0,0.0,0.0,0.0555555555555555,0.1049382716049382,0.2290614236454256,4.5,2.5,4.5,2.5,2.5,90.0,0.0,90.0,0.0,0.0,0.0,0.0,0.0,0.0,0.0,0.5,0.5,0.5,0.5,0.5,0.0,0.0,0.0,0.0,0.0,0.0,0.0,0.0,0.0,0.0,0.5,0.5,0.5,0.5,0.5,1.5,0.5,1.5,0.5,0.5,0.0,0.0,0.0,0.0,0.0,0.0,0.0,0.0,0.0,0.0,0.0,0.0,0.0,0.0,0.0,0.0,0.0,0.0,0.0,0.0,0.5,0.5,0.5,0.5,0.5,13,0.0,17,0.0,0,0.0,0.0,5,0,0,0,0,0,0,0.0,~
134,James,Milner,MID,BHA,?,"Milner (MID, ?)",5,169,0,1,0,0,1,0,0,0,1,0,0,3,15,0.0,0.0,0.0,0.0,0.0,0.0,0.0,0.0,0.0,0.0,0.0,0.0,0.2777777777777778,0.462962962962963,0.6502611061510903,0.0,0.0,9.38888888888889,15.648148148148152,24.053502606778935,0.0,0.0,0.0,0.0,0.0,0.0,0.0,0.0555555555555555,0.1049382716049382,0.2290614236454256,0.0,0.0,0.0,0.0,0.0,0.0,0.0,0.0,0.0,0.0,0.0,0.0,0.0555555555555555,0.1049382716049382,0.2290614236454256,0.0,0.0,0.0,0.0,0.0,0.0,0.0,0.0,0.0,0.0,0.0,0.0,0.0,0.0,0.0,0.0,0.0,0.0555555555555555,0.1049382716049382,0.2290614236454256,0.0,0.0,0.0,0.0,0.0,0.0,0.0,0.0,0.0,0.0,2.0,0.0,1.6666666666666667,0.4444444444444444,0.4714045207910317,72.0,9.0,56.333333333333336,26.88888888888889,28.75567576825293,0.0,0.0,0.0,0.0,0.0,0.0,0.0,0.3333333333333333,0.4444444444444444,0.4714045207910317,0.0,0.0,0.0,0.0,0.0,0.0,0.0,0.0,0.0,0.0,0.0,0.0,0.3333333333333333,0.4444444444444444,0.4714045207910317,0.0,0.0,0.0,0.0,0.0,0.0,0.0,0.0,0.0,0.0,0.0,0.0,0.0,0.0,0.0,0.0,0.0,0.3333333333333333,0.4444444444444444,0.4714045207910317,0.0,0.0,0.0,0.0,0.0,0.0,0.0,0.0,0.0,0.0,13,0.0,0,0.0,9,0.0,0.0,5,0,0,0,0,0,0,0.0,~
124,Billy,Gilmour,MID,BHA,?,"Gilmour (MID, ?)",3,97,0,1,0,0,0,0,0,0,0,0,0,2,16,0.0,0.0,0.0,0.0,0.0,0.0,0.0,0.0,0.0,0.0,0.0,0.0,0.1666666666666666,0.2962962962962963,0.4999999999999999,0.0,0.0,5.388888888888889,9.580246913580249,20.36101637085735,0.0,0.0,0.0,0.0,0.0,0.0,0.0,0.0555555555555555,0.1049382716049382,0.2290614236454256,0.0,0.0,0.0,0.0,0.0,0.0,0.0,0.0,0.0,0.0,0.0,0.0,0.0,0.0,0.0,0.0,0.0,0.0,0.0,0.0,0.0,0.0,0.0,0.0,0.0,0.0,0.0,0.0,0.0,0.0,0.0,0.0,0.0,0.0,0.0,0.0,0.0,0.0,0.0,0.0,0.0,0.0,0.0,0.0,0.0,1.5,0.5,1.5,0.5,0.5,48.5,40.5,48.5,40.5,40.5,0.0,0.0,0.0,0.0,0.0,0.5,0.5,0.5,0.5,0.5,0.0,0.0,0.0,0.0,0.0,0.0,0.0,0.0,0.0,0.0,0.0,0.0,0.0,0.0,0.0,0.0,0.0,0.0,0.0,0.0,0.0,0.0,0.0,0.0,0.0,0.0,0.0,0.0,0.0,0.0,0.0,0.0,0.0,0.0,0.0,0.0,0.0,0.0,0.0,0.0,0.0,0.0,0.0,0.0,0.0,13,0.0,0,0.0,9,0.0,0.0,5,0,0,0,0,0,0,0.0,~
137,Jakub,Moder,MID,BHA,?,"Moder (MID, ?)",2,4,0,0,0,0,0,0,0,0,0,0,0,2,16,0.0,0.0,0.0,0.0,0.0,0.0,0.0,0.0,0.0,0.0,0.0,0.0,0.1111111111111111,0.1975308641975308,0.3142696805273545,0.0,0.0,0.2222222222222222,0.3950617283950617,0.7114582486036499,0.0,0.0,0.0,0.0,0.0,0.0,0.0,0.0,0.0,0.0,0.0,0.0,0.0,0.0,0.0,0.0,0.0,0.0,0.0,0.0,0.0,0.0,0.0,0.0,0.0,0.0,0.0,0.0,0.0,0.0,0.0,0.0,0.0,0.0,0.0,0.0,0.0,0.0,0.0,0.0,0.0,0.0,0.0,0.0,0.0,0.0,0.0,0.0,0.0,0.0,0.0,0.0,0.0,0.0,0.0,1.0,0.0,1.0,0.0,0.0,2.0,1.0,2.0,1.0,1.0,0.0,0.0,0.0,0.0,0.0,0.0,0.0,0.0,0.0,0.0,0.0,0.0,0.0,0.0,0.0,0.0,0.0,0.0,0.0,0.0,0.0,0.0,0.0,0.0,0.0,0.0,0.0,0.0,0.0,0.0,0.0,0.0,0.0,0.0,0.0,0.0,0.0,0.0,0.0,0.0,0.0,0.0,0.0,0.0,0.0,0.0,0.0,0.0,0.0,0.0,0.0,0.0,0.0,0.0,0.0,13,0.0,0,0.0,9,0.0,0.0,5,1,0,1,0,0,2,2.0,2↑
141,Jeremy,Sarmiento Morante,MID,BHA,?,"Sarmiento (MID, ?)",1,8,0,0,0,0,0,0,0,0,0,0,0,1,17,0.0,0.0,0.0,0.0,0.0,0.0,0.0,0.0,0.0,0.0,0.0,0.0,0.0555555555555555,0.1049382716049382,0.2290614236454256,0.0,0.0,0.4444444444444444,0.8395061728395062,1.8324913891634047,0.0,0.0,0.0,0.0,0.0,0.0,0.0,0.0,0.0,0.0,0.0,0.0,0.0,0.0,0.0,0.0,0.0,0.0,0.0,0.0,0.0,0.0,0.0,0.0,0.0,0.0,0.0,0.0,0.0,0.0,0.0,0.0,0.0,0.0,0.0,0.0,0.0,0.0,0.0,0.0,0.0,0.0,0.0,0.0,0.0,0.0,0.0,0.0,0.0,0.0,0.0,0.0,0.0,0.0,0.0,1.0,0.0,1.0,0.0,0.0,8.0,0.0,8.0,0.0,0.0,0.0,0.0,0.0,0.0,0.0,0.0,0.0,0.0,0.0,0.0,0.0,0.0,0.0,0.0,0.0,0.0,0.0,0.0,0.0,0.0,0.0,0.0,0.0,0.0,0.0,0.0,0.0,0.0,0.0,0.0,0.0,0.0,0.0,0.0,0.0,0.0,0.0,0.0,0.0,0.0,0.0,0.0,0.0,0.0,0.0,0.0,0.0,0.0,0.0,0.0,0.0,0.0,0.0,0.0,0.0,13,0.0,0,0.0,9,0.0,0.0,5,0,0,0,0,0,0,0.0,~
147,Adam,Webster,DEF,BHA,?,"Webster (DEF, ?)",1,78,0,4,0,0,0,0,0,0,0,0,0,3,15,0.0,0.0,0.0,0.0,0.0,0.0,0.0,0.0,0.0,0.0,0.0,0.0,0.0555555555555555,0.2098765432098765,0.4044505494044732,0.0,0.0,4.333333333333333,7.2222222222222205,13.034143197344768,0.0,0.0,0.0,0.0,0.0,0.0,0.0,0.2222222222222222,0.4197530864197531,0.9162456945817024,0.0,0.0,0.0,0.0,0.0,0.0,0.0,0.0,0.0,0.0,0.0,0.0,0.0,0.0,0.0,0.0,0.0,0.0,0.0,0.0,0.0,0.0,0.0,0.0,0.0,0.0,0.0,0.0,0.0,0.0,0.0,0.0,0.0,0.0,0.0,0.0,0.0,0.0,0.0,0.0,0.0,0.0,0.0,0.0,0.0,1.0,0.0,0.3333333333333333,0.888888888888889,0.9428090415820634,14.0,6.0,26.0,20.0,21.354156504062622,0.0,0.0,0.0,0.0,0.0,0.0,0.0,1.3333333333333333,1.7777777777777777,1.8856180831641267,0.0,0.0,0.0,0.0,0.0,0.0,0.0,0.0,0.0,0.0,0.0,0.0,0.0,0.0,0.0,0.0,0.0,0.0,0.0,0.0,0.0,0.0,0.0,0.0,0.0,0.0,0.0,0.0,0.0,0.0,0.0,0.0,0.0,0.0,0.0,0.0,0.0,0.0,0.0,0.0,0.0,0.0,0.0,0.0,0.0,13,0.0,17,0.0,0,0.0,0.0,5,0,1,6,0,1,8,8.0,5↑
114,Benicio,Baker-Boaitey,MID,BHA,?,"Baker-Boaitey (MID, ?)",0,0,0,0,0,0,0,0,0,0,0,0,0,0,18,0.0,0.0,0.0,0.0,0.0,0.0,0.0,0.0,0.0,0.0,0.0,0.0,0.0,0.0,0.0,0.0,0.0,0.0,0.0,0.0,0.0,0.0,0.0,0.0,0.0,0.0,0.0,0.0,0.0,0.0,0.0,0.0,0.0,0.0,0.0,0.0,0.0,0.0,0.0,0.0,0.0,0.0,0.0,0.0,0.0,0.0,0.0,0.0,0.0,0.0,0.0,0.0,0.0,0.0,0.0,0.0,0.0,0.0,0.0,0.0,0.0,0.0,0.0,0.0,0.0,0.0,0.0,0.0,0.0,0.0,0.0,0.0,0.0,0.0,0.0,0.0,0.0,0.0,0.0,0.0,0.0,0.0,0.0,0.0,0.0,0.0,0.0,0.0,0.0,0.0,0.0,0.0,0.0,0.0,0.0,0.0,0.0,0.0,0.0,0.0,0.0,0.0,0.0,0.0,0.0,0.0,0.0,0.0,0.0,0.0,0.0,0.0,0.0,0.0,0.0,0.0,0.0,0.0,0.0,0.0,0.0,0.0,0.0,0.0,0.0,0.0,0.0,0.0,0.0,0.0,0.0,0.0,0.0,0.0,0.0,0.0,0.0,0.0,0.0,0.0,13,0.0,0,0.0,9,0.0,0.0,5,0,0,0,0,0,0,0.0,~
116,Valentín,Barco,DEF,BHA,?,"Barco (DEF, ?)",0,0,0,0,0,0,0,0,0,0,0,0,0,0,18,0.0,0.0,0.0,0.0,0.0,0.0,0.0,0.0,0.0,0.0,0.0,0.0,0.0,0.0,0.0,0.0,0.0,0.0,0.0,0.0,0.0,0.0,0.0,0.0,0.0,0.0,0.0,0.0,0.0,0.0,0.0,0.0,0.0,0.0,0.0,0.0,0.0,0.0,0.0,0.0,0.0,0.0,0.0,0.0,0.0,0.0,0.0,0.0,0.0,0.0,0.0,0.0,0.0,0.0,0.0,0.0,0.0,0.0,0.0,0.0,0.0,0.0,0.0,0.0,0.0,0.0,0.0,0.0,0.0,0.0,0.0,0.0,0.0,0.0,0.0,0.0,0.0,0.0,0.0,0.0,0.0,0.0,0.0,0.0,0.0,0.0,0.0,0.0,0.0,0.0,0.0,0.0,0.0,0.0,0.0,0.0,0.0,0.0,0.0,0.0,0.0,0.0,0.0,0.0,0.0,0.0,0.0,0.0,0.0,0.0,0.0,0.0,0.0,0.0,0.0,0.0,0.0,0.0,0.0,0.0,0.0,0.0,0.0,0.0,0.0,0.0,0.0,0.0,0.0,0.0,0.0,0.0,0.0,0.0,0.0,0.0,0.0,0.0,0.0,0.0,13,0.0,17,0.0,0,0.0,0.0,5,0,0,0,0,0,0,0.0,~
118,Amario,Cozier-Duberry,MID,BHA,?,"Cozier-Duberry (MID, ?)",0,0,0,0,0,0,0,0,0,0,0,0,0,0,18,0.0,0.0,0.0,0.0,0.0,0.0,0.0,0.0,0.0,0.0,0.0,0.0,0.0,0.0,0.0,0.0,0.0,0.0,0.0,0.0,0.0,0.0,0.0,0.0,0.0,0.0,0.0,0.0,0.0,0.0,0.0,0.0,0.0,0.0,0.0,0.0,0.0,0.0,0.0,0.0,0.0,0.0,0.0,0.0,0.0,0.0,0.0,0.0,0.0,0.0,0.0,0.0,0.0,0.0,0.0,0.0,0.0,0.0,0.0,0.0,0.0,0.0,0.0,0.0,0.0,0.0,0.0,0.0,0.0,0.0,0.0,0.0,0.0,0.0,0.0,0.0,0.0,0.0,0.0,0.0,0.0,0.0,0.0,0.0,0.0,0.0,0.0,0.0,0.0,0.0,0.0,0.0,0.0,0.0,0.0,0.0,0.0,0.0,0.0,0.0,0.0,0.0,0.0,0.0,0.0,0.0,0.0,0.0,0.0,0.0,0.0,0.0,0.0,0.0,0.0,0.0,0.0,0.0,0.0,0.0,0.0,0.0,0.0,0.0,0.0,0.0,0.0,0.0,0.0,0.0,0.0,0.0,0.0,0.0,0.0,0.0,0.0,0.0,0.0,0.0,13,0.0,0,0.0,9,0.0,0.0,5,0,0,0,0,0,0,0.0,~
119,Mahmoud,Dahoud,MID,BHA,?,"Dahoud (MID, ?)",0,0,0,0,0,0,0,0,0,0,0,0,0,0,18,0.0,0.0,0.0,0.0,0.0,0.0,0.0,0.0,0.0,0.0,0.0,0.0,0.0,0.0,0.0,0.0,0.0,0.0,0.0,0.0,0.0,0.0,0.0,0.0,0.0,0.0,0.0,0.0,0.0,0.0,0.0,0.0,0.0,0.0,0.0,0.0,0.0,0.0,0.0,0.0,0.0,0.0,0.0,0.0,0.0,0.0,0.0,0.0,0.0,0.0,0.0,0.0,0.0,0.0,0.0,0.0,0.0,0.0,0.0,0.0,0.0,0.0,0.0,0.0,0.0,0.0,0.0,0.0,0.0,0.0,0.0,0.0,0.0,0.0,0.0,0.0,0.0,0.0,0.0,0.0,0.0,0.0,0.0,0.0,0.0,0.0,0.0,0.0,0.0,0.0,0.0,0.0,0.0,0.0,0.0,0.0,0.0,0.0,0.0,0.0,0.0,0.0,0.0,0.0,0.0,0.0,0.0,0.0,0.0,0.0,0.0,0.0,0.0,0.0,0.0,0.0,0.0,0.0,0.0,0.0,0.0,0.0,0.0,0.0,0.0,0.0,0.0,0.0,0.0,0.0,0.0,0.0,0.0,0.0,0.0,0.0,0.0,0.0,0.0,0.0,13,0.0,0,0.0,9,0.0,0.0,5,0,0,0,0,0,0,0.0,~
125,Pascal,Groß,MID,BHA,?,"Gross (MID, ?)",0,0,0,0,0,0,0,0,0,0,0,0,0,0,18,0.0,0.0,0.0,0.0,0.0,0.0,0.0,0.0,0.0,0.0,0.0,0.0,0.0,0.0,0.0,0.0,0.0,0.0,0.0,0.0,0.0,0.0,0.0,0.0,0.0,0.0,0.0,0.0,0.0,0.0,0.0,0.0,0.0,0.0,0.0,0.0,0.0,0.0,0.0,0.0,0.0,0.0,0.0,0.0,0.0,0.0,0.0,0.0,0.0,0.0,0.0,0.0,0.0,0.0,0.0,0.0,0.0,0.0,0.0,0.0,0.0,0.0,0.0,0.0,0.0,0.0,0.0,0.0,0.0,0.0,0.0,0.0,0.0,0.0,0.0,0.0,0.0,0.0,0.0,0.0,0.0,0.0,0.0,0.0,0.0,0.0,0.0,0.0,0.0,0.0,0.0,0.0,0.0,0.0,0.0,0.0,0.0,0.0,0.0,0.0,0.0,0.0,0.0,0.0,0.0,0.0,0.0,0.0,0.0,0.0,0.0,0.0,0.0,0.0,0.0,0.0,0.0,0.0,0.0,0.0,0.0,0.0,0.0,0.0,0.0,0.0,0.0,0.0,0.0,0.0,0.0,0.0,0.0,0.0,0.0,0.0,0.0,0.0,0.0,0.0,13,0.0,0,0.0,9,0.0,0.0,5,0,0,0,0,0,0,0.0,~
127,Ibrahim,Osman,MID,BHA,?,"I.Osman (MID, ?)",0,0,0,0,0,0,0,0,0,0,0,0,0,0,18,0.0,0.0,0.0,0.0,0.0,0.0,0.0,0.0,0.0,0.0,0.0,0.0,0.0,0.0,0.0,0.0,0.0,0.0,0.0,0.0,0.0,0.0,0.0,0.0,0.0,0.0,0.0,0.0,0.0,0.0,0.0,0.0,0.0,0.0,0.0,0.0,0.0,0.0,0.0,0.0,0.0,0.0,0.0,0.0,0.0,0.0,0.0,0.0,0.0,0.0,0.0,0.0,0.0,0.0,0.0,0.0,0.0,0.0,0.0,0.0,0.0,0.0,0.0,0.0,0.0,0.0,0.0,0.0,0.0,0.0,0.0,0.0,0.0,0.0,0.0,0.0,0.0,0.0,0.0,0.0,0.0,0.0,0.0,0.0,0.0,0.0,0.0,0.0,0.0,0.0,0.0,0.0,0.0,0.0,0.0,0.0,0.0,0.0,0.0,0.0,0.0,0.0,0.0,0.0,0.0,0.0,0.0,0.0,0.0,0.0,0.0,0.0,0.0,0.0,0.0,0.0,0.0,0.0,0.0,0.0,0.0,0.0,0.0,0.0,0.0,0.0,0.0,0.0,0.0,0.0,0.0,0.0,0.0,0.0,0.0,0.0,0.0,0.0,0.0,0.0,13,0.0,0,0.0,9,0.0,0.0,5,0,0,0,0,0,0,0.0,~
130,Kacper,Kozłowski,MID,BHA,?,"Kozlowski (MID, ?)",0,0,0,0,0,0,0,0,0,0,0,0,0,0,18,0.0,0.0,0.0,0.0,0.0,0.0,0.0,0.0,0.0,0.0,0.0,0.0,0.0,0.0,0.0,0.0,0.0,0.0,0.0,0.0,0.0,0.0,0.0,0.0,0.0,0.0,0.0,0.0,0.0,0.0,0.0,0.0,0.0,0.0,0.0,0.0,0.0,0.0,0.0,0.0,0.0,0.0,0.0,0.0,0.0,0.0,0.0,0.0,0.0,0.0,0.0,0.0,0.0,0.0,0.0,0.0,0.0,0.0,0.0,0.0,0.0,0.0,0.0,0.0,0.0,0.0,0.0,0.0,0.0,0.0,0.0,0.0,0.0,0.0,0.0,0.0,0.0,0.0,0.0,0.0,0.0,0.0,0.0,0.0,0.0,0.0,0.0,0.0,0.0,0.0,0.0,0.0,0.0,0.0,0.0,0.0,0.0,0.0,0.0,0.0,0.0,0.0,0.0,0.0,0.0,0.0,0.0,0.0,0.0,0.0,0.0,0.0,0.0,0.0,0.0,0.0,0.0,0.0,0.0,0.0,0.0,0.0,0.0,0.0,0.0,0.0,0.0,0.0,0.0,0.0,0.0,0.0,0.0,0.0,0.0,0.0,0.0,0.0,0.0,0.0,13,0.0,0,0.0,9,0.0,0.0,5,0,0,0,0,0,0,0.0,~
133,Adrian,Mazilu,MID,BHA,?,"Mazilu (MID, ?)",0,0,0,0,0,0,0,0,0,0,0,0,0,0,18,0.0,0.0,0.0,0.0,0.0,0.0,0.0,0.0,0.0,0.0,0.0,0.0,0.0,0.0,0.0,0.0,0.0,0.0,0.0,0.0,0.0,0.0,0.0,0.0,0.0,0.0,0.0,0.0,0.0,0.0,0.0,0.0,0.0,0.0,0.0,0.0,0.0,0.0,0.0,0.0,0.0,0.0,0.0,0.0,0.0,0.0,0.0,0.0,0.0,0.0,0.0,0.0,0.0,0.0,0.0,0.0,0.0,0.0,0.0,0.0,0.0,0.0,0.0,0.0,0.0,0.0,0.0,0.0,0.0,0.0,0.0,0.0,0.0,0.0,0.0,0.0,0.0,0.0,0.0,0.0,0.0,0.0,0.0,0.0,0.0,0.0,0.0,0.0,0.0,0.0,0.0,0.0,0.0,0.0,0.0,0.0,0.0,0.0,0.0,0.0,0.0,0.0,0.0,0.0,0.0,0.0,0.0,0.0,0.0,0.0,0.0,0.0,0.0,0.0,0.0,0.0,0.0,0.0,0.0,0.0,0.0,0.0,0.0,0.0,0.0,0.0,0.0,0.0,0.0,0.0,0.0,0.0,0.0,0.0,0.0,0.0,0.0,0.0,0.0,0.0,13,0.0,0,0.0,9,0.0,0.0,5,0,0,0,0,0,0,0.0,~
138,Mark,O’Mahony,FWD,BHA,?,"O’Mahony (FWD, ?)",0,0,0,0,0,0,0,0,0,0,0,0,0,0,18,0.0,0.0,0.0,0.0,0.0,0.0,0.0,0.0,0.0,0.0,0.0,0.0,0.0,0.0,0.0,0.0,0.0,0.0,0.0,0.0,0.0,0.0,0.0,0.0,0.0,0.0,0.0,0.0,0.0,0.0,0.0,0.0,0.0,0.0,0.0,0.0,0.0,0.0,0.0,0.0,0.0,0.0,0.0,0.0,0.0,0.0,0.0,0.0,0.0,0.0,0.0,0.0,0.0,0.0,0.0,0.0,0.0,0.0,0.0,0.0,0.0,0.0,0.0,0.0,0.0,0.0,0.0,0.0,0.0,0.0,0.0,0.0,0.0,0.0,0.0,0.0,0.0,0.0,0.0,0.0,0.0,0.0,0.0,0.0,0.0,0.0,0.0,0.0,0.0,0.0,0.0,0.0,0.0,0.0,0.0,0.0,0.0,0.0,0.0,0.0,0.0,0.0,0.0,0.0,0.0,0.0,0.0,0.0,0.0,0.0,0.0,0.0,0.0,0.0,0.0,0.0,0.0,0.0,0.0,0.0,0.0,0.0,0.0,0.0,0.0,0.0,0.0,0.0,0.0,0.0,0.0,0.0,0.0,0.0,0.0,0.0,0.0,0.0,0.0,0.0,13,0.0,0,0.0,9,0.0,0.0,5,0,0,0,0,0,0,0.0,~
139,Odeluga,Offiah,DEF,BHA,?,"Offiah (DEF, ?)",0,0,0,0,0,0,0,0,0,0,0,0,0,0,18,0.0,0.0,0.0,0.0,0.0,0.0,0.0,0.0,0.0,0.0,0.0,0.0,0.0,0.0,0.0,0.0,0.0,0.0,0.0,0.0,0.0,0.0,0.0,0.0,0.0,0.0,0.0,0.0,0.0,0.0,0.0,0.0,0.0,0.0,0.0,0.0,0.0,0.0,0.0,0.0,0.0,0.0,0.0,0.0,0.0,0.0,0.0,0.0,0.0,0.0,0.0,0.0,0.0,0.0,0.0,0.0,0.0,0.0,0.0,0.0,0.0,0.0,0.0,0.0,0.0,0.0,0.0,0.0,0.0,0.0,0.0,0.0,0.0,0.0,0.0,0.0,0.0,0.0,0.0,0.0,0.0,0.0,0.0,0.0,0.0,0.0,0.0,0.0,0.0,0.0,0.0,0.0,0.0,0.0,0.0,0.0,0.0,0.0,0.0,0.0,0.0,0.0,0.0,0.0,0.0,0.0,0.0,0.0,0.0,0.0,0.0,0.0,0.0,0.0,0.0,0.0,0.0,0.0,0.0,0.0,0.0,0.0,0.0,0.0,0.0,0.0,0.0,0.0,0.0,0.0,0.0,0.0,0.0,0.0,0.0,0.0,0.0,0.0,0.0,0.0,13,0.0,17,0.0,0,0.0,0.0,5,0,0,0,0,0,0,0.0,~
140,Cameron,Peupion,MID,BHA,?,"Peupion (MID, ?)",0,0,0,0,0,0,0,0,0,0,0,0,0,0,18,0.0,0.0,0.0,0.0,0.0,0.0,0.0,0.0,0.0,0.0,0.0,0.0,0.0,0.0,0.0,0.0,0.0,0.0,0.0,0.0,0.0,0.0,0.0,0.0,0.0,0.0,0.0,0.0,0.0,0.0,0.0,0.0,0.0,0.0,0.0,0.0,0.0,0.0,0.0,0.0,0.0,0.0,0.0,0.0,0.0,0.0,0.0,0.0,0.0,0.0,0.0,0.0,0.0,0.0,0.0,0.0,0.0,0.0,0.0,0.0,0.0,0.0,0.0,0.0,0.0,0.0,0.0,0.0,0.0,0.0,0.0,0.0,0.0,0.0,0.0,0.0,0.0,0.0,0.0,0.0,0.0,0.0,0.0,0.0,0.0,0.0,0.0,0.0,0.0,0.0,0.0,0.0,0.0,0.0,0.0,0.0,0.0,0.0,0.0,0.0,0.0,0.0,0.0,0.0,0.0,0.0,0.0,0.0,0.0,0.0,0.0,0.0,0.0,0.0,0.0,0.0,0.0,0.0,0.0,0.0,0.0,0.0,0.0,0.0,0.0,0.0,0.0,0.0,0.0,0.0,0.0,0.0,0.0,0.0,0.0,0.0,0.0,0.0,0.0,0.0,13,0.0,0,0.0,9,0.0,0.0,5,0,0,0,0,0,0,0.0,~
143,Deniz,Undav,FWD,BHA,?,"Undav (FWD, ?)",0,0,0,0,0,0,0,0,0,0,0,0,0,0,18,0.0,0.0,0.0,0.0,0.0,0.0,0.0,0.0,0.0,0.0,0.0,0.0,0.0,0.0,0.0,0.0,0.0,0.0,0.0,0.0,0.0,0.0,0.0,0.0,0.0,0.0,0.0,0.0,0.0,0.0,0.0,0.0,0.0,0.0,0.0,0.0,0.0,0.0,0.0,0.0,0.0,0.0,0.0,0.0,0.0,0.0,0.0,0.0,0.0,0.0,0.0,0.0,0.0,0.0,0.0,0.0,0.0,0.0,0.0,0.0,0.0,0.0,0.0,0.0,0.0,0.0,0.0,0.0,0.0,0.0,0.0,0.0,0.0,0.0,0.0,0.0,0.0,0.0,0.0,0.0,0.0,0.0,0.0,0.0,0.0,0.0,0.0,0.0,0.0,0.0,0.0,0.0,0.0,0.0,0.0,0.0,0.0,0.0,0.0,0.0,0.0,0.0,0.0,0.0,0.0,0.0,0.0,0.0,0.0,0.0,0.0,0.0,0.0,0.0,0.0,0.0,0.0,0.0,0.0,0.0,0.0,0.0,0.0,0.0,0.0,0.0,0.0,0.0,0.0,0.0,0.0,0.0,0.0,0.0,0.0,0.0,0.0,0.0,0.0,0.0,13,0.0,0,0.0,9,0.0,0.0,5,0,0,0,0,0,0,0.0,~
601,Andrew,Moran,MID,BHA,?,"Moran (MID, ?)",0,0,0,0,0,0,0,0,0,0,0,0,0,0,18,0.0,0.0,0.0,0.0,0.0,0.0,0.0,0.0,0.0,0.0,0.0,0.0,0.0,0.0,0.0,0.0,0.0,0.0,0.0,0.0,0.0,0.0,0.0,0.0,0.0,0.0,0.0,0.0,0.0,0.0,0.0,0.0,0.0,0.0,0.0,0.0,0.0,0.0,0.0,0.0,0.0,0.0,0.0,0.0,0.0,0.0,0.0,0.0,0.0,0.0,0.0,0.0,0.0,0.0,0.0,0.0,0.0,0.0,0.0,0.0,0.0,0.0,0.0,0.0,0.0,0.0,0.0,0.0,0.0,0.0,0.0,0.0,0.0,0.0,0.0,0.0,0.0,0.0,0.0,0.0,0.0,0.0,0.0,0.0,0.0,0.0,0.0,0.0,0.0,0.0,0.0,0.0,0.0,0.0,0.0,0.0,0.0,0.0,0.0,0.0,0.0,0.0,0.0,0.0,0.0,0.0,0.0,0.0,0.0,0.0,0.0,0.0,0.0,0.0,0.0,0.0,0.0,0.0,0.0,0.0,0.0,0.0,0.0,0.0,0.0,0.0,0.0,0.0,0.0,0.0,0.0,0.0,0.0,0.0,0.0,0.0,0.0,0.0,0.0,0.0,13,0.0,0,0.0,9,0.0,0.0,5,0,0,0,0,0,0,0.0,~
615,Carl,Rushworth,GKP,BHA,?,"Rushworth (GKP, ?)",0,0,0,0,0,0,0,0,0,0,0,0,0,0,18,0.0,0.0,0.0,0.0,0.0,0.0,0.0,0.0,0.0,0.0,0.0,0.0,0.0,0.0,0.0,0.0,0.0,0.0,0.0,0.0,0.0,0.0,0.0,0.0,0.0,0.0,0.0,0.0,0.0,0.0,0.0,0.0,0.0,0.0,0.0,0.0,0.0,0.0,0.0,0.0,0.0,0.0,0.0,0.0,0.0,0.0,0.0,0.0,0.0,0.0,0.0,0.0,0.0,0.0,0.0,0.0,0.0,0.0,0.0,0.0,0.0,0.0,0.0,0.0,0.0,0.0,0.0,0.0,0.0,0.0,0.0,0.0,0.0,0.0,0.0,0.0,0.0,0.0,0.0,0.0,0.0,0.0,0.0,0.0,0.0,0.0,0.0,0.0,0.0,0.0,0.0,0.0,0.0,0.0,0.0,0.0,0.0,0.0,0.0,0.0,0.0,0.0,0.0,0.0,0.0,0.0,0.0,0.0,0.0,0.0,0.0,0.0,0.0,0.0,0.0,0.0,0.0,0.0,0.0,0.0,0.0,0.0,0.0,0.0,0.0,0.0,0.0,0.0,0.0,0.0,0.0,0.0,0.0,0.0,0.0,0.0,0.0,0.0,0.0,0.0,13,0.0,17,0.0,0,0.0,0.0,5,0,0,0,0,0,0,0.0,~
663,Imari,Samuels,DEF,BHA,?,"Samuels (DEF, ?)",0,0,0,0,0,0,0,0,0,0,0,0,0,0,18,0.0,0.0,0.0,0.0,0.0,0.0,0.0,0.0,0.0,0.0,0.0,0.0,0.0,0.0,0.0,0.0,0.0,0.0,0.0,0.0,0.0,0.0,0.0,0.0,0.0,0.0,0.0,0.0,0.0,0.0,0.0,0.0,0.0,0.0,0.0,0.0,0.0,0.0,0.0,0.0,0.0,0.0,0.0,0.0,0.0,0.0,0.0,0.0,0.0,0.0,0.0,0.0,0.0,0.0,0.0,0.0,0.0,0.0,0.0,0.0,0.0,0.0,0.0,0.0,0.0,0.0,0.0,0.0,0.0,0.0,0.0,0.0,0.0,0.0,0.0,0.0,0.0,0.0,0.0,0.0,0.0,0.0,0.0,0.0,0.0,0.0,0.0,0.0,0.0,0.0,0.0,0.0,0.0,0.0,0.0,0.0,0.0,0.0,0.0,0.0,0.0,0.0,0.0,0.0,0.0,0.0,0.0,0.0,0.0,0.0,0.0,0.0,0.0,0.0,0.0,0.0,0.0,0.0,0.0,0.0,0.0,0.0,0.0,0.0,0.0,0.0,0.0,0.0,0.0,0.0,0.0,0.0,0.0,0.0,0.0,0.0,0.0,0.0,0.0,0.0,13,0.0,17,0.0,0,0.0,0.0,5,0,0,0,0,0,0,0.0,~
668,Killian,Cahill,GKP,BHA,?,"Cahill (GKP, ?)",0,0,0,0,0,0,0,0,0,0,0,0,0,0,18,0.0,0.0,0.0,0.0,0.0,0.0,0.0,0.0,0.0,0.0,0.0,0.0,0.0,0.0,0.0,0.0,0.0,0.0,0.0,0.0,0.0,0.0,0.0,0.0,0.0,0.0,0.0,0.0,0.0,0.0,0.0,0.0,0.0,0.0,0.0,0.0,0.0,0.0,0.0,0.0,0.0,0.0,0.0,0.0,0.0,0.0,0.0,0.0,0.0,0.0,0.0,0.0,0.0,0.0,0.0,0.0,0.0,0.0,0.0,0.0,0.0,0.0,0.0,0.0,0.0,0.0,0.0,0.0,0.0,0.0,0.0,0.0,0.0,0.0,0.0,0.0,0.0,0.0,0.0,0.0,0.0,0.0,0.0,0.0,0.0,0.0,0.0,0.0,0.0,0.0,0.0,0.0,0.0,0.0,0.0,0.0,0.0,0.0,0.0,0.0,0.0,0.0,0.0,0.0,0.0,0.0,0.0,0.0,0.0,0.0,0.0,0.0,0.0,0.0,0.0,0.0,0.0,0.0,0.0,0.0,0.0,0.0,0.0,0.0,0.0,0.0,0.0,0.0,0.0,0.0,0.0,0.0,0.0,0.0,0.0,0.0,0.0,0.0,0.0,0.0,13,0.0,17,0.0,0,0.0,0.0,5,0,0,0,0,0,0,0.0,~
681,Ruairi,McConville,DEF,BHA,?,"McConville (DEF, ?)",0,0,0,0,0,0,0,0,0,0,0,0,0,0,18,0.0,0.0,0.0,0.0,0.0,0.0,0.0,0.0,0.0,0.0,0.0,0.0,0.0,0.0,0.0,0.0,0.0,0.0,0.0,0.0,0.0,0.0,0.0,0.0,0.0,0.0,0.0,0.0,0.0,0.0,0.0,0.0,0.0,0.0,0.0,0.0,0.0,0.0,0.0,0.0,0.0,0.0,0.0,0.0,0.0,0.0,0.0,0.0,0.0,0.0,0.0,0.0,0.0,0.0,0.0,0.0,0.0,0.0,0.0,0.0,0.0,0.0,0.0,0.0,0.0,0.0,0.0,0.0,0.0,0.0,0.0,0.0,0.0,0.0,0.0,0.0,0.0,0.0,0.0,0.0,0.0,0.0,0.0,0.0,0.0,0.0,0.0,0.0,0.0,0.0,0.0,0.0,0.0,0.0,0.0,0.0,0.0,0.0,0.0,0.0,0.0,0.0,0.0,0.0,0.0,0.0,0.0,0.0,0.0,0.0,0.0,0.0,0.0,0.0,0.0,0.0,0.0,0.0,0.0,0.0,0.0,0.0,0.0,0.0,0.0,0.0,0.0,0.0,0.0,0.0,0.0,0.0,0.0,0.0,0.0,0.0,0.0,0.0,0.0,0.0,13,0.0,17,0.0,0,0.0,0.0,5,0,0,0,0,0,0,0.0,~
685,Jacob,Slater,DEF,BHA,?,"Slater (DEF, ?)",0,0,0,0,0,0,0,0,0,0,0,0,0,0,18,0.0,0.0,0.0,0.0,0.0,0.0,0.0,0.0,0.0,0.0,0.0,0.0,0.0,0.0,0.0,0.0,0.0,0.0,0.0,0.0,0.0,0.0,0.0,0.0,0.0,0.0,0.0,0.0,0.0,0.0,0.0,0.0,0.0,0.0,0.0,0.0,0.0,0.0,0.0,0.0,0.0,0.0,0.0,0.0,0.0,0.0,0.0,0.0,0.0,0.0,0.0,0.0,0.0,0.0,0.0,0.0,0.0,0.0,0.0,0.0,0.0,0.0,0.0,0.0,0.0,0.0,0.0,0.0,0.0,0.0,0.0,0.0,0.0,0.0,0.0,0.0,0.0,0.0,0.0,0.0,0.0,0.0,0.0,0.0,0.0,0.0,0.0,0.0,0.0,0.0,0.0,0.0,0.0,0.0,0.0,0.0,0.0,0.0,0.0,0.0,0.0,0.0,0.0,0.0,0.0,0.0,0.0,0.0,0.0,0.0,0.0,0.0,0.0,0.0,0.0,0.0,0.0,0.0,0.0,0.0,0.0,0.0,0.0,0.0,0.0,0.0,0.0,0.0,0.0,0.0,0.0,0.0,0.0,0.0,0.0,0.0,0.0,0.0,0.0,0.0,13,0.0,17,0.0,0,0.0,0.0,5,0,0,0,0,0,0,0.0,~
70,Milos,Kerkez,DEF,BOU,?,"Kerkez (DEF, ?)",62,1547,1,21,0,2,4,0,0,0,2,0,5,18,0,6.0,1.5,5.166666666666667,2.1111111111111107,2.3392781412697,90.0,0.0,90.0,0.0,0.0,2.0,1.0,3.4444444444444446,2.592592592592593,2.891024851390597,90.0,0.0,85.94444444444444,6.3086419753086425,8.540571293812338,0.0,0.0,0.0555555555555555,0.1049382716049382,0.2290614236454256,1.0,0.5,1.1666666666666667,0.6851851851851851,0.8975274678557507,0.0,0.0,0.0,0.0,0.0,0.0,0.0,0.1111111111111111,0.2098765432098765,0.4581228472908512,0.0,0.0,0.2222222222222222,0.345679012345679,0.415739709641549,0.0,0.0,0.0,0.0,0.0,0.0,0.0,0.0,0.0,0.0,0.0,0.0,0.0,0.0,0.0,0.0,0.0,0.1111111111111111,0.1975308641975308,0.3142696805273545,0.0,0.0,0.0,0.0,0.0,0.0,0.0,0.2777777777777778,0.462962962962963,0.6502611061510903,2.0,1.0,3.4444444444444446,2.592592592592593,2.891024851390597,90.0,0.0,85.94444444444444,6.3086419753086425,8.540571293812338,0.0,0.0,0.0555555555555555,0.1049382716049382,0.2290614236454256,1.0,0.5,1.1666666666666667,0.6851851851851851,0.8975274678557507,0.0,0.0,0.0,0.0,0.0,0.0,0.0,0.1111111111111111,0.2098765432098765,0.4581228472908512,0.0,0.0,0.2222222222222222,0.345679012345679,0.415739709641549,0.0,0.0,0.0,0.0,0.0,0.0,0.0,0.0,0.0,0.0,0.0,0.0,0.0,0.0,0.0,0.0,0.0,0.1111111111111111,0.1975308641975308,0.3142696805273545,0.0,0.0,0.0,0.0,0.0,0.0,0.0,0.2777777777777778,0.462962962962963,0.6502611061510903,-5,9.444444444444445,10,11.111111111111112,0,0.0,10.27777777778,5,1,12,1,7,6,27,16.722222222219997,6↑
580,Dean,Huijsen,DEF,BOU,?,"Huijsen (DEF, ?)",48,700,2,6,0,0,3,0,0,0,3,0,9,12,6,5.0,3.5,7.0,5.333333333333333,5.773502691896258,90.0,0.0,76.33333333333333,22.777777777777786,30.55959569249713,1.0,1.0,2.6666666666666665,3.222222222222222,4.558264777059114,18.0,18.0,38.888888888888886,39.75308641975309,41.40972629828366,0.0,0.0,0.1111111111111111,0.1975308641975308,0.3142696805273545,0.0,0.0,0.3333333333333333,0.5185185185185186,0.7453559924999299,0.0,0.0,0.0,0.0,0.0,0.0,0.0,0.0,0.0,0.0,0.0,0.0,0.1666666666666666,0.2777777777777778,0.3726779962499649,0.0,0.0,0.0,0.0,0.0,0.0,0.0,0.0,0.0,0.0,0.0,0.0,0.0,0.0,0.0,0.0,0.0,0.1666666666666666,0.2777777777777778,0.372677996249965,0.0,0.0,0.0,0.0,0.0,0.0,0.0,0.5,0.8333333333333334,1.118033988749895,1.5,0.5,4.0,4.166666666666667,5.082650227325635,90.0,0.0,58.333333333333336,36.94444444444445,37.91950538824167,0.0,0.0,0.1666666666666666,0.2777777777777777,0.372677996249965,0.0,0.0,0.5,0.6666666666666666,0.8660254037844386,0.0,0.0,0.0,0.0,0.0,0.0,0.0,0.0,0.0,0.0,0.0,0.0,0.25,0.375,0.4330127018922193,0.0,0.0,0.0,0.0,0.0,0.0,0.0,0.0,0.0,0.0,0.0,0.0,0.0,0.0,0.0,0.0,0.0,0.25,0.375,0.4330127018922193,0.0,0.0,0.0,0.0,0.0,0.0,0.0,0.75,1.125,1.299038105676658,-5,4.444444444444445,10,6.111111111111111,0,0.0,5.27777777778,5,1,8,0,2,6,17,11.722222222220001,6↑
152,Kepa,Arrizabalaga,GKP,BOU,?,"Arrizabalaga (GKP, ?)",50,1170,0,16,0,0,4,46,0,0,2,0,4,13,5,5.0,3.0,5.0,3.0,3.1091263510296048,90.0,0.0,90.0,0.0,0.0,2.0,2.0,2.7777777777777777,2.283950617283951,2.8196838978776717,90.0,0.0,65.0,36.11111111111112,40.311288741492746,0.0,0.0,0.0,0.0,0.0,0.5,0.5,0.8888888888888888,0.8888888888888888,1.048220125784067,0.0,0.0,0.0,0.0,0.0,0.0,0.0,0.0,0.0,0.0,0.0,0.0,0.2222222222222222,0.345679012345679,0.415739709641549,2.0,2.0,2.555555555555556,2.1234567901234573,2.586765939293959,0.0,0.0,0.0,0.0,0.0,0.0,0.0,0.0,0.0,0.0,0.0,0.0,0.1111111111111111,0.1975308641975308,0.3142696805273545,0.0,0.0,0.0,0.0,0.0,0.0,0.0,0.2222222222222222,0.3703703703703704,0.5328701692569688,3.0,1.0,3.8461538461538463,2.272189349112426,2.626672473686749,90.0,0.0,90.0,0.0,0.0,0.0,0.0,0.0,0.0,0.0,1.0,1.0,1.2307692307692308,0.8994082840236685,1.049090899768143,0.0,0.0,0.0,0.0,0.0,0.0,0.0,0.0,0.0,0.0,0.0,0.0,0.3076923076923077,0.4260355029585799,0.4615384615384615,3.0,1.0,3.5384615384615383,1.964497041420118,2.4056147340172136,0.0,0.0,0.0,0.0,0.0,0.0,0.0,0.0,0.0,0.0,0.0,0.0,0.1538461538461538,0.2603550295857988,0.3608012122941099,0.0,0.0,0.0,0.0,0.0,0.0,0.0,0.3076923076923077,0.4733727810650888,0.6056929133855239,-5,8.88888888888889,10,12.22222222222222,0,0.0,10.55555555556,5,2,0,0,3,7,12,1.4444444444400002,1↑
85,Illia,Zabarnyi,DEF,BOU,?,"Zabarnyi (DEF, ?)",47,1620,0,21,0,0,4,0,0,0,2,0,2,18,0,5.0,1.0,4.0,2.0,2.309401076758503,90.0,0.0,90.0,0.0,0.0,2.0,1.0,2.611111111111111,1.660493827160494,2.0038543107634927,90.0,0.0,90.0,0.0,0.0,0.0,0.0,0.0,0.0,0.0,1.0,0.5,1.1666666666666667,0.6851851851851851,0.8975274678557507,0.0,0.0,0.0,0.0,0.0,0.0,0.0,0.0,0.0,0.0,0.0,0.0,0.2222222222222222,0.345679012345679,0.415739709641549,0.0,0.0,0.0,0.0,0.0,0.0,0.0,0.0,0.0,0.0,0.0,0.0,0.0,0.0,0.0,0.0,0.0,0.1111111111111111,0.1975308641975308,0.3142696805273545,0.0,0.0,0.0,0.0,0.0,0.0,0.0,0.1111111111111111,0.2098765432098765,0.4581228472908512,2.0,1.0,2.611111111111111,1.660493827160494,2.0038543107634927,90.0,0.0,90.0,0.0,0.0,0.0,0.0,0.0,0.0,0.0,1.0,0.5,1.1666666666666667,0.6851851851851851,0.8975274678557507,0.0,0.0,0.0,0.0,0.0,0.0,0.0,0.0,0.0,0.0,0.0,0.0,0.2222222222222222,0.345679012345679,0.415739709641549,0.0,0.0,0.0,0.0,0.0,0.0,0.0,0.0,0.0,0.0,0.0,0.0,0.0,0.0,0.0,0.0,0.0,0.1111111111111111,0.1975308641975308,0.3142696805273545,0.0,0.0,0.0,0.0,0.0,0.0,0.0,0.1111111111111111,0.2098765432098765,0.4581228472908512,-5,9.444444444444445,10,11.111111111111112,0,0.0,10.27777777778,5,1,7,1,2,5,16,5.722222222219999,4↑
71,Justin,Kluivert,MID,BOU,?,"Kluivert (MID, ?)",75,1124,6,14,0,2,8,0,0,0,5,0,5,18,0,3.0,1.0,6.333333333333333,5.111111111111111,6.446359868604572,73.5,4.5,71.33333333333333,6.0,6.69991708074726,2.5,1.0,4.166666666666667,3.3518518518518525,4.740487551109298,71.0,8.0,62.44444444444444,15.629629629629628,19.038622213870127,0.0,0.0,0.3333333333333333,0.5185185185185185,0.7453559924999298,0.0,0.0,0.7777777777777778,0.9506172839506172,1.0829771494232183,0.0,0.0,0.0,0.0,0.0,0.0,0.0,0.1111111111111111,0.1975308641975308,0.3142696805273545,0.0,0.0,0.4444444444444444,0.4938271604938272,0.4969039949999533,0.0,0.0,0.0,0.0,0.0,0.0,0.0,0.0,0.0,0.0,0.0,0.0,0.0,0.0,0.0,0.0,0.0,0.2777777777777778,0.4012345679012346,0.4479032082388083,0.0,0.0,0.0,0.0,0.0,0.0,0.0,0.2777777777777778,0.4938271604938272,0.8031573497111645,2.5,1.0,4.166666666666667,3.3518518518518525,4.740487551109298,71.0,8.0,62.44444444444444,15.629629629629628,19.038622213870127,0.0,0.0,0.3333333333333333,0.5185185185185185,0.7453559924999298,0.0,0.0,0.7777777777777778,0.9506172839506172,1.0829771494232183,0.0,0.0,0.0,0.0,0.0,0.0,0.0,0.1111111111111111,0.1975308641975308,0.3142696805273545,0.0,0.0,0.4444444444444444,0.4938271604938272,0.4969039949999533,0.0,0.0,0.0,0.0,0.0,0.0,0.0,0.0,0.0,0.0,0.0,0.0,0.0,0.0,0.0,0.0,0.0,0.2777777777777778,0.4012345679012346,0.4479032082388083,0.0,0.0,0.0,0.0,0.0,0.0,0.0,0.2777777777777778,0.4938271604938272,0.8031573497111645,-5,11.944444444444445,0,0.0,-7,11.72222222222222,11.83333333333,5,0,3,8,22,13,46,34.16666666667,7↑
63,Ryan,Christie,MID,BOU,?,"Christie (MID, ?)",43,1221,1,15,0,1,6,0,0,0,5,0,2,17,1,3.0,0.5,3.333333333333333,1.2222222222222223,1.699673171197595,90.0,0.0,86.83333333333333,4.222222222222224,5.177408189003022,2.0,0.5,2.388888888888889,1.117283950617284,1.6377114414426304,74.0,11.0,67.83333333333333,17.87037037037037,24.743686063317245,0.0,0.0,0.0555555555555555,0.1049382716049382,0.2290614236454256,0.5,0.5,0.8333333333333334,0.8333333333333334,1.0137937550497031,0.0,0.0,0.0,0.0,0.0,0.0,0.0,0.0555555555555555,0.1049382716049382,0.2290614236454256,0.0,0.0,0.3333333333333333,0.4444444444444444,0.4714045207910317,0.0,0.0,0.0,0.0,0.0,0.0,0.0,0.0,0.0,0.0,0.0,0.0,0.0,0.0,0.0,0.0,0.0,0.2777777777777778,0.4012345679012346,0.4479032082388083,0.0,0.0,0.0,0.0,0.0,0.0,0.0,0.1111111111111111,0.1975308641975308,0.3142696805273545,2.0,0.0,2.5294117647058822,1.1003460207612454,1.5762071772910895,75.0,10.0,71.82352941176471,14.207612456747404,19.01774803925084,0.0,0.0,0.0588235294117647,0.1107266435986159,0.2352941176470588,1.0,1.0,0.8823529411764706,0.8304498269896193,1.0222439527636922,0.0,0.0,0.0,0.0,0.0,0.0,0.0,0.0588235294117647,0.1107266435986159,0.2352941176470588,0.0,0.0,0.3529411764705882,0.4567474048442907,0.4778846120374094,0.0,0.0,0.0,0.0,0.0,0.0,0.0,0.0,0.0,0.0,0.0,0.0,0.0,0.0,0.0,0.0,0.0,0.2941176470588235,0.4152249134948096,0.4556450995538137,0.0,0.0,0.0,0.0,0.0,0.0,0.0,0.1176470588235294,0.2076124567474048,0.3221897397089212,-5,9.72222222222222,0,0.0,-7,9.611111111111112,9.66666666667,5,1,3,4,1,3,12,2.3333333333299997,2↑
78,Antoine,Semenyo,MID,BOU,?,"Semenyo (MID, ?)",66,1476,5,18,0,1,5,0,0,0,5,0,4,17,1,3.0,0.5,3.1666666666666665,1.611111111111111,2.4094720491334938,86.0,4.0,69.83333333333333,24.222222222222225,32.22016276943505,2.5,1.5,3.6666666666666665,2.444444444444444,2.8480012484391777,90.0,0.0,82.0,12.22222222222222,21.031722072463143,0.0,0.0,0.2777777777777778,0.4012345679012345,0.4479032082388083,1.0,1.0,1.0,0.6666666666666666,0.9428090415820634,0.0,0.0,0.0,0.0,0.0,0.0,0.0,0.0555555555555555,0.1049382716049382,0.2290614236454256,0.0,0.0,0.2777777777777778,0.4012345679012346,0.4479032082388083,0.0,0.0,0.0,0.0,0.0,0.0,0.0,0.0,0.0,0.0,0.0,0.0,0.0,0.0,0.0,0.0,0.0,0.2777777777777778,0.4012345679012346,0.4479032082388083,0.0,0.0,0.0,0.0,0.0,0.0,0.0,0.2222222222222222,0.3950617283950617,0.7114582486036499,3.0,2.0,3.882352941176471,2.43598615916955,2.7840375449880543,90.0,0.0,86.82352941176471,4.761245674740482,7.0396799235196434,0.0,0.0,0.2941176470588235,0.4152249134948097,0.4556450995538137,1.0,1.0,1.0588235294117647,0.6782006920415224,0.9374927912064251,0.0,0.0,0.0,0.0,0.0,0.0,0.0,0.0588235294117647,0.1107266435986159,0.2352941176470588,0.0,0.0,0.2941176470588235,0.4152249134948097,0.4556450995538137,0.0,0.0,0.0,0.0,0.0,0.0,0.0,0.0,0.0,0.0,0.0,0.0,0.0,0.0,0.0,0.0,0.0,0.2941176470588235,0.4152249134948096,0.4556450995538137,0.0,0.0,0.0,0.0,0.0,0.0,0.0,0.2352941176470588,0.4152249134948097,0.7299808027053445,-5,11.666666666666668,0,0.0,-7,11.333333333333334,11.5,5,5,3,12,5,9,34,22.5,7↑
74,Dango,Ouattara,MID,BOU,?,"O.Dango (MID, ?)",48,780,2,6,0,3,3,0,0,0,0,0,4,15,3,2.5,1.5,4.166666666666667,3.2222222222222228,3.890872509976251,55.5,29.5,57.16666666666666,30.83333333333334,30.89992808333954,1.5,1.0,2.6666666666666665,2.222222222222222,3.055050463303893,36.0,25.0,43.333333333333336,27.11111111111111,30.983866769659333,0.0,0.0,0.1111111111111111,0.1975308641975308,0.3142696805273545,0.0,0.0,0.3333333333333333,0.4444444444444444,0.4714045207910317,0.0,0.0,0.0,0.0,0.0,0.0,0.0,0.1666666666666666,0.2777777777777778,0.3726779962499649,0.0,0.0,0.1666666666666666,0.2777777777777778,0.3726779962499649,0.0,0.0,0.0,0.0,0.0,0.0,0.0,0.0,0.0,0.0,0.0,0.0,0.0,0.0,0.0,0.0,0.0,0.0,0.0,0.0,0.0,0.0,0.0,0.0,0.0,0.0,0.0,0.2222222222222222,0.3950617283950617,0.7114582486036499,2.0,1.0,3.2,2.293333333333333,3.081125335544358,45.0,20.0,52.0,24.0,26.482698754721607,0.0,0.0,0.1333333333333333,0.2311111111111111,0.339934634239519,0.0,0.0,0.4,0.4800000000000001,0.4898979485566356,0.0,0.0,0.0,0.0,0.0,0.0,0.0,0.2,0.32,0.4,0.0,0.0,0.2,0.32,0.4,0.0,0.0,0.0,0.0,0.0,0.0,0.0,0.0,0.0,0.0,0.0,0.0,0.0,0.0,0.0,0.0,0.0,0.0,0.0,0.0,0.0,0.0,0.0,0.0,0.0,0.0,0.0,0.2666666666666666,0.4622222222222222,0.7717224601860151,-5,6.944444444444445,0,0.0,-7,6.722222222222222,6.83333333333,5,6,3,2,4,21,36,29.16666666667,7↑
617,Francisco Evanilson,de Lima Barbosa,FWD,BOU,?,"Evanilson (FWD, ?)",68,1206,4,16,0,4,7,0,0,1,0,0,10,17,1,2.0,0.0,3.5,2.833333333333333,3.8188130791298662,74.5,4.5,68.33333333333333,13.444444444444448,18.571184369578827,2.0,0.5,3.7777777777777777,2.925925925925926,3.3920750049941657,75.0,5.5,67.0,16.666666666666668,23.482854265281397,0.0,0.0,0.2222222222222222,0.345679012345679,0.415739709641549,0.5,0.5,0.8888888888888888,0.8888888888888888,1.048220125784067,0.0,0.0,0.0,0.0,0.0,0.0,0.0,0.2222222222222222,0.3950617283950617,0.7114582486036499,0.0,0.0,0.3888888888888889,0.4753086419753086,0.4874980215217846,0.0,0.0,0.0,0.0,0.0,0.0,0.0,0.0,0.0,0.0,0.0,0.0,0.0555555555555555,0.1049382716049382,0.2290614236454256,0.0,0.0,0.0,0.0,0.0,0.0,0.0,0.0,0.0,0.0,0.0,0.0,0.5555555555555556,0.802469135802469,1.0122703976827,2.0,0.0,4.0,2.9411764705882355,3.3606722016672235,75.0,5.0,70.94117647058823,11.730103806228374,17.443928956500777,0.0,0.0,0.2352941176470588,0.3598615916955017,0.4241825029957634,1.0,1.0,0.9411764705882352,0.8858131487889274,1.055550496760374,0.0,0.0,0.0,0.0,0.0,0.0,0.0,0.2352941176470588,0.4152249134948097,0.7299808027053445,0.0,0.0,0.4117647058823529,0.4844290657439445,0.4921529567847503,0.0,0.0,0.0,0.0,0.0,0.0,0.0,0.0,0.0,0.0,0.0,0.0,0.0588235294117647,0.1107266435986159,0.2352941176470588,0.0,0.0,0.0,0.0,0.0,0.0,0.0,0.0,0.0,0.0,0.0,0.0,0.5882352941176471,0.8304498269896194,1.0323487514578966,-5,9.72222222222222,0,0.0,-7,9.611111111111112,9.66666666667,5,8,2,0,0,0,10,0.3333333333299997,~
65,Enes,Ünal,FWD,BOU,?,"Enes Ünal (FWD, ?)",31,293,2,3,0,1,2,0,0,0,1,0,4,15,3,1.5,0.5,3.1666666666666665,2.555555555555556,2.793842435706702,16.0,8.5,22.5,14.333333333333334,18.56295594277305,1.0,0.0,1.7222222222222223,1.4567901234567902,2.0764701767811955,12.5,5.0,16.27777777777778,11.65432098765432,17.489061837349002,0.0,0.0,0.1111111111111111,0.1975308641975308,0.3142696805273545,0.0,0.0,0.1666666666666666,0.2777777777777778,0.3726779962499649,0.0,0.0,0.0,0.0,0.0,0.0,0.0,0.0555555555555555,0.1049382716049382,0.2290614236454256,0.0,0.0,0.1111111111111111,0.1975308641975308,0.3142696805273545,0.0,0.0,0.0,0.0,0.0,0.0,0.0,0.0,0.0,0.0,0.0,0.0,0.0,0.0,0.0,0.0,0.0,0.0555555555555555,0.1049382716049382,0.2290614236454256,0.0,0.0,0.0,0.0,0.0,0.0,0.0,0.2222222222222222,0.3950617283950617,0.7114582486036499,1.0,0.0,2.066666666666667,1.5733333333333337,2.1123972690339814,14.0,4.0,19.53333333333333,12.32,17.419784409942878,0.0,0.0,0.1333333333333333,0.2311111111111111,0.339934634239519,0.0,0.0,0.2,0.32,0.4000000000000001,0.0,0.0,0.0,0.0,0.0,0.0,0.0,0.0666666666666666,0.1244444444444444,0.2494438257849294,0.0,0.0,0.1333333333333333,0.2311111111111111,0.339934634239519,0.0,0.0,0.0,0.0,0.0,0.0,0.0,0.0,0.0,0.0,0.0,0.0,0.0,0.0,0.0,0.0,0.0,0.0666666666666666,0.1244444444444444,0.2494438257849294,0.0,0.0,0.0,0.0,0.0,0.0,0.0,0.2666666666666666,0.4622222222222222,0.7717224601860151,-5,5.0,0,0.0,-7,5.0,5.0,5,0,1,0,0,0,1,-4.0,3↓
81,Adam,Smith,DEF,BOU,?,"Smith (DEF, ?)",34,1032,0,13,0,0,3,0,0,0,4,0,0,17,1,1.5,1.5,2.5,2.333333333333333,2.565800719723442,64.5,22.5,59.0,24.33333333333333,30.74627348693388,1.0,1.0,1.8888888888888888,1.3209876543209875,1.822357718539636,62.0,19.0,57.333333333333336,23.999999999999996,29.221377258590824,0.0,0.0,0.0,0.0,0.0,0.5,0.5,0.7222222222222222,0.7222222222222221,0.8695819912499182,0.0,0.0,0.0,0.0,0.0,0.0,0.0,0.0,0.0,0.0,0.0,0.0,0.1666666666666666,0.2777777777777778,0.3726779962499649,0.0,0.0,0.0,0.0,0.0,0.0,0.0,0.0,0.0,0.0,0.0,0.0,0.0,0.0,0.0,0.0,0.0,0.2222222222222222,0.345679012345679,0.415739709641549,0.0,0.0,0.0,0.0,0.0,0.0,0.0,0.0,0.0,0.0,1.0,1.0,2.0,1.2941176470588236,1.81497042594606,62.0,17.0,60.70588235294117,20.73356401384083,26.44587081275606,0.0,0.0,0.0,0.0,0.0,1.0,1.0,0.7647058823529411,0.7197231833910034,0.8764508485736082,0.0,0.0,0.0,0.0,0.0,0.0,0.0,0.0,0.0,0.0,0.0,0.0,0.1764705882352941,0.2906574394463668,0.3812200410828153,0.0,0.0,0.0,0.0,0.0,0.0,0.0,0.0,0.0,0.0,0.0,0.0,0.0,0.0,0.0,0.0,0.0,0.2352941176470588,0.3598615916955017,0.4241825029957634,0.0,0.0,0.0,0.0,0.0,0.0,0.0,0.0,0.0,0.0,-5,4.444444444444445,10,6.111111111111111,0,0.0,5.27777777778,5,0,0,0,0,0,0,-5.27777777778,4↓
64,Lewis,Cook,MID,BOU,?,"Cook (MID, ?)",46,1401,1,19,0,3,2,0,0,0,4,0,2,17,1,1.5,0.5,1.5,0.8333333333333334,0.957427107756338,67.5,22.5,54.66666666666666,35.333333333333336,37.77859476240774,2.0,1.0,2.555555555555556,1.691358024691358,2.408831487630977,90.0,0.0,77.83333333333333,19.500000000000004,27.323677156146708,0.0,0.0,0.0555555555555555,0.1049382716049382,0.2290614236454256,1.0,0.5,1.0555555555555556,0.6419753086419753,0.911178859269818,0.0,0.0,0.0,0.0,0.0,0.0,0.0,0.1666666666666666,0.2962962962962963,0.4999999999999999,0.0,0.0,0.1111111111111111,0.1975308641975308,0.3142696805273544,0.0,0.0,0.0,0.0,0.0,0.0,0.0,0.0,0.0,0.0,0.0,0.0,0.0,0.0,0.0,0.0,0.0,0.2222222222222222,0.345679012345679,0.415739709641549,0.0,0.0,0.0,0.0,0.0,0.0,0.0,0.1111111111111111,0.2098765432098765,0.4581228472908512,2.0,1.0,2.7058823529411766,1.7024221453287198,2.395208596647333,90.0,0.0,82.41176470588235,12.56747404844291,20.32691297279201,0.0,0.0,0.0588235294117647,0.1107266435986159,0.2352941176470588,1.0,0.0,1.1176470588235294,0.6505190311418685,0.8998269729869621,0.0,0.0,0.0,0.0,0.0,0.0,0.0,0.1764705882352941,0.3114186851211073,0.5128116404165498,0.0,0.0,0.1176470588235294,0.2076124567474048,0.3221897397089212,0.0,0.0,0.0,0.0,0.0,0.0,0.0,0.0,0.0,0.0,0.0,0.0,0.0,0.0,0.0,0.0,0.0,0.2352941176470588,0.3598615916955017,0.4241825029957634,0.0,0.0,0.0,0.0,0.0,0.0,0.0,0.1176470588235294,0.2214532871972318,0.4705882352941177,-5,9.444444444444445,0,0.0,-7,9.22222222222222,9.33333333333,5,2,3,2,2,2,11,1.6666666666700003,2↑
60,Tyler,Adams,MID,BOU,?,"Adams (MID, ?)",14,481,0,9,0,0,2,0,0,0,2,0,0,9,9,1.5,0.5,1.5,0.8333333333333334,0.957427107756338,58.0,32.0,53.0,36.333333333333336,37.322915213043046,0.0,0.0,0.7777777777777778,0.8641975308641976,0.9749960430435692,4.5,4.5,26.72222222222222,29.51851851851852,34.534693595403375,0.0,0.0,0.0,0.0,0.0,0.0,0.0,0.5,0.7222222222222222,0.8975274678557507,0.0,0.0,0.0,0.0,0.0,0.0,0.0,0.0,0.0,0.0,0.0,0.0,0.1111111111111111,0.1975308641975308,0.3142696805273545,0.0,0.0,0.0,0.0,0.0,0.0,0.0,0.0,0.0,0.0,0.0,0.0,0.0,0.0,0.0,0.0,0.0,0.1111111111111111,0.1975308641975308,0.3142696805273545,0.0,0.0,0.0,0.0,0.0,0.0,0.0,0.0,0.0,0.0,2.0,1.0,1.5555555555555556,0.7160493827160495,0.8314794192830981,64.0,26.0,53.44444444444444,29.061728395061728,30.93761145384588,0.0,0.0,0.0,0.0,0.0,1.0,1.0,1.0,0.8888888888888888,1.0540925533894598,0.0,0.0,0.0,0.0,0.0,0.0,0.0,0.0,0.0,0.0,0.0,0.0,0.2222222222222222,0.345679012345679,0.415739709641549,0.0,0.0,0.0,0.0,0.0,0.0,0.0,0.0,0.0,0.0,0.0,0.0,0.0,0.0,0.0,0.0,0.0,0.2222222222222222,0.345679012345679,0.415739709641549,0.0,0.0,0.0,0.0,0.0,0.0,0.0,0.0,0.0,0.0,-5,0.0,0,0.0,-7,0.0,0.0,5,0,0,2,5,9,16,16.0,6↑
83,Marcus,Tavernier,MID,BOU,?,"Tavernier (MID, ?)",48,1138,1,16,0,4,3,0,0,0,2,0,2,15,3,1.0,1.0,2.1666666666666665,2.222222222222222,2.4776781245530843,36.5,36.5,41.16666666666666,41.16666666666666,41.46651929234262,2.0,1.0,2.6666666666666665,1.5925925925925926,2.185812841434001,83.0,7.0,63.22222222222222,29.814814814814813,34.49082898323288,0.0,0.0,0.0555555555555555,0.1049382716049382,0.2290614236454256,1.0,1.0,0.8888888888888888,0.6913580246913581,0.8748897637790901,0.0,0.0,0.0,0.0,0.0,0.0,0.0,0.2222222222222222,0.345679012345679,0.415739709641549,0.0,0.0,0.1666666666666666,0.2777777777777778,0.3726779962499649,0.0,0.0,0.0,0.0,0.0,0.0,0.0,0.0,0.0,0.0,0.0,0.0,0.0,0.0,0.0,0.0,0.0,0.1111111111111111,0.1975308641975308,0.3142696805273545,0.0,0.0,0.0,0.0,0.0,0.0,0.0,0.1111111111111111,0.2098765432098765,0.4581228472908512,2.0,1.0,3.2,1.4933333333333332,2.006655592438988,84.0,6.0,75.86666666666666,16.044444444444444,21.639059334658917,0.0,0.0,0.0666666666666666,0.1244444444444444,0.2494438257849294,1.0,1.0,1.0666666666666669,0.631111111111111,0.8537498983243798,0.0,0.0,0.0,0.0,0.0,0.0,0.0,0.2666666666666666,0.3911111111111111,0.4422166387140533,0.0,0.0,0.2,0.32,0.4000000000000001,0.0,0.0,0.0,0.0,0.0,0.0,0.0,0.0,0.0,0.0,0.0,0.0,0.0,0.0,0.0,0.0,0.0,0.1333333333333333,0.2311111111111111,0.339934634239519,0.0,0.0,0.0,0.0,0.0,0.0,0.0,0.1333333333333333,0.2488888888888888,0.4988876515698589,-5,9.444444444444445,0,0.0,-7,9.22222222222222,9.33333333333,5,0,0,0,0,7,7,-2.3333333333299997,2↓
62,David,Brooks,MID,BOU,?,"Brooks (MID, ?)",20,171,1,3,0,1,0,0,0,0,1,0,1,11,7,1.0,0.0,1.5,0.6666666666666666,0.7637626158259734,10.5,7.5,18.666666666666668,15.888888888888893,21.0923893594085,1.0,1.0,1.1111111111111112,0.9629629629629628,1.6292086998461313,5.0,5.0,9.5,9.444444444444445,14.648663192705788,0.0,0.0,0.0555555555555555,0.1049382716049382,0.2290614236454256,0.0,0.0,0.1666666666666666,0.2777777777777778,0.3726779962499649,0.0,0.0,0.0,0.0,0.0,0.0,0.0,0.0555555555555555,0.1049382716049382,0.2290614236454256,0.0,0.0,0.0,0.0,0.0,0.0,0.0,0.0,0.0,0.0,0.0,0.0,0.0,0.0,0.0,0.0,0.0,0.0,0.0,0.0,0.0,0.0,0.0555555555555555,0.1049382716049382,0.2290614236454256,0.0,0.0,0.0,0.0,0.0,0.0,0.0,0.0555555555555555,0.1049382716049382,0.2290614236454256,1.0,0.0,1.818181818181818,1.1900826446280992,1.7486712783337588,12.0,4.0,15.545454545454543,9.884297520661155,16.03611626277973,0.0,0.0,0.0909090909090909,0.165289256198347,0.2874797872880344,0.0,0.0,0.2727272727272727,0.396694214876033,0.4453617714151233,0.0,0.0,0.0,0.0,0.0,0.0,0.0,0.0909090909090909,0.165289256198347,0.2874797872880344,0.0,0.0,0.0,0.0,0.0,0.0,0.0,0.0,0.0,0.0,0.0,0.0,0.0,0.0,0.0,0.0,0.0,0.0,0.0,0.0,0.0,0.0,0.0909090909090909,0.165289256198347,0.2874797872880344,0.0,0.0,0.0,0.0,0.0,0.0,0.0,0.0909090909090909,0.165289256198347,0.2874797872880344,-5,4.444444444444445,0,0.0,-7,4.222222222222222,4.33333333333,5,2,5,1,3,3,14,9.66666666667,5↑
76,Philip,Billing,MID,BOU,?,"Philip (MID, ?)",8,96,0,2,0,0,0,0,0,0,0,0,0,8,10,1.0,0.0,1.0,0.0,0.0,12.5,3.0,12.5,3.5,4.425306015783918,0.0,0.0,0.4444444444444444,0.4938271604938272,0.4969039949999533,0.0,0.0,5.333333333333333,5.962962962962962,6.683312551921141,0.0,0.0,0.0,0.0,0.0,0.0,0.0,0.1111111111111111,0.1975308641975308,0.3142696805273545,0.0,0.0,0.0,0.0,0.0,0.0,0.0,0.0,0.0,0.0,0.0,0.0,0.0,0.0,0.0,0.0,0.0,0.0,0.0,0.0,0.0,0.0,0.0,0.0,0.0,0.0,0.0,0.0,0.0,0.0,0.0,0.0,0.0,0.0,0.0,0.0,0.0,0.0,0.0,0.0,0.0,0.0,0.0,0.0,0.0,1.0,0.0,1.0,0.0,0.0,12.5,3.0,12.0,3.75,4.527692569068709,0.0,0.0,0.0,0.0,0.0,0.0,0.0,0.25,0.375,0.4330127018922193,0.0,0.0,0.0,0.0,0.0,0.0,0.0,0.0,0.0,0.0,0.0,0.0,0.0,0.0,0.0,0.0,0.0,0.0,0.0,0.0,0.0,0.0,0.0,0.0,0.0,0.0,0.0,0.0,0.0,0.0,0.0,0.0,0.0,0.0,0.0,0.0,0.0,0.0,0.0,0.0,0.0,0.0,0.0,0.0,0.0,-5,0.0,0,0.0,-7,0.0,0.0,5,1,1,0,0,0,2,2.0,2↑
59,Max,Aarons,DEF,BOU,?,"Aarons (DEF, ?)",7,76,0,0,0,0,1,0,0,0,0,0,0,2,16,0.0,0.0,1.0,1.6666666666666667,2.23606797749979,0.0,0.0,10.166666666666666,16.944444444444443,22.73335777124786,0.0,0.0,0.3888888888888889,0.691358024691358,1.3799713720415798,0.0,0.0,4.222222222222222,7.506172839506173,14.1913727922423,0.0,0.0,0.0,0.0,0.0,0.0,0.0,0.0,0.0,0.0,0.0,0.0,0.0,0.0,0.0,0.0,0.0,0.0,0.0,0.0,0.0,0.0,0.0555555555555555,0.1049382716049382,0.2290614236454256,0.0,0.0,0.0,0.0,0.0,0.0,0.0,0.0,0.0,0.0,0.0,0.0,0.0,0.0,0.0,0.0,0.0,0.0,0.0,0.0,0.0,0.0,0.0,0.0,0.0,0.0,0.0,0.0,0.0,0.0,3.5,2.5,3.5,2.5,2.5,38.0,23.0,38.0,23.0,23.0,0.0,0.0,0.0,0.0,0.0,0.0,0.0,0.0,0.0,0.0,0.0,0.0,0.0,0.0,0.0,0.0,0.0,0.0,0.0,0.0,0.5,0.5,0.5,0.5,0.5,0.0,0.0,0.0,0.0,0.0,0.0,0.0,0.0,0.0,0.0,0.0,0.0,0.0,0.0,0.0,0.0,0.0,0.0,0.0,0.0,0.0,0.0,0.0,0.0,0.0,0.0,0.0,0.0,0.0,0.0,-5,0.0,10,0.0,0,0.0,0.0,5,1,0,0,0,0,1,1.0,~
68,James,Hill,DEF,BOU,?,"Hill (DEF, ?)",2,5,0,0,0,0,0,0,0,0,0,0,0,2,16,0.0,0.0,0.3333333333333333,0.4444444444444445,0.4714045207910317,0.0,0.0,0.8333333333333334,1.111111111111111,1.4624940645653537,0.0,0.0,0.1111111111111111,0.1975308641975308,0.3142696805273545,0.0,0.0,0.2777777777777778,0.4938271604938272,0.931280811902234,0.0,0.0,0.0,0.0,0.0,0.0,0.0,0.0,0.0,0.0,0.0,0.0,0.0,0.0,0.0,0.0,0.0,0.0,0.0,0.0,0.0,0.0,0.0,0.0,0.0,0.0,0.0,0.0,0.0,0.0,0.0,0.0,0.0,0.0,0.0,0.0,0.0,0.0,0.0,0.0,0.0,0.0,0.0,0.0,0.0,0.0,0.0,0.0,0.0,0.0,0.0,0.0,0.0,0.0,0.0,1.0,0.0,1.0,0.0,0.0,2.5,1.5,2.5,1.5,1.5,0.0,0.0,0.0,0.0,0.0,0.0,0.0,0.0,0.0,0.0,0.0,0.0,0.0,0.0,0.0,0.0,0.0,0.0,0.0,0.0,0.0,0.0,0.0,0.0,0.0,0.0,0.0,0.0,0.0,0.0,0.0,0.0,0.0,0.0,0.0,0.0,0.0,0.0,0.0,0.0,0.0,0.0,0.0,0.0,0.0,0.0,0.0,0.0,0.0,0.0,0.0,0.0,0.0,0.0,0.0,-5,0.0,10,0.0,0,0.0,0.0,5,4,6,1,0,0,11,11.0,5↑
79,Marcos,Senesi,DEF,BOU,?,"Senesi (DEF, ?)",21,917,0,15,0,0,1,0,0,0,4,0,3,11,7,0.0,0.0,0.1666666666666666,0.2777777777777778,0.372677996249965,0.0,0.0,13.5,22.5,30.18691769624716,1.0,1.0,1.1666666666666667,1.1481481481481484,2.034425935955617,71.0,19.0,50.94444444444444,39.62345679012346,41.347406505019855,0.0,0.0,0.0,0.0,0.0,1.0,1.0,0.8333333333333334,0.7407407407407408,0.8975274678557507,0.0,0.0,0.0,0.0,0.0,0.0,0.0,0.0,0.0,0.0,0.0,0.0,0.0555555555555555,0.1049382716049382,0.2290614236454256,0.0,0.0,0.0,0.0,0.0,0.0,0.0,0.0,0.0,0.0,0.0,0.0,0.0,0.0,0.0,0.0,0.0,0.2222222222222222,0.345679012345679,0.415739709641549,0.0,0.0,0.0,0.0,0.0,0.0,0.0,0.1666666666666666,0.3148148148148148,0.6871842709362769,1.0,0.0,1.9090909090909087,1.3388429752066118,2.3141676475196102,90.0,0.0,83.36363636363636,8.446280991735538,9.744674324262991,0.0,0.0,0.0,0.0,0.0,1.0,0.0,1.3636363636363635,0.6446280991735538,0.7713892158398701,0.0,0.0,0.0,0.0,0.0,0.0,0.0,0.0,0.0,0.0,0.0,0.0,0.0909090909090909,0.165289256198347,0.2874797872880344,0.0,0.0,0.0,0.0,0.0,0.0,0.0,0.0,0.0,0.0,0.0,0.0,0.0,0.0,0.0,0.0,0.0,0.3636363636363636,0.4628099173553719,0.4810456929208346,0.0,0.0,0.0,0.0,0.0,0.0,0.0,0.2727272727272727,0.4958677685950413,0.8624393618641034,-5,4.444444444444445,10,6.111111111111111,0,0.0,5.27777777778,5,0,0,0,0,0,0,-5.27777777778,4↓
80,Luis,Sinisterra,MID,BOU,?,"Sinisterra (MID, ?)",19,203,1,3,0,1,0,0,0,0,0,0,2,8,10,0.0,0.0,0.0,0.0,0.0,0.0,0.0,0.0,0.0,0.0,0.0,0.0,1.0555555555555556,1.2098765432098766,2.4826558857227035,0.0,0.0,11.27777777777778,13.672839506172838,16.61928449975963,0.0,0.0,0.0555555555555555,0.1049382716049382,0.2290614236454256,0.0,0.0,0.1666666666666666,0.2777777777777778,0.3726779962499649,0.0,0.0,0.0,0.0,0.0,0.0,0.0,0.0555555555555555,0.1049382716049382,0.2290614236454256,0.0,0.0,0.0,0.0,0.0,0.0,0.0,0.0,0.0,0.0,0.0,0.0,0.0,0.0,0.0,0.0,0.0,0.0,0.0,0.0,0.0,0.0,0.0,0.0,0.0,0.0,0.0,0.0,0.0,0.0,0.0,0.0,0.1111111111111111,0.2098765432098765,0.4581228472908512,1.0,0.0,2.375,2.15625,3.276335605520289,23.5,3.5,25.375,10.21875,16.23990070782454,0.0,0.0,0.125,0.21875,0.3307189138830738,0.0,0.0,0.375,0.46875,0.4841229182759271,0.0,0.0,0.0,0.0,0.0,0.0,0.0,0.125,0.21875,0.3307189138830738,0.0,0.0,0.0,0.0,0.0,0.0,0.0,0.0,0.0,0.0,0.0,0.0,0.0,0.0,0.0,0.0,0.0,0.0,0.0,0.0,0.0,0.0,0.0,0.0,0.0,0.0,0.0,0.0,0.0,0.0,0.0,0.0,0.25,0.4375,0.6614378277661477,-5,0.0,0,0.0,-7,0.0,0.0,5,0,0,0,0,0,0,0.0,~
77,Alex,Scott,MID,BOU,?,"Scott (MID, ?)",11,258,0,3,0,0,1,0,0,0,0,0,0,8,10,0.0,0.0,0.0,0.0,0.0,0.0,0.0,0.0,0.0,0.0,0.0,0.0,0.6111111111111112,0.6790123456790123,0.8258927081843614,0.0,0.0,14.333333333333334,15.962962962962962,19.849433241279208,0.0,0.0,0.0,0.0,0.0,0.0,0.0,0.1666666666666666,0.2777777777777778,0.3726779962499649,0.0,0.0,0.0,0.0,0.0,0.0,0.0,0.0,0.0,0.0,0.0,0.0,0.0555555555555555,0.1049382716049382,0.2290614236454256,0.0,0.0,0.0,0.0,0.0,0.0,0.0,0.0,0.0,0.0,0.0,0.0,0.0,0.0,0.0,0.0,0.0,0.0,0.0,0.0,0.0,0.0,0.0,0.0,0.0,0.0,0.0,0.0,0.0,0.0,1.0,0.0,1.375,0.5625,0.6959705453537527,25.0,3.5,32.25,14.875,17.5695048308141,0.0,0.0,0.0,0.0,0.0,0.0,0.0,0.375,0.46875,0.4841229182759271,0.0,0.0,0.0,0.0,0.0,0.0,0.0,0.0,0.0,0.0,0.0,0.0,0.125,0.21875,0.3307189138830738,0.0,0.0,0.0,0.0,0.0,0.0,0.0,0.0,0.0,0.0,0.0,0.0,0.0,0.0,0.0,0.0,0.0,0.0,0.0,0.0,0.0,0.0,0.0,0.0,0.0,0.0,0.0,0.0,0.0,0.0,-5,0.0,0,0.0,-7,0.0,0.0,5,0,0,0,0,0,0,0.0,~
84,Mark,Travers,GKP,BOU,?,"Travers (GKP, ?)",10,270,0,3,0,0,0,12,0,0,0,0,1,3,15,0.0,0.0,0.0,0.0,0.0,0.0,0.0,0.0,0.0,0.0,0.0,0.0,0.5555555555555556,0.925925925925926,1.3425606637327303,0.0,0.0,15.0,25.0,33.54101966249684,0.0,0.0,0.0,0.0,0.0,0.0,0.0,0.1666666666666666,0.2777777777777778,0.3726779962499649,0.0,0.0,0.0,0.0,0.0,0.0,0.0,0.0,0.0,0.0,0.0,0.0,0.0,0.0,0.0,0.0,0.0,0.6666666666666666,1.1111111111111112,1.7320508075688772,0.0,0.0,0.0,0.0,0.0,0.0,0.0,0.0,0.0,0.0,0.0,0.0,0.0,0.0,0.0,0.0,0.0,0.0,0.0,0.0,0.0,0.0,0.0555555555555555,0.1049382716049382,0.2290614236454256,3.0,1.0,3.333333333333333,1.1111111111111112,1.247219128924647,90.0,0.0,90.0,0.0,0.0,0.0,0.0,0.0,0.0,0.0,1.0,0.0,1.0,0.0,0.0,0.0,0.0,0.0,0.0,0.0,0.0,0.0,0.0,0.0,0.0,0.0,0.0,0.0,0.0,0.0,3.0,1.0,4.0,2.0,2.160246899469287,0.0,0.0,0.0,0.0,0.0,0.0,0.0,0.0,0.0,0.0,0.0,0.0,0.0,0.0,0.0,0.0,0.0,0.0,0.0,0.0,0.0,0.0,0.3333333333333333,0.4444444444444444,0.4714045207910317,-5,0.0,10,0.0,0,0.0,0.0,5,0,6,3,0,0,9,9.0,5↑
592,Julián,Araujo Zúñiga,DEF,BOU,?,"J.Araujo (DEF, ?)",8,352,0,7,0,0,0,0,0,0,1,0,0,8,10,0.0,0.0,0.0,0.0,0.0,0.0,0.0,0.0,0.0,0.0,0.0,0.0,0.4444444444444444,0.54320987654321,0.5983516452371671,0.0,0.0,19.55555555555556,23.74074074074074,28.61084142267718,0.0,0.0,0.0,0.0,0.0,0.0,0.0,0.3888888888888889,0.6049382716049383,0.8258927081843614,0.0,0.0,0.0,0.0,0.0,0.0,0.0,0.0,0.0,0.0,0.0,0.0,0.0,0.0,0.0,0.0,0.0,0.0,0.0,0.0,0.0,0.0,0.0,0.0,0.0,0.0,0.0,0.0,0.0,0.0,0.0,0.0,0.0555555555555555,0.1049382716049382,0.2290614236454256,0.0,0.0,0.0,0.0,0.0,0.0,0.0,0.0,0.0,0.0,1.0,0.0,1.0,0.25,0.5,37.0,26.5,44.0,24.75,27.681221071332818,0.0,0.0,0.0,0.0,0.0,0.5,0.5,0.875,0.875,1.0532687216470449,0.0,0.0,0.0,0.0,0.0,0.0,0.0,0.0,0.0,0.0,0.0,0.0,0.0,0.0,0.0,0.0,0.0,0.0,0.0,0.0,0.0,0.0,0.0,0.0,0.0,0.0,0.0,0.0,0.0,0.0,0.0,0.0,0.125,0.21875,0.3307189138830738,0.0,0.0,0.0,0.0,0.0,0.0,0.0,0.0,0.0,0.0,-5,0.0,10,0.0,0,0.0,0.0,5,0,0,0,0,0,0,0.0,~
69,Daniel,Jebbison,FWD,BOU,?,"Jebbison (FWD, ?)",2,26,0,0,0,0,0,0,0,0,0,0,0,2,16,0.0,0.0,0.0,0.0,0.0,0.0,0.0,0.0,0.0,0.0,0.0,0.0,0.1111111111111111,0.1975308641975308,0.3142696805273545,0.0,0.0,1.4444444444444444,2.567901234567901,4.878777422244478,0.0,0.0,0.0,0.0,0.0,0.0,0.0,0.0,0.0,0.0,0.0,0.0,0.0,0.0,0.0,0.0,0.0,0.0,0.0,0.0,0.0,0.0,0.0,0.0,0.0,0.0,0.0,0.0,0.0,0.0,0.0,0.0,0.0,0.0,0.0,0.0,0.0,0.0,0.0,0.0,0.0,0.0,0.0,0.0,0.0,0.0,0.0,0.0,0.0,0.0,0.0,0.0,0.0,0.0,0.0,1.0,0.0,1.0,0.0,0.0,13.0,8.0,13.0,8.0,8.0,0.0,0.0,0.0,0.0,0.0,0.0,0.0,0.0,0.0,0.0,0.0,0.0,0.0,0.0,0.0,0.0,0.0,0.0,0.0,0.0,0.0,0.0,0.0,0.0,0.0,0.0,0.0,0.0,0.0,0.0,0.0,0.0,0.0,0.0,0.0,0.0,0.0,0.0,0.0,0.0,0.0,0.0,0.0,0.0,0.0,0.0,0.0,0.0,0.0,0.0,0.0,0.0,0.0,0.0,0.0,-5,0.0,0,0.0,-7,0.0,0.0,5,0,0,1,0,1,2,2.0,2↑
61,Jaidon,Anthony,MID,BOU,?,"Anthony (MID, ?)",0,0,0,0,0,0,0,0,0,0,0,0,0,0,18,0.0,0.0,0.0,0.0,0.0,0.0,0.0,0.0,0.0,0.0,0.0,0.0,0.0,0.0,0.0,0.0,0.0,0.0,0.0,0.0,0.0,0.0,0.0,0.0,0.0,0.0,0.0,0.0,0.0,0.0,0.0,0.0,0.0,0.0,0.0,0.0,0.0,0.0,0.0,0.0,0.0,0.0,0.0,0.0,0.0,0.0,0.0,0.0,0.0,0.0,0.0,0.0,0.0,0.0,0.0,0.0,0.0,0.0,0.0,0.0,0.0,0.0,0.0,0.0,0.0,0.0,0.0,0.0,0.0,0.0,0.0,0.0,0.0,0.0,0.0,0.0,0.0,0.0,0.0,0.0,0.0,0.0,0.0,0.0,0.0,0.0,0.0,0.0,0.0,0.0,0.0,0.0,0.0,0.0,0.0,0.0,0.0,0.0,0.0,0.0,0.0,0.0,0.0,0.0,0.0,0.0,0.0,0.0,0.0,0.0,0.0,0.0,0.0,0.0,0.0,0.0,0.0,0.0,0.0,0.0,0.0,0.0,0.0,0.0,0.0,0.0,0.0,0.0,0.0,0.0,0.0,0.0,0.0,0.0,0.0,0.0,0.0,0.0,0.0,0.0,-5,0.0,0,0.0,-7,0.0,0.0,5,0,0,0,0,0,0,0.0,~
66,Romain,Faivre,MID,BOU,?,"Faivre (MID, ?)",0,0,0,0,0,0,0,0,0,0,0,0,0,0,18,0.0,0.0,0.0,0.0,0.0,0.0,0.0,0.0,0.0,0.0,0.0,0.0,0.0,0.0,0.0,0.0,0.0,0.0,0.0,0.0,0.0,0.0,0.0,0.0,0.0,0.0,0.0,0.0,0.0,0.0,0.0,0.0,0.0,0.0,0.0,0.0,0.0,0.0,0.0,0.0,0.0,0.0,0.0,0.0,0.0,0.0,0.0,0.0,0.0,0.0,0.0,0.0,0.0,0.0,0.0,0.0,0.0,0.0,0.0,0.0,0.0,0.0,0.0,0.0,0.0,0.0,0.0,0.0,0.0,0.0,0.0,0.0,0.0,0.0,0.0,0.0,0.0,0.0,0.0,0.0,0.0,0.0,0.0,0.0,0.0,0.0,0.0,0.0,0.0,0.0,0.0,0.0,0.0,0.0,0.0,0.0,0.0,0.0,0.0,0.0,0.0,0.0,0.0,0.0,0.0,0.0,0.0,0.0,0.0,0.0,0.0,0.0,0.0,0.0,0.0,0.0,0.0,0.0,0.0,0.0,0.0,0.0,0.0,0.0,0.0,0.0,0.0,0.0,0.0,0.0,0.0,0.0,0.0,0.0,0.0,0.0,0.0,0.0,0.0,0.0,-5,0.0,0,0.0,-7,0.0,0.0,5,0,0,0,0,0,0,0.0,~
67,Hamed,Traorè,MID,BOU,?,"H.Traorè (MID, ?)",0,0,0,0,0,0,0,0,0,0,0,0,0,0,18,0.0,0.0,0.0,0.0,0.0,0.0,0.0,0.0,0.0,0.0,0.0,0.0,0.0,0.0,0.0,0.0,0.0,0.0,0.0,0.0,0.0,0.0,0.0,0.0,0.0,0.0,0.0,0.0,0.0,0.0,0.0,0.0,0.0,0.0,0.0,0.0,0.0,0.0,0.0,0.0,0.0,0.0,0.0,0.0,0.0,0.0,0.0,0.0,0.0,0.0,0.0,0.0,0.0,0.0,0.0,0.0,0.0,0.0,0.0,0.0,0.0,0.0,0.0,0.0,0.0,0.0,0.0,0.0,0.0,0.0,0.0,0.0,0.0,0.0,0.0,0.0,0.0,0.0,0.0,0.0,0.0,0.0,0.0,0.0,0.0,0.0,0.0,0.0,0.0,0.0,0.0,0.0,0.0,0.0,0.0,0.0,0.0,0.0,0.0,0.0,0.0,0.0,0.0,0.0,0.0,0.0,0.0,0.0,0.0,0.0,0.0,0.0,0.0,0.0,0.0,0.0,0.0,0.0,0.0,0.0,0.0,0.0,0.0,0.0,0.0,0.0,0.0,0.0,0.0,0.0,0.0,0.0,0.0,0.0,0.0,0.0,0.0,0.0,0.0,0.0,-5,0.0,0,0.0,-7,0.0,0.0,5,0,0,0,0,0,0,0.0,~
72,Chris,Mepham,DEF,BOU,?,"Mepham (DEF, ?)",0,0,0,0,0,0,0,0,0,0,0,0,0,0,18,0.0,0.0,0.0,0.0,0.0,0.0,0.0,0.0,0.0,0.0,0.0,0.0,0.0,0.0,0.0,0.0,0.0,0.0,0.0,0.0,0.0,0.0,0.0,0.0,0.0,0.0,0.0,0.0,0.0,0.0,0.0,0.0,0.0,0.0,0.0,0.0,0.0,0.0,0.0,0.0,0.0,0.0,0.0,0.0,0.0,0.0,0.0,0.0,0.0,0.0,0.0,0.0,0.0,0.0,0.0,0.0,0.0,0.0,0.0,0.0,0.0,0.0,0.0,0.0,0.0,0.0,0.0,0.0,0.0,0.0,0.0,0.0,0.0,0.0,0.0,0.0,0.0,0.0,0.0,0.0,0.0,0.0,0.0,0.0,0.0,0.0,0.0,0.0,0.0,0.0,0.0,0.0,0.0,0.0,0.0,0.0,0.0,0.0,0.0,0.0,0.0,0.0,0.0,0.0,0.0,0.0,0.0,0.0,0.0,0.0,0.0,0.0,0.0,0.0,0.0,0.0,0.0,0.0,0.0,0.0,0.0,0.0,0.0,0.0,0.0,0.0,0.0,0.0,0.0,0.0,0.0,0.0,0.0,0.0,0.0,0.0,0.0,0.0,0.0,0.0,-5,0.0,10,0.0,0,0.0,0.0,5,0,0,0,0,0,0,0.0,~
75,Alex,Paulsen,GKP,BOU,?,"Paulsen (GKP, ?)",0,0,0,0,0,0,0,0,0,0,0,0,0,0,18,0.0,0.0,0.0,0.0,0.0,0.0,0.0,0.0,0.0,0.0,0.0,0.0,0.0,0.0,0.0,0.0,0.0,0.0,0.0,0.0,0.0,0.0,0.0,0.0,0.0,0.0,0.0,0.0,0.0,0.0,0.0,0.0,0.0,0.0,0.0,0.0,0.0,0.0,0.0,0.0,0.0,0.0,0.0,0.0,0.0,0.0,0.0,0.0,0.0,0.0,0.0,0.0,0.0,0.0,0.0,0.0,0.0,0.0,0.0,0.0,0.0,0.0,0.0,0.0,0.0,0.0,0.0,0.0,0.0,0.0,0.0,0.0,0.0,0.0,0.0,0.0,0.0,0.0,0.0,0.0,0.0,0.0,0.0,0.0,0.0,0.0,0.0,0.0,0.0,0.0,0.0,0.0,0.0,0.0,0.0,0.0,0.0,0.0,0.0,0.0,0.0,0.0,0.0,0.0,0.0,0.0,0.0,0.0,0.0,0.0,0.0,0.0,0.0,0.0,0.0,0.0,0.0,0.0,0.0,0.0,0.0,0.0,0.0,0.0,0.0,0.0,0.0,0.0,0.0,0.0,0.0,0.0,0.0,0.0,0.0,0.0,0.0,0.0,0.0,0.0,-5,0.0,10,0.0,0,0.0,0.0,5,0,0,0,0,0,0,0.0,~
599,Will,Dennis,GKP,BOU,?,"Dennis (GKP, ?)",0,0,0,0,0,0,0,0,0,0,0,0,0,0,18,0.0,0.0,0.0,0.0,0.0,0.0,0.0,0.0,0.0,0.0,0.0,0.0,0.0,0.0,0.0,0.0,0.0,0.0,0.0,0.0,0.0,0.0,0.0,0.0,0.0,0.0,0.0,0.0,0.0,0.0,0.0,0.0,0.0,0.0,0.0,0.0,0.0,0.0,0.0,0.0,0.0,0.0,0.0,0.0,0.0,0.0,0.0,0.0,0.0,0.0,0.0,0.0,0.0,0.0,0.0,0.0,0.0,0.0,0.0,0.0,0.0,0.0,0.0,0.0,0.0,0.0,0.0,0.0,0.0,0.0,0.0,0.0,0.0,0.0,0.0,0.0,0.0,0.0,0.0,0.0,0.0,0.0,0.0,0.0,0.0,0.0,0.0,0.0,0.0,0.0,0.0,0.0,0.0,0.0,0.0,0.0,0.0,0.0,0.0,0.0,0.0,0.0,0.0,0.0,0.0,0.0,0.0,0.0,0.0,0.0,0.0,0.0,0.0,0.0,0.0,0.0,0.0,0.0,0.0,0.0,0.0,0.0,0.0,0.0,0.0,0.0,0.0,0.0,0.0,0.0,0.0,0.0,0.0,0.0,0.0,0.0,0.0,0.0,0.0,0.0,-5,0.0,10,0.0,0,0.0,0.0,5,0,0,0,0,0,0,0.0,~
680,Max,Kinsey,DEF,BOU,?,"Kinsey (DEF, ?)",0,0,0,0,0,0,0,0,0,0,0,0,0,0,18,0.0,0.0,0.0,0.0,0.0,0.0,0.0,0.0,0.0,0.0,0.0,0.0,0.0,0.0,0.0,0.0,0.0,0.0,0.0,0.0,0.0,0.0,0.0,0.0,0.0,0.0,0.0,0.0,0.0,0.0,0.0,0.0,0.0,0.0,0.0,0.0,0.0,0.0,0.0,0.0,0.0,0.0,0.0,0.0,0.0,0.0,0.0,0.0,0.0,0.0,0.0,0.0,0.0,0.0,0.0,0.0,0.0,0.0,0.0,0.0,0.0,0.0,0.0,0.0,0.0,0.0,0.0,0.0,0.0,0.0,0.0,0.0,0.0,0.0,0.0,0.0,0.0,0.0,0.0,0.0,0.0,0.0,0.0,0.0,0.0,0.0,0.0,0.0,0.0,0.0,0.0,0.0,0.0,0.0,0.0,0.0,0.0,0.0,0.0,0.0,0.0,0.0,0.0,0.0,0.0,0.0,0.0,0.0,0.0,0.0,0.0,0.0,0.0,0.0,0.0,0.0,0.0,0.0,0.0,0.0,0.0,0.0,0.0,0.0,0.0,0.0,0.0,0.0,0.0,0.0,0.0,0.0,0.0,0.0,0.0,0.0,0.0,0.0,0.0,0.0,-5,0.0,10,0.0,0,0.0,0.0,5,0,0,0,0,0,0,0.0,~
687,Ben,Winterburn,MID,BOU,?,"Winterburn (MID, ?)",0,0,0,0,0,0,0,0,0,0,0,0,0,0,18,0.0,0.0,0.0,0.0,0.0,0.0,0.0,0.0,0.0,0.0,0.0,0.0,0.0,0.0,0.0,0.0,0.0,0.0,0.0,0.0,0.0,0.0,0.0,0.0,0.0,0.0,0.0,0.0,0.0,0.0,0.0,0.0,0.0,0.0,0.0,0.0,0.0,0.0,0.0,0.0,0.0,0.0,0.0,0.0,0.0,0.0,0.0,0.0,0.0,0.0,0.0,0.0,0.0,0.0,0.0,0.0,0.0,0.0,0.0,0.0,0.0,0.0,0.0,0.0,0.0,0.0,0.0,0.0,0.0,0.0,0.0,0.0,0.0,0.0,0.0,0.0,0.0,0.0,0.0,0.0,0.0,0.0,0.0,0.0,0.0,0.0,0.0,0.0,0.0,0.0,0.0,0.0,0.0,0.0,0.0,0.0,0.0,0.0,0.0,0.0,0.0,0.0,0.0,0.0,0.0,0.0,0.0,0.0,0.0,0.0,0.0,0.0,0.0,0.0,0.0,0.0,0.0,0.0,0.0,0.0,0.0,0.0,0.0,0.0,0.0,0.0,0.0,0.0,0.0,0.0,0.0,0.0,0.0,0.0,0.0,0.0,0.0,0.0,0.0,0.0,-5,0.0,0,0.0,-7,0.0,0.0,5,1,0,0,1,0,2,2.0,2↑
702,Archie,Harris,DEF,BOU,?,"Harris (DEF, ?)",0,0,0,0,0,0,0,0,0,0,0,0,0,0,18,0.0,0.0,0.0,0.0,0.0,0.0,0.0,0.0,0.0,0.0,0.0,0.0,0.0,0.0,0.0,0.0,0.0,0.0,0.0,0.0,0.0,0.0,0.0,0.0,0.0,0.0,0.0,0.0,0.0,0.0,0.0,0.0,0.0,0.0,0.0,0.0,0.0,0.0,0.0,0.0,0.0,0.0,0.0,0.0,0.0,0.0,0.0,0.0,0.0,0.0,0.0,0.0,0.0,0.0,0.0,0.0,0.0,0.0,0.0,0.0,0.0,0.0,0.0,0.0,0.0,0.0,0.0,0.0,0.0,0.0,0.0,0.0,0.0,0.0,0.0,0.0,0.0,0.0,0.0,0.0,0.0,0.0,0.0,0.0,0.0,0.0,0.0,0.0,0.0,0.0,0.0,0.0,0.0,0.0,0.0,0.0,0.0,0.0,0.0,0.0,0.0,0.0,0.0,0.0,0.0,0.0,0.0,0.0,0.0,0.0,0.0,0.0,0.0,0.0,0.0,0.0,0.0,0.0,0.0,0.0,0.0,0.0,0.0,0.0,0.0,0.0,0.0,0.0,0.0,0.0,0.0,0.0,0.0,0.0,0.0,0.0,0.0,0.0,0.0,0.0,-5,0.0,10,0.0,0,0.0,0.0,5,0,0,0,0,0,0,0.0,~
106,Kevin,Schade,MID,BRE,?,"Schade (MID, ?)",61,839,4,17,0,4,2,0,0,0,2,0,3,18,0,4.0,1.5,7.0,5.333333333333333,7.280109889280518,69.0,16.0,56.5,27.33333333333333,29.87055406248769,2.0,1.0,3.388888888888889,2.9382716049382718,5.056776409366048,52.0,26.5,46.61111111111112,27.05555555555556,28.577650336678,0.0,0.0,0.2222222222222222,0.3950617283950617,0.7114582486036499,1.0,1.0,0.9444444444444444,0.7345679012345678,0.911178859269818,0.0,0.0,0.0,0.0,0.0,0.0,0.0,0.2222222222222222,0.345679012345679,0.415739709641549,0.0,0.0,0.1111111111111111,0.1975308641975308,0.3142696805273544,0.0,0.0,0.0,0.0,0.0,0.0,0.0,0.0,0.0,0.0,0.0,0.0,0.0,0.0,0.0,0.0,0.0,0.1111111111111111,0.1975308641975308,0.3142696805273545,0.0,0.0,0.0,0.0,0.0,0.0,0.0,0.1666666666666666,0.3148148148148148,0.6871842709362769,2.0,1.0,3.388888888888889,2.9382716049382718,5.056776409366048,52.0,26.5,46.61111111111112,27.05555555555556,28.577650336678,0.0,0.0,0.2222222222222222,0.3950617283950617,0.7114582486036499,1.0,1.0,0.9444444444444444,0.7345679012345678,0.911178859269818,0.0,0.0,0.0,0.0,0.0,0.0,0.0,0.2222222222222222,0.345679012345679,0.415739709641549,0.0,0.0,0.1111111111111111,0.1975308641975308,0.3142696805273544,0.0,0.0,0.0,0.0,0.0,0.0,0.0,0.0,0.0,0.0,0.0,0.0,0.0,0.0,0.0,0.0,0.0,0.1111111111111111,0.1975308641975308,0.3142696805273545,0.0,0.0,0.0,0.0,0.0,0.0,0.0,0.1666666666666666,0.3148148148148148,0.6871842709362769,-18,8.0,0,0.0,-5,9.444444444444445,8.72222222222,5,1,8,1,1,11,22,13.27777777778,6↑
88,Nathan,Collins,DEF,BRE,?,"Collins (DEF, ?)",55,1620,2,32,0,4,2,0,0,0,2,0,1,18,0,3.0,2.5,3.333333333333333,2.6666666666666665,2.748737083745107,90.0,0.0,90.0,0.0,0.0,1.0,1.0,3.055555555555556,2.623456790123457,2.8958250066493667,90.0,0.0,90.0,0.0,0.0,0.0,0.0,0.1111111111111111,0.1975308641975308,0.3142696805273545,2.0,1.0,1.7777777777777777,0.7407407407407409,0.9162456945817024,0.0,0.0,0.0,0.0,0.0,0.0,0.0,0.2222222222222222,0.345679012345679,0.415739709641549,0.0,0.0,0.1111111111111111,0.1975308641975308,0.3142696805273544,0.0,0.0,0.0,0.0,0.0,0.0,0.0,0.0,0.0,0.0,0.0,0.0,0.0,0.0,0.0,0.0,0.0,0.1111111111111111,0.1975308641975308,0.3142696805273545,0.0,0.0,0.0,0.0,0.0,0.0,0.0,0.0555555555555555,0.1049382716049382,0.2290614236454256,1.0,1.0,3.055555555555556,2.623456790123457,2.8958250066493667,90.0,0.0,90.0,0.0,0.0,0.0,0.0,0.1111111111111111,0.1975308641975308,0.3142696805273545,2.0,1.0,1.7777777777777777,0.7407407407407409,0.9162456945817024,0.0,0.0,0.0,0.0,0.0,0.0,0.0,0.2222222222222222,0.345679012345679,0.415739709641549,0.0,0.0,0.1111111111111111,0.1975308641975308,0.3142696805273544,0.0,0.0,0.0,0.0,0.0,0.0,0.0,0.0,0.0,0.0,0.0,0.0,0.0,0.0,0.0,0.0,0.0,0.1111111111111111,0.1975308641975308,0.3142696805273545,0.0,0.0,0.0,0.0,0.0,0.0,0.0,0.0555555555555555,0.1049382716049382,0.2290614236454256,-18,3.0,-19,2.8888888888888893,0,0.0,2.94444444444,5,1,6,1,1,7,16,13.05555555556,6↑
91,Mark,Flekken,GKP,BRE,?,"Flekken (GKP, ?)",54,1565,0,32,0,1,1,87,0,0,1,0,2,18,0,3.0,0.0,2.6666666666666665,0.4444444444444445,0.4714045207910317,90.0,0.0,80.83333333333333,15.27777777777778,20.49728979374807,3.0,1.0,3.0,1.0,1.699673171197595,90.0,0.0,86.94444444444444,5.771604938271606,12.598378300498409,0.0,0.0,0.0,0.0,0.0,2.0,1.0,1.7777777777777777,0.7407407407407409,0.9162456945817024,0.0,0.0,0.0,0.0,0.0,0.0,0.0,0.0555555555555555,0.1049382716049382,0.2290614236454256,0.0,0.0,0.0555555555555555,0.1049382716049382,0.2290614236454256,5.0,1.5,4.833333333333333,1.9814814814814816,2.432419919887737,0.0,0.0,0.0,0.0,0.0,0.0,0.0,0.0,0.0,0.0,0.0,0.0,0.0555555555555555,0.1049382716049382,0.2290614236454256,0.0,0.0,0.0,0.0,0.0,0.0,0.0,0.1111111111111111,0.2098765432098765,0.4581228472908512,3.0,1.0,3.0,1.0,1.699673171197595,90.0,0.0,86.94444444444444,5.771604938271606,12.598378300498409,0.0,0.0,0.0,0.0,0.0,2.0,1.0,1.7777777777777777,0.7407407407407409,0.9162456945817024,0.0,0.0,0.0,0.0,0.0,0.0,0.0,0.0555555555555555,0.1049382716049382,0.2290614236454256,0.0,0.0,0.0555555555555555,0.1049382716049382,0.2290614236454256,5.0,1.5,4.833333333333333,1.9814814814814816,2.432419919887737,0.0,0.0,0.0,0.0,0.0,0.0,0.0,0.0,0.0,0.0,0.0,0.0,0.0555555555555555,0.1049382716049382,0.2290614236454256,0.0,0.0,0.0,0.0,0.0,0.0,0.0,0.1111111111111111,0.2098765432098765,0.4581228472908512,-18,13.0,-19,12.88888888888889,0,0.0,12.94444444444,5,1,6,3,3,3,16,3.05555555556,3↑
99,Bryan,Mbeumo,MID,BRE,?,"Mbeumo (MID, ?)",110,1615,10,30,0,2,3,0,0,0,2,0,17,18,0,2.5,0.5,5.166666666666667,3.888888888888889,4.29793231940921,90.0,0.0,90.0,0.0,0.0,4.0,2.5,6.111111111111111,4.012345679012346,4.483164667073781,90.0,0.0,89.72222222222223,0.4938271604938222,0.9312808119022338,0.0,0.0,0.5555555555555556,0.6172839506172839,0.6849348892187752,2.0,1.0,1.6666666666666667,0.8518518518518517,1.0,0.0,0.0,0.0,0.0,0.0,0.0,0.0,0.1111111111111111,0.1975308641975308,0.3142696805273545,0.0,0.0,0.1666666666666666,0.2777777777777778,0.372677996249965,0.0,0.0,0.0,0.0,0.0,0.0,0.0,0.0,0.0,0.0,0.0,0.0,0.0,0.0,0.0,0.0,0.0,0.1111111111111111,0.1975308641975308,0.3142696805273545,0.0,0.0,0.0,0.0,0.0,0.0,0.0,0.9444444444444444,1.0493827160493825,1.1772011166898382,4.0,2.5,6.111111111111111,4.012345679012346,4.483164667073781,90.0,0.0,89.72222222222223,0.4938271604938222,0.9312808119022338,0.0,0.0,0.5555555555555556,0.6172839506172839,0.6849348892187752,2.0,1.0,1.6666666666666667,0.8518518518518517,1.0,0.0,0.0,0.0,0.0,0.0,0.0,0.0,0.1111111111111111,0.1975308641975308,0.3142696805273545,0.0,0.0,0.1666666666666666,0.2777777777777778,0.372677996249965,0.0,0.0,0.0,0.0,0.0,0.0,0.0,0.0,0.0,0.0,0.0,0.0,0.0,0.0,0.0,0.0,0.0,0.1111111111111111,0.1975308641975308,0.3142696805273545,0.0,0.0,0.0,0.0,0.0,0.0,0.0,0.9444444444444444,1.0493827160493825,1.1772011166898382,-18,15.0,0,0.0,-5,18.61111111111111,16.80555555556,5,7,19,2,2,7,37,20.19444444444,7↑
89,Mikkel,Damsgaard,MID,BRE,?,"Damsgaard (MID, ?)",64,1278,2,21,0,4,4,0,0,0,1,0,6,18,0,2.5,1.5,3.5,2.333333333333333,2.8136571693556887,79.5,10.5,69.66666666666667,20.33333333333333,26.05549632781707,3.0,1.5,3.555555555555556,2.135802469135802,2.7125679146074893,79.5,10.5,71.0,18.55555555555556,24.81039208790453,0.0,0.0,0.1111111111111111,0.1975308641975308,0.3142696805273545,1.0,1.0,1.1666666666666667,0.8518518518518519,0.9574271077563382,0.0,0.0,0.0,0.0,0.0,0.0,0.0,0.2222222222222222,0.3703703703703704,0.5328701692569688,0.0,0.0,0.2222222222222222,0.345679012345679,0.415739709641549,0.0,0.0,0.0,0.0,0.0,0.0,0.0,0.0,0.0,0.0,0.0,0.0,0.0,0.0,0.0,0.0,0.0,0.0555555555555555,0.1049382716049382,0.2290614236454256,0.0,0.0,0.0,0.0,0.0,0.0,0.0,0.3333333333333333,0.5185185185185186,0.6666666666666667,3.0,1.5,3.555555555555556,2.135802469135802,2.7125679146074893,79.5,10.5,71.0,18.55555555555556,24.81039208790453,0.0,0.0,0.1111111111111111,0.1975308641975308,0.3142696805273545,1.0,1.0,1.1666666666666667,0.8518518518518519,0.9574271077563382,0.0,0.0,0.0,0.0,0.0,0.0,0.0,0.2222222222222222,0.3703703703703704,0.5328701692569688,0.0,0.0,0.2222222222222222,0.345679012345679,0.415739709641549,0.0,0.0,0.0,0.0,0.0,0.0,0.0,0.0,0.0,0.0,0.0,0.0,0.0,0.0,0.0,0.0,0.0,0.0555555555555555,0.1049382716049382,0.2290614236454256,0.0,0.0,0.0,0.0,0.0,0.0,0.0,0.3333333333333333,0.5185185185185186,0.6666666666666667,-18,12.0,0,0.0,-5,14.166666666666666,13.08333333333,5,5,6,2,3,7,23,9.91666666667,5↑
110,Yoane,Wissa,FWD,BRE,?,"Wissa (FWD, ?)",78,1137,8,20,0,2,3,0,0,0,2,0,14,15,3,2.0,0.5,3.6666666666666665,2.555555555555556,2.748737083745107,88.0,2.0,83.5,7.333333333333333,8.036375634160796,2.0,2.0,4.333333333333333,3.740740740740741,4.109609335312651,73.5,16.5,63.16666666666666,27.42592592592593,32.877297131404625,0.0,0.0,0.4444444444444444,0.54320987654321,0.5983516452371671,1.0,1.0,1.1111111111111112,0.9135802469135802,1.048220125784067,0.0,0.0,0.0,0.0,0.0,0.0,0.0,0.1111111111111111,0.1975308641975308,0.3142696805273545,0.0,0.0,0.1666666666666666,0.2777777777777778,0.3726779962499649,0.0,0.0,0.0,0.0,0.0,0.0,0.0,0.0,0.0,0.0,0.0,0.0,0.0,0.0,0.0,0.0,0.0,0.1111111111111111,0.1975308641975308,0.3142696805273545,0.0,0.0,0.0,0.0,0.0,0.0,0.0,0.7777777777777778,0.9506172839506172,1.0829771494232183,2.0,1.0,5.2,3.6800000000000006,3.9698866482558417,83.0,7.0,75.8,13.68,18.425344863348784,0.0,0.0,0.5333333333333333,0.5688888888888889,0.618241233033047,1.0,1.0,1.3333333333333333,0.888888888888889,1.0110500592068734,0.0,0.0,0.0,0.0,0.0,0.0,0.0,0.1333333333333333,0.2311111111111111,0.3399346342395189,0.0,0.0,0.2,0.32,0.4000000000000001,0.0,0.0,0.0,0.0,0.0,0.0,0.0,0.0,0.0,0.0,0.0,0.0,0.0,0.0,0.0,0.0,0.0,0.1333333333333333,0.2311111111111111,0.339934634239519,0.0,0.0,0.0,0.0,0.0,0.0,0.0,0.9333333333333332,0.9955555555555556,1.1234866364235143,-18,6.0,0,0.0,-5,8.88888888888889,7.44444444444,5,2,11,6,2,2,23,15.55555555556,6↑
101,Christian,Nørgaard,MID,BRE,?,"Nørgaard (MID, ?)",36,1225,1,23,0,2,1,0,0,0,2,1,0,15,3,2.0,0.5,2.333333333333333,1.1111111111111114,1.4907119849998598,80.5,9.5,68.33333333333333,22.777777777777786,31.846855766656496,2.0,1.0,2.0,1.3333333333333333,2.0275875100994063,86.0,4.0,68.05555555555556,25.80246913580247,32.79815750621472,0.0,0.0,0.0555555555555555,0.1049382716049382,0.2290614236454256,2.0,0.0,1.2777777777777777,0.8024691358024693,0.8695819912499182,0.0,0.0,0.0,0.0,0.0,0.0,0.0,0.1111111111111111,0.1975308641975308,0.3142696805273545,0.0,0.0,0.0555555555555555,0.1049382716049382,0.2290614236454256,0.0,0.0,0.0,0.0,0.0,0.0,0.0,0.0,0.0,0.0,0.0,0.0,0.0,0.0,0.0,0.0,0.0,0.1111111111111111,0.1975308641975308,0.3142696805273545,0.0,0.0,0.0555555555555555,0.1049382716049382,0.2290614236454256,0.0,0.0,0.0,0.0,0.0,2.0,0.0,2.4,1.3866666666666665,1.99332218503014,90.0,0.0,81.66666666666667,10.044444444444444,13.38988009240146,0.0,0.0,0.0666666666666666,0.1244444444444444,0.2494438257849294,2.0,0.0,1.5333333333333334,0.6222222222222222,0.7180219742846006,0.0,0.0,0.0,0.0,0.0,0.0,0.0,0.1333333333333333,0.2311111111111111,0.339934634239519,0.0,0.0,0.0666666666666666,0.1244444444444444,0.2494438257849294,0.0,0.0,0.0,0.0,0.0,0.0,0.0,0.0,0.0,0.0,0.0,0.0,0.0,0.0,0.0,0.0,0.0,0.1333333333333333,0.2311111111111111,0.3399346342395189,0.0,0.0,0.0666666666666666,0.1244444444444444,0.2494438257849294,0.0,0.0,0.0,0.0,0.0,-18,8.0,0,0.0,-5,9.444444444444445,8.72222222222,5,1,3,8,1,1,14,5.277777777780001,4↑
98,Keane,Lewis-Potter,MID,BRE,?,"Lewis-Potter (MID, ?)",43,1377,0,27,0,3,3,0,0,0,3,0,0,18,0,2.0,0.5,1.8333333333333333,0.5555555555555557,0.6871842709362769,90.0,0.0,87.33333333333333,3.555555555555557,4.149966532662911,2.0,1.0,2.388888888888889,1.074074074074074,1.3391078659104387,90.0,0.0,76.5,16.61111111111111,23.142673426666448,0.0,0.0,0.0,0.0,0.0,2.0,1.0,1.5,0.8888888888888888,1.0137937550497031,0.0,0.0,0.0,0.0,0.0,0.0,0.0,0.1666666666666666,0.2777777777777778,0.3726779962499649,0.0,0.0,0.1666666666666666,0.2777777777777778,0.372677996249965,0.0,0.0,0.0,0.0,0.0,0.0,0.0,0.0,0.0,0.0,0.0,0.0,0.0,0.0,0.0,0.0,0.0,0.1666666666666666,0.2777777777777778,0.3726779962499649,0.0,0.0,0.0,0.0,0.0,0.0,0.0,0.0,0.0,0.0,2.0,1.0,2.388888888888889,1.074074074074074,1.3391078659104387,90.0,0.0,76.5,16.61111111111111,23.142673426666448,0.0,0.0,0.0,0.0,0.0,2.0,1.0,1.5,0.8888888888888888,1.0137937550497031,0.0,0.0,0.0,0.0,0.0,0.0,0.0,0.1666666666666666,0.2777777777777778,0.3726779962499649,0.0,0.0,0.1666666666666666,0.2777777777777778,0.372677996249965,0.0,0.0,0.0,0.0,0.0,0.0,0.0,0.0,0.0,0.0,0.0,0.0,0.0,0.0,0.0,0.0,0.0,0.1666666666666666,0.2777777777777778,0.3726779962499649,0.0,0.0,0.0,0.0,0.0,0.0,0.0,0.0,0.0,0.0,-18,8.0,0,0.0,-5,9.444444444444445,8.72222222222,5,2,8,5,2,1,18,9.27777777778,5↑
94,Vitaly,Janelt,MID,BRE,?,"Janelt (MID, ?)",49,1310,1,26,0,3,3,0,0,0,2,0,2,17,1,1.5,1.0,1.3333333333333333,1.0,1.1055415967851334,57.0,31.5,53.5,28.5,32.69938837348491,2.0,1.0,2.7222222222222223,1.4382716049382716,2.022252747022366,79.5,10.5,72.77777777777777,16.962962962962965,24.245401753174548,0.0,0.0,0.0555555555555555,0.1049382716049382,0.2290614236454256,1.5,1.0,1.4444444444444444,0.9999999999999998,1.11665284679121,0.0,0.0,0.0,0.0,0.0,0.0,0.0,0.1666666666666666,0.2777777777777778,0.3726779962499649,0.0,0.0,0.1666666666666666,0.2777777777777778,0.372677996249965,0.0,0.0,0.0,0.0,0.0,0.0,0.0,0.0,0.0,0.0,0.0,0.0,0.0,0.0,0.0,0.0,0.0,0.1111111111111111,0.1975308641975308,0.3142696805273545,0.0,0.0,0.0,0.0,0.0,0.0,0.0,0.1111111111111111,0.2098765432098765,0.4581228472908512,2.0,1.0,2.8823529411764706,1.3910034602076122,1.9668533526235867,85.0,5.0,77.05882352941177,13.114186851211072,17.103390060367957,0.0,0.0,0.0588235294117647,0.1107266435986159,0.2352941176470588,2.0,1.0,1.5294117647058822,0.9688581314878892,1.0910139406465535,0.0,0.0,0.0,0.0,0.0,0.0,0.0,0.1764705882352941,0.2906574394463668,0.3812200410828153,0.0,0.0,0.1764705882352941,0.2906574394463668,0.3812200410828153,0.0,0.0,0.0,0.0,0.0,0.0,0.0,0.0,0.0,0.0,0.0,0.0,0.0,0.0,0.0,0.0,0.0,0.1176470588235294,0.2076124567474048,0.3221897397089212,0.0,0.0,0.0,0.0,0.0,0.0,0.0,0.1176470588235294,0.2214532871972318,0.4705882352941177,-18,8.0,0,0.0,-5,9.444444444444445,8.72222222222,5,2,1,2,3,1,9,0.2777777777800008,~
111,Yehor,Yarmoliuk,MID,BRE,?,"Yarmoliuk (MID, ?)",15,407,0,10,0,0,0,0,0,0,2,0,0,13,5,1.5,0.5,1.1666666666666667,0.8333333333333334,0.8975274678557508,41.5,28.0,44.16666666666666,31.5,33.07777031314065,1.0,1.0,0.8333333333333334,0.6481481481481483,0.7637626158259734,12.0,12.0,22.61111111111111,22.88271604938271,28.26292995916281,0.0,0.0,0.0,0.0,0.0,0.0,0.0,0.5555555555555556,0.7407407407407408,0.8958064164776167,0.0,0.0,0.0,0.0,0.0,0.0,0.0,0.0,0.0,0.0,0.0,0.0,0.0,0.0,0.0,0.0,0.0,0.0,0.0,0.0,0.0,0.0,0.0,0.0,0.0,0.0,0.0,0.0,0.0,0.0,0.0,0.0,0.1111111111111111,0.1975308641975308,0.3142696805273545,0.0,0.0,0.0,0.0,0.0,0.0,0.0,0.0,0.0,0.0,1.0,0.0,1.1538461538461535,0.5207100591715975,0.6617173282340483,18.0,12.0,31.307692307692307,25.195266272189347,28.87475505160071,0.0,0.0,0.0,0.0,0.0,0.0,0.0,0.7692307692307693,0.8284023668639053,0.9730085108210398,0.0,0.0,0.0,0.0,0.0,0.0,0.0,0.0,0.0,0.0,0.0,0.0,0.0,0.0,0.0,0.0,0.0,0.0,0.0,0.0,0.0,0.0,0.0,0.0,0.0,0.0,0.0,0.0,0.0,0.0,0.0,0.0,0.1538461538461538,0.2603550295857988,0.36080121229411,0.0,0.0,0.0,0.0,0.0,0.0,0.0,0.0,0.0,0.0,-18,3.0,0,0.0,-5,4.444444444444445,3.72222222222,5,2,1,1,2,1,7,3.27777777778,3↑
105,Mads,Roerslev Rasmussen,DEF,BRE,?,"Roerslev (DEF, ?)",23,654,0,12,0,1,1,0,0,0,1,0,0,14,4,1.0,0.5,1.8333333333333333,1.4444444444444446,1.950783318453271,19.0,15.5,35.0,31.666666666666668,34.899856733230294,1.0,0.5,1.2777777777777777,0.9876543209876544,1.4834477692020764,14.5,14.5,36.333333333333336,35.74074074074075,38.262252939417984,0.0,0.0,0.0,0.0,0.0,0.0,0.0,0.6666666666666666,0.7407407407407407,0.881917103688197,0.0,0.0,0.0,0.0,0.0,0.0,0.0,0.0555555555555555,0.1049382716049382,0.2290614236454256,0.0,0.0,0.0555555555555555,0.1049382716049382,0.2290614236454256,0.0,0.0,0.0,0.0,0.0,0.0,0.0,0.0,0.0,0.0,0.0,0.0,0.0,0.0,0.0,0.0,0.0,0.0555555555555555,0.1049382716049382,0.2290614236454256,0.0,0.0,0.0,0.0,0.0,0.0,0.0,0.0,0.0,0.0,1.0,0.0,1.6428571428571428,1.0612244897959182,1.493181782883348,39.5,36.0,46.71428571428572,35.57142857142857,37.38110403366265,0.0,0.0,0.0,0.0,0.0,1.0,1.0,0.8571428571428571,0.7346938775510203,0.9147320339189784,0.0,0.0,0.0,0.0,0.0,0.0,0.0,0.0714285714285714,0.1326530612244897,0.2575393768188563,0.0,0.0,0.0714285714285714,0.1326530612244897,0.2575393768188564,0.0,0.0,0.0,0.0,0.0,0.0,0.0,0.0,0.0,0.0,0.0,0.0,0.0,0.0,0.0,0.0,0.0,0.0714285714285714,0.1326530612244897,0.2575393768188563,0.0,0.0,0.0,0.0,0.0,0.0,0.0,0.0,0.0,0.0,-18,4.0,-19,3.9444444444444446,0,0.0,3.97222222222,5,1,6,4,0,2,13,9.027777777779999,5↑
314,Fábio,Freitas Gouveia Carvalho,MID,BRE,?,"Carvalho (MID, ?)",27,418,1,13,0,1,0,0,0,0,1,0,1,16,2,1.0,0.0,1.0,0.3333333333333333,0.5773502691896257,17.5,5.5,22.666666666666668,16.444444444444446,23.120457511813115,1.0,0.0,1.5,1.1111111111111112,1.674979270186815,15.5,7.0,23.22222222222222,19.23456790123457,26.69905440596801,0.0,0.0,0.0555555555555555,0.1049382716049382,0.2290614236454256,0.5,0.5,0.7222222222222222,0.7222222222222221,0.8695819912499182,0.0,0.0,0.0,0.0,0.0,0.0,0.0,0.0555555555555555,0.1049382716049382,0.2290614236454256,0.0,0.0,0.0,0.0,0.0,0.0,0.0,0.0,0.0,0.0,0.0,0.0,0.0,0.0,0.0,0.0,0.0,0.0,0.0,0.0,0.0,0.0,0.0555555555555555,0.1049382716049382,0.2290614236454256,0.0,0.0,0.0,0.0,0.0,0.0,0.0,0.0555555555555555,0.1049382716049382,0.2290614236454256,1.0,0.0,1.6875,1.15625,1.6851835953390957,16.5,7.5,26.125,20.453125,26.946416737666624,0.0,0.0,0.0625,0.1171875,0.2420614591379635,1.0,1.0,0.8125,0.7109375,0.8816709987291178,0.0,0.0,0.0,0.0,0.0,0.0,0.0,0.0625,0.1171875,0.2420614591379635,0.0,0.0,0.0,0.0,0.0,0.0,0.0,0.0,0.0,0.0,0.0,0.0,0.0,0.0,0.0,0.0,0.0,0.0,0.0,0.0,0.0,0.0,0.0625,0.1171875,0.2420614591379635,0.0,0.0,0.0,0.0,0.0,0.0,0.0,0.0625,0.1171875,0.2420614591379635,-18,5.0,0,0.0,-5,5.0,5.0,5,0,0,0,0,0,0,-5.0,4↓
104,Ethan,Pinnock,DEF,BRE,?,"Pinnock (DEF, ?)",33,1440,2,30,1,0,1,0,0,0,2,0,0,16,2,0.5,0.5,0.6666666666666666,0.6666666666666666,0.74535599249993,90.0,0.0,60.0,40.0,42.42640687119285,1.0,0.5,1.8333333333333333,1.648148148148148,2.242270674512285,90.0,0.0,80.0,17.77777777777778,28.284271247461906,0.0,0.0,0.1111111111111111,0.1975308641975308,0.3142696805273545,2.0,1.0,1.6666666666666667,0.8518518518518517,1.0,0.0,0.0,0.0555555555555555,0.1049382716049382,0.2290614236454256,0.0,0.0,0.0,0.0,0.0,0.0,0.0,0.0555555555555555,0.1049382716049382,0.2290614236454256,0.0,0.0,0.0,0.0,0.0,0.0,0.0,0.0,0.0,0.0,0.0,0.0,0.0,0.0,0.0,0.0,0.0,0.1111111111111111,0.1975308641975308,0.3142696805273545,0.0,0.0,0.0,0.0,0.0,0.0,0.0,0.0,0.0,0.0,1.0,0.0,2.0625,1.7265625,2.276750700010873,90.0,0.0,90.0,0.0,0.0,0.0,0.0,0.125,0.21875,0.3307189138830738,2.0,1.0,1.875,0.671875,0.8569568250501305,0.0,0.0,0.0625,0.1171875,0.2420614591379635,0.0,0.0,0.0,0.0,0.0,0.0,0.0,0.0625,0.1171875,0.2420614591379635,0.0,0.0,0.0,0.0,0.0,0.0,0.0,0.0,0.0,0.0,0.0,0.0,0.0,0.0,0.0,0.0,0.0,0.125,0.21875,0.3307189138830738,0.0,0.0,0.0,0.0,0.0,0.0,0.0,0.0,0.0,0.0,-18,4.0,-19,3.9444444444444446,0,0.0,3.97222222222,5,0,0,0,0,0,0,-3.97222222222,3↓
338,Sepp,van den Berg,DEF,BRE,?,"Van den Berg (DEF, ?)",20,1173,0,27,0,0,1,0,0,0,1,0,0,14,4,0.5,0.5,0.6666666666666666,0.6666666666666666,0.74535599249993,86.0,4.0,58.66666666666666,39.11111111111111,41.57990967870047,1.0,0.0,1.1111111111111112,0.7407407407407407,1.3286956381223776,90.0,0.0,65.16666666666667,34.53703703703703,38.73306081372863,0.0,0.0,0.0,0.0,0.0,2.0,1.0,1.5,1.0,1.118033988749895,0.0,0.0,0.0,0.0,0.0,0.0,0.0,0.0,0.0,0.0,0.0,0.0,0.0555555555555555,0.1049382716049382,0.2290614236454256,0.0,0.0,0.0,0.0,0.0,0.0,0.0,0.0,0.0,0.0,0.0,0.0,0.0,0.0,0.0,0.0,0.0,0.0555555555555555,0.1049382716049382,0.2290614236454256,0.0,0.0,0.0,0.0,0.0,0.0,0.0,0.0,0.0,0.0,1.0,0.0,1.4285714285714286,0.8163265306122449,1.3477115902938006,90.0,0.0,83.78571428571429,10.081632653061222,19.206318050610967,0.0,0.0,0.0,0.0,0.0,2.0,1.0,1.9285714285714288,0.6734693877551019,0.8835226340609272,0.0,0.0,0.0,0.0,0.0,0.0,0.0,0.0,0.0,0.0,0.0,0.0,0.0714285714285714,0.1326530612244897,0.2575393768188563,0.0,0.0,0.0,0.0,0.0,0.0,0.0,0.0,0.0,0.0,0.0,0.0,0.0,0.0,0.0,0.0,0.0,0.0714285714285714,0.1326530612244897,0.2575393768188563,0.0,0.0,0.0,0.0,0.0,0.0,0.0,0.0,0.0,0.0,-18,5.0,-19,5.0,0,0.0,5.0,5,1,10,1,1,2,15,10.0,5↑
107,Igor Thiago,Nascimento Rodrigues,FWD,BRE,?,"Thiago (FWD, ?)",5,129,0,2,0,0,0,0,0,0,0,0,0,4,14,0.5,0.5,0.6666666666666666,0.6666666666666666,0.74535599249993,9.5,9.5,18.5,18.5,25.467299294062048,0.0,0.0,0.2777777777777778,0.4320987654320987,0.558326423395605,0.0,0.0,7.166666666666667,11.148148148148149,17.231270024773757,0.0,0.0,0.0,0.0,0.0,0.0,0.0,0.1111111111111111,0.2098765432098765,0.4581228472908512,0.0,0.0,0.0,0.0,0.0,0.0,0.0,0.0,0.0,0.0,0.0,0.0,0.0,0.0,0.0,0.0,0.0,0.0,0.0,0.0,0.0,0.0,0.0,0.0,0.0,0.0,0.0,0.0,0.0,0.0,0.0,0.0,0.0,0.0,0.0,0.0,0.0,0.0,0.0,0.0,0.0,0.0,0.0,0.0,0.0,1.0,0.0,1.25,0.375,0.4330127018922193,19.5,1.0,32.25,19.875,22.96056401746264,0.0,0.0,0.0,0.0,0.0,0.0,0.0,0.5,0.75,0.8660254037844386,0.0,0.0,0.0,0.0,0.0,0.0,0.0,0.0,0.0,0.0,0.0,0.0,0.0,0.0,0.0,0.0,0.0,0.0,0.0,0.0,0.0,0.0,0.0,0.0,0.0,0.0,0.0,0.0,0.0,0.0,0.0,0.0,0.0,0.0,0.0,0.0,0.0,0.0,0.0,0.0,0.0,0.0,0.0,0.0,0.0,-18,0.0,0,0.0,-5,0.0,0.0,5,0,0,0,0,0,0,0.0,~
674,Paris,Maghoma,MID,BRE,?,"Maghoma (MID, ?)",3,50,0,0,0,0,0,0,0,0,0,0,0,3,15,0.5,0.5,0.5,0.5,0.5,0.5,0.5,8.333333333333334,10.77777777777778,11.469767022723502,0.0,0.0,0.1666666666666666,0.2777777777777778,0.3726779962499649,0.0,0.0,2.7777777777777777,4.827160493827161,7.699607172920183,0.0,0.0,0.0,0.0,0.0,0.0,0.0,0.0,0.0,0.0,0.0,0.0,0.0,0.0,0.0,0.0,0.0,0.0,0.0,0.0,0.0,0.0,0.0,0.0,0.0,0.0,0.0,0.0,0.0,0.0,0.0,0.0,0.0,0.0,0.0,0.0,0.0,0.0,0.0,0.0,0.0,0.0,0.0,0.0,0.0,0.0,0.0,0.0,0.0,0.0,0.0,0.0,0.0,0.0,0.0,1.0,0.0,1.0,0.0,0.0,23.0,3.0,16.666666666666668,10.444444444444445,11.145502331533658,0.0,0.0,0.0,0.0,0.0,0.0,0.0,0.0,0.0,0.0,0.0,0.0,0.0,0.0,0.0,0.0,0.0,0.0,0.0,0.0,0.0,0.0,0.0,0.0,0.0,0.0,0.0,0.0,0.0,0.0,0.0,0.0,0.0,0.0,0.0,0.0,0.0,0.0,0.0,0.0,0.0,0.0,0.0,0.0,0.0,0.0,0.0,0.0,0.0,0.0,0.0,0.0,0.0,0.0,0.0,-18,0.0,0,0.0,-5,0.0,0.0,5,1,1,0,0,0,2,2.0,2↑
100,Ben,Mee,DEF,BRE,?,"Mee (DEF, ?)",7,174,0,4,0,0,1,0,0,0,2,0,0,5,13,0.0,0.0,1.0,1.3333333333333333,1.8257418583505536,1.5,1.5,28.33333333333333,36.77777777777778,39.20317447463775,0.0,0.0,0.3888888888888889,0.6481481481481483,1.1613636089092705,0.0,0.0,9.666666666666666,16.40740740740741,26.210684844162312,0.0,0.0,0.0,0.0,0.0,0.0,0.0,0.2222222222222222,0.3950617283950617,0.628539361054709,0.0,0.0,0.0,0.0,0.0,0.0,0.0,0.0,0.0,0.0,0.0,0.0,0.0555555555555555,0.1049382716049382,0.2290614236454256,0.0,0.0,0.0,0.0,0.0,0.0,0.0,0.0,0.0,0.0,0.0,0.0,0.0,0.0,0.0,0.0,0.0,0.1111111111111111,0.1975308641975308,0.3142696805273545,0.0,0.0,0.0,0.0,0.0,0.0,0.0,0.0,0.0,0.0,1.0,1.0,1.4,1.44,1.8547236990991407,3.0,2.0,34.8,38.96,39.98199594817648,0.0,0.0,0.0,0.0,0.0,0.0,0.0,0.8,0.96,0.9797958971132712,0.0,0.0,0.0,0.0,0.0,0.0,0.0,0.0,0.0,0.0,0.0,0.0,0.2,0.32,0.4,0.0,0.0,0.0,0.0,0.0,0.0,0.0,0.0,0.0,0.0,0.0,0.0,0.0,0.0,0.0,0.0,0.0,0.4,0.4800000000000001,0.4898979485566356,0.0,0.0,0.0,0.0,0.0,0.0,0.0,0.0,0.0,0.0,-18,0.0,-19,0.0,0,0.0,0.0,5,0,0,0,0,1,1,1.0,~
86,Kristoffer,Ajer,DEF,BRE,?,"Ajer (DEF, ?)",9,717,0,15,0,0,0,0,0,0,3,0,0,10,8,0.0,0.0,0.3333333333333333,0.4444444444444445,0.4714045207910317,0.0,0.0,13.333333333333334,17.777777777777775,24.101636643366955,0.0,0.0,0.5,0.6111111111111112,0.6871842709362768,26.0,26.0,39.833333333333336,38.48148148148149,40.180495544756816,0.0,0.0,0.0,0.0,0.0,0.5,0.5,0.8333333333333334,0.8333333333333334,0.8975274678557507,0.0,0.0,0.0,0.0,0.0,0.0,0.0,0.0,0.0,0.0,0.0,0.0,0.0,0.0,0.0,0.0,0.0,0.0,0.0,0.0,0.0,0.0,0.0,0.0,0.0,0.0,0.0,0.0,0.0,0.0,0.0,0.0,0.1666666666666666,0.2777777777777778,0.3726779962499649,0.0,0.0,0.0,0.0,0.0,0.0,0.0,0.0,0.0,0.0,1.0,0.5,0.9,0.5399999999999999,0.7000000000000001,84.0,6.0,71.7,19.559999999999995,24.924084737458266,0.0,0.0,0.0,0.0,0.0,2.0,0.0,1.5,0.6,0.6708203932499369,0.0,0.0,0.0,0.0,0.0,0.0,0.0,0.0,0.0,0.0,0.0,0.0,0.0,0.0,0.0,0.0,0.0,0.0,0.0,0.0,0.0,0.0,0.0,0.0,0.0,0.0,0.0,0.0,0.0,0.0,0.0,0.0,0.3,0.4199999999999999,0.4582575694955839,0.0,0.0,0.0,0.0,0.0,0.0,0.0,0.0,0.0,0.0,-18,0.0,-19,0.0,0,0.0,0.0,5,0,0,0,0,0,0,0.0,~
95,Mathias,Jensen,MID,BRE,?,"Jensen (MID, ?)",17,477,0,9,0,1,1,0,0,0,1,0,1,8,10,0.0,0.0,0.1666666666666666,0.2777777777777778,0.372677996249965,0.0,0.0,6.833333333333333,11.388888888888893,15.279797846248558,0.0,0.0,0.9444444444444444,1.0493827160493825,1.5082079956109142,0.0,0.0,26.5,32.0,35.67328599012619,0.0,0.0,0.0,0.0,0.0,0.0,0.0,0.5,0.6111111111111112,0.6871842709362768,0.0,0.0,0.0,0.0,0.0,0.0,0.0,0.0555555555555555,0.1049382716049382,0.2290614236454256,0.0,0.0,0.0555555555555555,0.1049382716049382,0.2290614236454256,0.0,0.0,0.0,0.0,0.0,0.0,0.0,0.0,0.0,0.0,0.0,0.0,0.0,0.0,0.0,0.0,0.0,0.0555555555555555,0.1049382716049382,0.2290614236454256,0.0,0.0,0.0,0.0,0.0,0.0,0.0,0.0555555555555555,0.1049382716049382,0.2290614236454256,1.5,0.5,2.125,1.1875,1.6153559979150107,71.5,18.5,59.625,26.96875,29.80326114706241,0.0,0.0,0.0,0.0,0.0,1.0,0.0,1.125,0.4375,0.5994789404140899,0.0,0.0,0.0,0.0,0.0,0.0,0.0,0.125,0.21875,0.3307189138830738,0.0,0.0,0.125,0.21875,0.3307189138830738,0.0,0.0,0.0,0.0,0.0,0.0,0.0,0.0,0.0,0.0,0.0,0.0,0.0,0.0,0.0,0.0,0.0,0.125,0.21875,0.3307189138830738,0.0,0.0,0.0,0.0,0.0,0.0,0.0,0.125,0.21875,0.3307189138830738,-18,0.0,0,0.0,-5,0.0,0.0,5,1,3,2,1,1,8,8.0,5↑
97,Yunus Emre,Konak,MID,BRE,?,"Konak (MID, ?)",5,19,0,2,0,0,0,0,0,0,0,0,0,5,13,0.0,0.0,0.1666666666666666,0.2777777777777778,0.3726779962499649,0.0,0.0,0.1666666666666666,0.2777777777777778,0.3726779962499649,0.0,0.0,0.2777777777777778,0.4012345679012346,0.4479032082388083,0.0,0.0,1.0555555555555556,1.5432098765432098,2.6764865489879788,0.0,0.0,0.0,0.0,0.0,0.0,0.0,0.1111111111111111,0.1975308641975308,0.3142696805273545,0.0,0.0,0.0,0.0,0.0,0.0,0.0,0.0,0.0,0.0,0.0,0.0,0.0,0.0,0.0,0.0,0.0,0.0,0.0,0.0,0.0,0.0,0.0,0.0,0.0,0.0,0.0,0.0,0.0,0.0,0.0,0.0,0.0,0.0,0.0,0.0,0.0,0.0,0.0,0.0,0.0,0.0,0.0,0.0,0.0,1.0,0.0,1.0,0.0,0.0,1.0,0.0,3.8,3.3600000000000003,3.919183588453085,0.0,0.0,0.0,0.0,0.0,0.0,0.0,0.4,0.48,0.4898979485566356,0.0,0.0,0.0,0.0,0.0,0.0,0.0,0.0,0.0,0.0,0.0,0.0,0.0,0.0,0.0,0.0,0.0,0.0,0.0,0.0,0.0,0.0,0.0,0.0,0.0,0.0,0.0,0.0,0.0,0.0,0.0,0.0,0.0,0.0,0.0,0.0,0.0,0.0,0.0,0.0,0.0,0.0,0.0,0.0,0.0,-18,0.0,0,0.0,-5,0.0,0.0,5,0,0,0,0,0,0,0.0,~
649,Jayden,Meghoma,DEF,BRE,?,"Meghoma (DEF, ?)",1,4,0,0,0,0,0,0,0,0,0,0,0,1,17,0.0,0.0,0.1666666666666666,0.2777777777777778,0.372677996249965,0.0,0.0,0.6666666666666666,1.1111111111111114,1.49071198499986,0.0,0.0,0.0555555555555555,0.1049382716049382,0.2290614236454256,0.0,0.0,0.2222222222222222,0.4197530864197531,0.9162456945817024,0.0,0.0,0.0,0.0,0.0,0.0,0.0,0.0,0.0,0.0,0.0,0.0,0.0,0.0,0.0,0.0,0.0,0.0,0.0,0.0,0.0,0.0,0.0,0.0,0.0,0.0,0.0,0.0,0.0,0.0,0.0,0.0,0.0,0.0,0.0,0.0,0.0,0.0,0.0,0.0,0.0,0.0,0.0,0.0,0.0,0.0,0.0,0.0,0.0,0.0,0.0,0.0,0.0,0.0,0.0,1.0,0.0,1.0,0.0,0.0,4.0,0.0,4.0,0.0,0.0,0.0,0.0,0.0,0.0,0.0,0.0,0.0,0.0,0.0,0.0,0.0,0.0,0.0,0.0,0.0,0.0,0.0,0.0,0.0,0.0,0.0,0.0,0.0,0.0,0.0,0.0,0.0,0.0,0.0,0.0,0.0,0.0,0.0,0.0,0.0,0.0,0.0,0.0,0.0,0.0,0.0,0.0,0.0,0.0,0.0,0.0,0.0,0.0,0.0,0.0,0.0,0.0,0.0,0.0,0.0,-18,0.0,-19,0.0,0,0.0,0.0,5,0,0,0,0,0,0,0.0,~
96,Kim,Ji-soo,DEF,BRE,?,"Ji-soo (DEF, ?)",1,12,0,0,0,0,0,0,0,0,0,0,0,1,17,0.0,0.0,0.1666666666666666,0.2777777777777777,0.372677996249965,0.0,0.0,2.0,3.333333333333333,4.47213595499958,0.0,0.0,0.0555555555555555,0.1049382716049382,0.2290614236454256,0.0,0.0,0.6666666666666666,1.2592592592592593,2.7487370837451075,0.0,0.0,0.0,0.0,0.0,0.0,0.0,0.0,0.0,0.0,0.0,0.0,0.0,0.0,0.0,0.0,0.0,0.0,0.0,0.0,0.0,0.0,0.0,0.0,0.0,0.0,0.0,0.0,0.0,0.0,0.0,0.0,0.0,0.0,0.0,0.0,0.0,0.0,0.0,0.0,0.0,0.0,0.0,0.0,0.0,0.0,0.0,0.0,0.0,0.0,0.0,0.0,0.0,0.0,0.0,1.0,0.0,1.0,0.0,0.0,12.0,0.0,12.0,0.0,0.0,0.0,0.0,0.0,0.0,0.0,0.0,0.0,0.0,0.0,0.0,0.0,0.0,0.0,0.0,0.0,0.0,0.0,0.0,0.0,0.0,0.0,0.0,0.0,0.0,0.0,0.0,0.0,0.0,0.0,0.0,0.0,0.0,0.0,0.0,0.0,0.0,0.0,0.0,0.0,0.0,0.0,0.0,0.0,0.0,0.0,0.0,0.0,0.0,0.0,0.0,0.0,0.0,0.0,0.0,0.0,-18,0.0,-19,0.0,0,0.0,0.0,5,1,0,0,0,0,1,1.0,~
109,Hákon,Valdimarsson,GKP,BRE,?,"Valdimarsson (GKP, ?)",1,54,0,0,0,0,0,2,0,0,0,0,0,1,17,0.0,0.0,0.1666666666666666,0.2777777777777777,0.372677996249965,0.0,0.0,9.0,15.0,20.12461179749811,0.0,0.0,0.0555555555555555,0.1049382716049382,0.2290614236454256,0.0,0.0,3.0,5.666666666666667,12.36931687685298,0.0,0.0,0.0,0.0,0.0,0.0,0.0,0.0,0.0,0.0,0.0,0.0,0.0,0.0,0.0,0.0,0.0,0.0,0.0,0.0,0.0,0.0,0.0,0.0,0.0,0.0,0.0,0.1111111111111111,0.2098765432098765,0.4581228472908512,0.0,0.0,0.0,0.0,0.0,0.0,0.0,0.0,0.0,0.0,0.0,0.0,0.0,0.0,0.0,0.0,0.0,0.0,0.0,0.0,0.0,0.0,0.0,0.0,0.0,1.0,0.0,1.0,0.0,0.0,54.0,0.0,54.0,0.0,0.0,0.0,0.0,0.0,0.0,0.0,0.0,0.0,0.0,0.0,0.0,0.0,0.0,0.0,0.0,0.0,0.0,0.0,0.0,0.0,0.0,0.0,0.0,0.0,0.0,0.0,2.0,0.0,2.0,0.0,0.0,0.0,0.0,0.0,0.0,0.0,0.0,0.0,0.0,0.0,0.0,0.0,0.0,0.0,0.0,0.0,0.0,0.0,0.0,0.0,0.0,0.0,0.0,0.0,0.0,0.0,-18,0.0,-19,0.0,0,0.0,0.0,5,0,0,0,0,0,0,0.0,~
102,Frank,Onyeka,MID,BRE,?,"Onyeka (MID, ?)",2,23,0,0,0,0,0,0,0,0,0,0,0,2,16,0.0,0.0,0.0,0.0,0.0,0.0,0.0,0.0,0.0,0.0,0.0,0.0,0.1111111111111111,0.1975308641975308,0.3142696805273545,0.0,0.0,1.2777777777777777,2.271604938271605,4.052510272185975,0.0,0.0,0.0,0.0,0.0,0.0,0.0,0.0,0.0,0.0,0.0,0.0,0.0,0.0,0.0,0.0,0.0,0.0,0.0,0.0,0.0,0.0,0.0,0.0,0.0,0.0,0.0,0.0,0.0,0.0,0.0,0.0,0.0,0.0,0.0,0.0,0.0,0.0,0.0,0.0,0.0,0.0,0.0,0.0,0.0,0.0,0.0,0.0,0.0,0.0,0.0,0.0,0.0,0.0,0.0,1.0,0.0,1.0,0.0,0.0,11.5,5.5,11.5,5.5,5.5,0.0,0.0,0.0,0.0,0.0,0.0,0.0,0.0,0.0,0.0,0.0,0.0,0.0,0.0,0.0,0.0,0.0,0.0,0.0,0.0,0.0,0.0,0.0,0.0,0.0,0.0,0.0,0.0,0.0,0.0,0.0,0.0,0.0,0.0,0.0,0.0,0.0,0.0,0.0,0.0,0.0,0.0,0.0,0.0,0.0,0.0,0.0,0.0,0.0,0.0,0.0,0.0,0.0,0.0,0.0,-18,0.0,0,0.0,-5,0.0,0.0,5,0,0,0,0,0,0,0.0,~
602,Ryan,Trevitt,MID,BRE,?,"Trevitt (MID, ?)",1,3,0,0,0,0,0,0,0,0,0,0,0,1,17,0.0,0.0,0.0,0.0,0.0,0.0,0.0,0.0,0.0,0.0,0.0,0.0,0.0555555555555555,0.1049382716049382,0.2290614236454256,0.0,0.0,0.1666666666666666,0.3148148148148148,0.6871842709362769,0.0,0.0,0.0,0.0,0.0,0.0,0.0,0.0,0.0,0.0,0.0,0.0,0.0,0.0,0.0,0.0,0.0,0.0,0.0,0.0,0.0,0.0,0.0,0.0,0.0,0.0,0.0,0.0,0.0,0.0,0.0,0.0,0.0,0.0,0.0,0.0,0.0,0.0,0.0,0.0,0.0,0.0,0.0,0.0,0.0,0.0,0.0,0.0,0.0,0.0,0.0,0.0,0.0,0.0,0.0,1.0,0.0,1.0,0.0,0.0,3.0,0.0,3.0,0.0,0.0,0.0,0.0,0.0,0.0,0.0,0.0,0.0,0.0,0.0,0.0,0.0,0.0,0.0,0.0,0.0,0.0,0.0,0.0,0.0,0.0,0.0,0.0,0.0,0.0,0.0,0.0,0.0,0.0,0.0,0.0,0.0,0.0,0.0,0.0,0.0,0.0,0.0,0.0,0.0,0.0,0.0,0.0,0.0,0.0,0.0,0.0,0.0,0.0,0.0,0.0,0.0,0.0,0.0,0.0,0.0,-18,0.0,0,0.0,-5,0.0,0.0,5,0,0,0,0,0,0,0.0,~
87,Ethan,Brierley,MID,BRE,?,"Brierley (MID, ?)",0,0,0,0,0,0,0,0,0,0,0,0,0,0,18,0.0,0.0,0.0,0.0,0.0,0.0,0.0,0.0,0.0,0.0,0.0,0.0,0.0,0.0,0.0,0.0,0.0,0.0,0.0,0.0,0.0,0.0,0.0,0.0,0.0,0.0,0.0,0.0,0.0,0.0,0.0,0.0,0.0,0.0,0.0,0.0,0.0,0.0,0.0,0.0,0.0,0.0,0.0,0.0,0.0,0.0,0.0,0.0,0.0,0.0,0.0,0.0,0.0,0.0,0.0,0.0,0.0,0.0,0.0,0.0,0.0,0.0,0.0,0.0,0.0,0.0,0.0,0.0,0.0,0.0,0.0,0.0,0.0,0.0,0.0,0.0,0.0,0.0,0.0,0.0,0.0,0.0,0.0,0.0,0.0,0.0,0.0,0.0,0.0,0.0,0.0,0.0,0.0,0.0,0.0,0.0,0.0,0.0,0.0,0.0,0.0,0.0,0.0,0.0,0.0,0.0,0.0,0.0,0.0,0.0,0.0,0.0,0.0,0.0,0.0,0.0,0.0,0.0,0.0,0.0,0.0,0.0,0.0,0.0,0.0,0.0,0.0,0.0,0.0,0.0,0.0,0.0,0.0,0.0,0.0,0.0,0.0,0.0,0.0,0.0,-18,0.0,0,0.0,-5,0.0,0.0,5,0,0,0,0,0,0,0.0,~
90,Josh,Dasilva,MID,BRE,?,"Dasilva (MID, ?)",0,0,0,0,0,0,0,0,0,0,0,0,0,0,18,0.0,0.0,0.0,0.0,0.0,0.0,0.0,0.0,0.0,0.0,0.0,0.0,0.0,0.0,0.0,0.0,0.0,0.0,0.0,0.0,0.0,0.0,0.0,0.0,0.0,0.0,0.0,0.0,0.0,0.0,0.0,0.0,0.0,0.0,0.0,0.0,0.0,0.0,0.0,0.0,0.0,0.0,0.0,0.0,0.0,0.0,0.0,0.0,0.0,0.0,0.0,0.0,0.0,0.0,0.0,0.0,0.0,0.0,0.0,0.0,0.0,0.0,0.0,0.0,0.0,0.0,0.0,0.0,0.0,0.0,0.0,0.0,0.0,0.0,0.0,0.0,0.0,0.0,0.0,0.0,0.0,0.0,0.0,0.0,0.0,0.0,0.0,0.0,0.0,0.0,0.0,0.0,0.0,0.0,0.0,0.0,0.0,0.0,0.0,0.0,0.0,0.0,0.0,0.0,0.0,0.0,0.0,0.0,0.0,0.0,0.0,0.0,0.0,0.0,0.0,0.0,0.0,0.0,0.0,0.0,0.0,0.0,0.0,0.0,0.0,0.0,0.0,0.0,0.0,0.0,0.0,0.0,0.0,0.0,0.0,0.0,0.0,0.0,0.0,0.0,-18,0.0,0,0.0,-5,0.0,0.0,5,0,0,0,0,0,0,0.0,~
92,Rico,Henry,DEF,BRE,?,"Henry (DEF, ?)",0,0,0,0,0,0,0,0,0,0,0,0,0,0,18,0.0,0.0,0.0,0.0,0.0,0.0,0.0,0.0,0.0,0.0,0.0,0.0,0.0,0.0,0.0,0.0,0.0,0.0,0.0,0.0,0.0,0.0,0.0,0.0,0.0,0.0,0.0,0.0,0.0,0.0,0.0,0.0,0.0,0.0,0.0,0.0,0.0,0.0,0.0,0.0,0.0,0.0,0.0,0.0,0.0,0.0,0.0,0.0,0.0,0.0,0.0,0.0,0.0,0.0,0.0,0.0,0.0,0.0,0.0,0.0,0.0,0.0,0.0,0.0,0.0,0.0,0.0,0.0,0.0,0.0,0.0,0.0,0.0,0.0,0.0,0.0,0.0,0.0,0.0,0.0,0.0,0.0,0.0,0.0,0.0,0.0,0.0,0.0,0.0,0.0,0.0,0.0,0.0,0.0,0.0,0.0,0.0,0.0,0.0,0.0,0.0,0.0,0.0,0.0,0.0,0.0,0.0,0.0,0.0,0.0,0.0,0.0,0.0,0.0,0.0,0.0,0.0,0.0,0.0,0.0,0.0,0.0,0.0,0.0,0.0,0.0,0.0,0.0,0.0,0.0,0.0,0.0,0.0,0.0,0.0,0.0,0.0,0.0,0.0,0.0,-18,0.0,-19,0.0,0,0.0,0.0,5,0,0,1,0,0,1,1.0,~
93,Aaron,Hickey,DEF,BRE,?,"Hickey (DEF, ?)",0,0,0,0,0,0,0,0,0,0,0,0,0,0,18,0.0,0.0,0.0,0.0,0.0,0.0,0.0,0.0,0.0,0.0,0.0,0.0,0.0,0.0,0.0,0.0,0.0,0.0,0.0,0.0,0.0,0.0,0.0,0.0,0.0,0.0,0.0,0.0,0.0,0.0,0.0,0.0,0.0,0.0,0.0,0.0,0.0,0.0,0.0,0.0,0.0,0.0,0.0,0.0,0.0,0.0,0.0,0.0,0.0,0.0,0.0,0.0,0.0,0.0,0.0,0.0,0.0,0.0,0.0,0.0,0.0,0.0,0.0,0.0,0.0,0.0,0.0,0.0,0.0,0.0,0.0,0.0,0.0,0.0,0.0,0.0,0.0,0.0,0.0,0.0,0.0,0.0,0.0,0.0,0.0,0.0,0.0,0.0,0.0,0.0,0.0,0.0,0.0,0.0,0.0,0.0,0.0,0.0,0.0,0.0,0.0,0.0,0.0,0.0,0.0,0.0,0.0,0.0,0.0,0.0,0.0,0.0,0.0,0.0,0.0,0.0,0.0,0.0,0.0,0.0,0.0,0.0,0.0,0.0,0.0,0.0,0.0,0.0,0.0,0.0,0.0,0.0,0.0,0.0,0.0,0.0,0.0,0.0,0.0,0.0,-18,0.0,-19,0.0,0,0.0,0.0,5,0,0,0,0,0,0,0.0,~
103,Myles,Peart-Harris,MID,BRE,?,"Peart-Harris (MID, ?)",0,0,0,0,0,0,0,0,0,0,0,0,0,0,18,0.0,0.0,0.0,0.0,0.0,0.0,0.0,0.0,0.0,0.0,0.0,0.0,0.0,0.0,0.0,0.0,0.0,0.0,0.0,0.0,0.0,0.0,0.0,0.0,0.0,0.0,0.0,0.0,0.0,0.0,0.0,0.0,0.0,0.0,0.0,0.0,0.0,0.0,0.0,0.0,0.0,0.0,0.0,0.0,0.0,0.0,0.0,0.0,0.0,0.0,0.0,0.0,0.0,0.0,0.0,0.0,0.0,0.0,0.0,0.0,0.0,0.0,0.0,0.0,0.0,0.0,0.0,0.0,0.0,0.0,0.0,0.0,0.0,0.0,0.0,0.0,0.0,0.0,0.0,0.0,0.0,0.0,0.0,0.0,0.0,0.0,0.0,0.0,0.0,0.0,0.0,0.0,0.0,0.0,0.0,0.0,0.0,0.0,0.0,0.0,0.0,0.0,0.0,0.0,0.0,0.0,0.0,0.0,0.0,0.0,0.0,0.0,0.0,0.0,0.0,0.0,0.0,0.0,0.0,0.0,0.0,0.0,0.0,0.0,0.0,0.0,0.0,0.0,0.0,0.0,0.0,0.0,0.0,0.0,0.0,0.0,0.0,0.0,0.0,0.0,-18,0.0,0,0.0,-5,0.0,0.0,5,0,0,0,0,0,0,0.0,~
108,Ivan,Toney,FWD,BRE,?,"Toney (FWD, ?)",0,0,0,0,0,0,0,0,0,0,0,0,0,0,18,0.0,0.0,0.0,0.0,0.0,0.0,0.0,0.0,0.0,0.0,0.0,0.0,0.0,0.0,0.0,0.0,0.0,0.0,0.0,0.0,0.0,0.0,0.0,0.0,0.0,0.0,0.0,0.0,0.0,0.0,0.0,0.0,0.0,0.0,0.0,0.0,0.0,0.0,0.0,0.0,0.0,0.0,0.0,0.0,0.0,0.0,0.0,0.0,0.0,0.0,0.0,0.0,0.0,0.0,0.0,0.0,0.0,0.0,0.0,0.0,0.0,0.0,0.0,0.0,0.0,0.0,0.0,0.0,0.0,0.0,0.0,0.0,0.0,0.0,0.0,0.0,0.0,0.0,0.0,0.0,0.0,0.0,0.0,0.0,0.0,0.0,0.0,0.0,0.0,0.0,0.0,0.0,0.0,0.0,0.0,0.0,0.0,0.0,0.0,0.0,0.0,0.0,0.0,0.0,0.0,0.0,0.0,0.0,0.0,0.0,0.0,0.0,0.0,0.0,0.0,0.0,0.0,0.0,0.0,0.0,0.0,0.0,0.0,0.0,0.0,0.0,0.0,0.0,0.0,0.0,0.0,0.0,0.0,0.0,0.0,0.0,0.0,0.0,0.0,0.0,-18,0.0,0,0.0,-5,0.0,0.0,5,0,0,0,0,0,0,0.0,~
112,Mathias,Jorgensen,DEF,BRE,?,"Zanka (DEF, ?)",0,0,0,0,0,0,0,0,0,0,0,0,0,0,18,0.0,0.0,0.0,0.0,0.0,0.0,0.0,0.0,0.0,0.0,0.0,0.0,0.0,0.0,0.0,0.0,0.0,0.0,0.0,0.0,0.0,0.0,0.0,0.0,0.0,0.0,0.0,0.0,0.0,0.0,0.0,0.0,0.0,0.0,0.0,0.0,0.0,0.0,0.0,0.0,0.0,0.0,0.0,0.0,0.0,0.0,0.0,0.0,0.0,0.0,0.0,0.0,0.0,0.0,0.0,0.0,0.0,0.0,0.0,0.0,0.0,0.0,0.0,0.0,0.0,0.0,0.0,0.0,0.0,0.0,0.0,0.0,0.0,0.0,0.0,0.0,0.0,0.0,0.0,0.0,0.0,0.0,0.0,0.0,0.0,0.0,0.0,0.0,0.0,0.0,0.0,0.0,0.0,0.0,0.0,0.0,0.0,0.0,0.0,0.0,0.0,0.0,0.0,0.0,0.0,0.0,0.0,0.0,0.0,0.0,0.0,0.0,0.0,0.0,0.0,0.0,0.0,0.0,0.0,0.0,0.0,0.0,0.0,0.0,0.0,0.0,0.0,0.0,0.0,0.0,0.0,0.0,0.0,0.0,0.0,0.0,0.0,0.0,0.0,0.0,-18,0.0,-19,0.0,0,0.0,0.0,5,0,0,0,0,0,0,0.0,~
634,Gustavo,Nunes Fernandes Gomes,MID,BRE,?,"G.Nunes (MID, ?)",0,0,0,0,0,0,0,0,0,0,0,0,0,0,18,0.0,0.0,0.0,0.0,0.0,0.0,0.0,0.0,0.0,0.0,0.0,0.0,0.0,0.0,0.0,0.0,0.0,0.0,0.0,0.0,0.0,0.0,0.0,0.0,0.0,0.0,0.0,0.0,0.0,0.0,0.0,0.0,0.0,0.0,0.0,0.0,0.0,0.0,0.0,0.0,0.0,0.0,0.0,0.0,0.0,0.0,0.0,0.0,0.0,0.0,0.0,0.0,0.0,0.0,0.0,0.0,0.0,0.0,0.0,0.0,0.0,0.0,0.0,0.0,0.0,0.0,0.0,0.0,0.0,0.0,0.0,0.0,0.0,0.0,0.0,0.0,0.0,0.0,0.0,0.0,0.0,0.0,0.0,0.0,0.0,0.0,0.0,0.0,0.0,0.0,0.0,0.0,0.0,0.0,0.0,0.0,0.0,0.0,0.0,0.0,0.0,0.0,0.0,0.0,0.0,0.0,0.0,0.0,0.0,0.0,0.0,0.0,0.0,0.0,0.0,0.0,0.0,0.0,0.0,0.0,0.0,0.0,0.0,0.0,0.0,0.0,0.0,0.0,0.0,0.0,0.0,0.0,0.0,0.0,0.0,0.0,0.0,0.0,0.0,0.0,-18,0.0,0,0.0,-5,0.0,0.0,5,0,0,0,0,0,0,0.0,~
661,Tony,Yogane,MID,BRE,?,"Yogane (MID, ?)",0,0,0,0,0,0,0,0,0,0,0,0,0,0,18,0.0,0.0,0.0,0.0,0.0,0.0,0.0,0.0,0.0,0.0,0.0,0.0,0.0,0.0,0.0,0.0,0.0,0.0,0.0,0.0,0.0,0.0,0.0,0.0,0.0,0.0,0.0,0.0,0.0,0.0,0.0,0.0,0.0,0.0,0.0,0.0,0.0,0.0,0.0,0.0,0.0,0.0,0.0,0.0,0.0,0.0,0.0,0.0,0.0,0.0,0.0,0.0,0.0,0.0,0.0,0.0,0.0,0.0,0.0,0.0,0.0,0.0,0.0,0.0,0.0,0.0,0.0,0.0,0.0,0.0,0.0,0.0,0.0,0.0,0.0,0.0,0.0,0.0,0.0,0.0,0.0,0.0,0.0,0.0,0.0,0.0,0.0,0.0,0.0,0.0,0.0,0.0,0.0,0.0,0.0,0.0,0.0,0.0,0.0,0.0,0.0,0.0,0.0,0.0,0.0,0.0,0.0,0.0,0.0,0.0,0.0,0.0,0.0,0.0,0.0,0.0,0.0,0.0,0.0,0.0,0.0,0.0,0.0,0.0,0.0,0.0,0.0,0.0,0.0,0.0,0.0,0.0,0.0,0.0,0.0,0.0,0.0,0.0,0.0,0.0,-18,0.0,0,0.0,-5,0.0,0.0,5,0,0,0,0,0,0,0.0,~
705,Benjamin,Arthur,DEF,BRE,?,"Arthur (DEF, ?)",0,0,0,0,0,0,0,0,0,0,0,0,0,0,18,0.0,0.0,0.0,0.0,0.0,0.0,0.0,0.0,0.0,0.0,0.0,0.0,0.0,0.0,0.0,0.0,0.0,0.0,0.0,0.0,0.0,0.0,0.0,0.0,0.0,0.0,0.0,0.0,0.0,0.0,0.0,0.0,0.0,0.0,0.0,0.0,0.0,0.0,0.0,0.0,0.0,0.0,0.0,0.0,0.0,0.0,0.0,0.0,0.0,0.0,0.0,0.0,0.0,0.0,0.0,0.0,0.0,0.0,0.0,0.0,0.0,0.0,0.0,0.0,0.0,0.0,0.0,0.0,0.0,0.0,0.0,0.0,0.0,0.0,0.0,0.0,0.0,0.0,0.0,0.0,0.0,0.0,0.0,0.0,0.0,0.0,0.0,0.0,0.0,0.0,0.0,0.0,0.0,0.0,0.0,0.0,0.0,0.0,0.0,0.0,0.0,0.0,0.0,0.0,0.0,0.0,0.0,0.0,0.0,0.0,0.0,0.0,0.0,0.0,0.0,0.0,0.0,0.0,0.0,0.0,0.0,0.0,0.0,0.0,0.0,0.0,0.0,0.0,0.0,0.0,0.0,0.0,0.0,0.0,0.0,0.0,0.0,0.0,0.0,0.0,-18,0.0,-19,0.0,0,0.0,0.0,5,0,0,0,0,0,0,0.0,~
182,Cole,Palmer,MID,CHE,?,"Palmer (MID, ?)",141,1568,12,20,0,7,4,0,0,0,3,0,23,18,0,8.5,5.5,9.166666666666666,4.833333333333333,5.520165053893065,90.0,0.0,87.16666666666667,3.777777777777776,4.487637339278753,6.0,4.0,7.833333333333333,5.2407407407407405,6.525590650150631,90.0,0.0,87.11111111111111,4.493827160493826,6.715561438338478,0.0,0.0,0.6666666666666666,0.7407407407407407,1.0,1.0,1.0,1.1111111111111112,0.5925925925925927,0.7370277311900889,0.0,0.0,0.0,0.0,0.0,0.0,0.0,0.3888888888888889,0.5617283950617283,0.7556372504853025,0.0,0.0,0.2222222222222222,0.345679012345679,0.415739709641549,0.0,0.0,0.0,0.0,0.0,0.0,0.0,0.0,0.0,0.0,0.0,0.0,0.0,0.0,0.0,0.0,0.0,0.1666666666666666,0.2777777777777778,0.3726779962499649,0.0,0.0,0.0,0.0,0.0,1.0,1.0,1.2777777777777777,1.1975308641975309,1.2825995978461329,6.0,4.0,7.833333333333333,5.2407407407407405,6.525590650150631,90.0,0.0,87.11111111111111,4.493827160493826,6.715561438338478,0.0,0.0,0.6666666666666666,0.7407407407407407,1.0,1.0,1.0,1.1111111111111112,0.5925925925925927,0.7370277311900889,0.0,0.0,0.0,0.0,0.0,0.0,0.0,0.3888888888888889,0.5617283950617283,0.7556372504853025,0.0,0.0,0.2222222222222222,0.345679012345679,0.415739709641549,0.0,0.0,0.0,0.0,0.0,0.0,0.0,0.0,0.0,0.0,0.0,0.0,0.0,0.0,0.0,0.0,0.0,0.1666666666666666,0.2777777777777778,0.3726779962499649,0.0,0.0,0.0,0.0,0.0,1.0,1.0,1.2777777777777777,1.1975308641975309,1.2825995978461329,24,40.66666666666666,0,0.0,25,41.11111111111111,40.88888888889,5,2,10,10,2,2,26,-14.888888888890001,6↓
168,Enzo,Fernández,MID,CHE,?,"Enzo (MID, ?)",64,1237,3,16,0,4,3,0,0,0,1,0,5,17,1,5.0,2.5,5.5,2.333333333333333,2.692582403567252,90.0,0.0,90.0,0.0,0.0,2.0,1.0,3.555555555555556,2.5185185185185186,3.2183885239911643,90.0,0.0,68.72222222222223,27.51234567901234,31.53623234657691,0.0,0.0,0.1666666666666666,0.2777777777777778,0.3726779962499649,1.0,1.0,0.8888888888888888,0.7901234567901234,0.936238863686262,0.0,0.0,0.0,0.0,0.0,0.0,0.0,0.2222222222222222,0.345679012345679,0.415739709641549,0.0,0.0,0.1666666666666666,0.2777777777777778,0.3726779962499649,0.0,0.0,0.0,0.0,0.0,0.0,0.0,0.0,0.0,0.0,0.0,0.0,0.0,0.0,0.0,0.0,0.0,0.0555555555555555,0.1049382716049382,0.2290614236454256,0.0,0.0,0.0,0.0,0.0,0.0,0.0,0.2777777777777778,0.462962962962963,0.6502611061510903,2.0,1.0,3.764705882352941,2.5190311418685125,3.190600381722498,90.0,0.0,72.76470588235294,22.94809688581315,27.54788218990325,0.0,0.0,0.1764705882352941,0.2906574394463668,0.3812200410828153,1.0,1.0,0.9411764705882352,0.7750865051903114,0.9374927912064251,0.0,0.0,0.0,0.0,0.0,0.0,0.0,0.2352941176470588,0.3598615916955017,0.4241825029957634,0.0,0.0,0.1764705882352941,0.2906574394463668,0.3812200410828153,0.0,0.0,0.0,0.0,0.0,0.0,0.0,0.0,0.0,0.0,0.0,0.0,0.0,0.0,0.0,0.0,0.0,0.0588235294117647,0.1107266435986159,0.2352941176470588,0.0,0.0,0.0,0.0,0.0,0.0,0.0,0.2941176470588235,0.4844290657439447,0.6655122646461624,24,12.666666666666668,0,0.0,25,12.777777777777777,12.72222222222,5,1,1,2,0,2,6,-6.722222222219999,4↓
386,Jadon,Sancho,MID,CHE,?,"Sancho (MID, ?)",44,758,2,11,0,4,2,0,0,0,1,0,2,12,6,3.0,1.0,4.0,2.0,2.23606797749979,90.0,0.0,74.66666666666667,20.444444444444443,26.37338725980331,2.0,2.0,2.4444444444444446,2.098765432098765,2.692009208796826,45.0,45.0,42.11111111111112,34.87654320987654,37.81223918387756,0.0,0.0,0.1111111111111111,0.1975308641975308,0.3142696805273545,0.0,0.0,0.6111111111111112,0.7469135802469135,0.8906233078822999,0.0,0.0,0.0,0.0,0.0,0.0,0.0,0.2222222222222222,0.3703703703703704,0.5328701692569688,0.0,0.0,0.1111111111111111,0.1975308641975308,0.3142696805273545,0.0,0.0,0.0,0.0,0.0,0.0,0.0,0.0,0.0,0.0,0.0,0.0,0.0,0.0,0.0,0.0,0.0,0.0555555555555555,0.1049382716049382,0.2290614236454256,0.0,0.0,0.0,0.0,0.0,0.0,0.0,0.1111111111111111,0.1975308641975308,0.3142696805273545,3.0,1.0,3.6666666666666665,2.055555555555556,2.5276251480171834,70.0,20.0,63.16666666666666,24.472222222222214,28.5418795612498,0.0,0.0,0.1666666666666666,0.2777777777777777,0.3726779962499649,1.0,1.0,0.9166666666666666,0.763888888888889,0.9537935951882998,0.0,0.0,0.0,0.0,0.0,0.0,0.0,0.3333333333333333,0.4999999999999999,0.6236095644623235,0.0,0.0,0.1666666666666666,0.2777777777777777,0.372677996249965,0.0,0.0,0.0,0.0,0.0,0.0,0.0,0.0,0.0,0.0,0.0,0.0,0.0,0.0,0.0,0.0,0.0,0.0833333333333333,0.1527777777777777,0.2763853991962833,0.0,0.0,0.0,0.0,0.0,0.0,0.0,0.1666666666666666,0.2777777777777777,0.3726779962499649,24,15.333333333333332,0,0.0,25,15.555555555555554,15.44444444444,5,1,6,2,1,2,12,-3.44444444444,3↓
163,Marc,Cucurella Saseta,DEF,CHE,?,"Cucurella (DEF, ?)",43,1265,1,16,0,2,3,0,0,0,6,1,2,16,2,3.0,2.0,3.8333333333333335,2.833333333333333,3.6247605284885904,90.0,0.0,73.0,24.33333333333333,32.93933818400121,1.5,1.0,2.388888888888889,2.0061728395061724,2.690288891734056,90.0,0.0,70.27777777777777,25.04320987654321,31.690877684202142,0.0,0.0,0.0555555555555555,0.1049382716049382,0.2290614236454256,1.0,1.0,0.8888888888888888,0.5925925925925927,0.7370277311900889,0.0,0.0,0.0,0.0,0.0,0.0,0.0,0.1111111111111111,0.1975308641975308,0.3142696805273545,0.0,0.0,0.1666666666666666,0.2777777777777778,0.3726779962499649,0.0,0.0,0.0,0.0,0.0,0.0,0.0,0.0,0.0,0.0,0.0,0.0,0.0,0.0,0.0,0.0,0.0,0.3333333333333333,0.4444444444444444,0.4714045207910317,0.0,0.0,0.0555555555555555,0.1049382716049382,0.2290614236454256,0.0,0.0,0.1111111111111111,0.2098765432098765,0.4581228472908512,2.0,1.0,2.6875,2.0703125,2.7092146002116557,90.0,0.0,79.0625,14.0390625,20.86405027193905,0.0,0.0,0.0625,0.1171875,0.2420614591379635,1.0,0.5,1.0,0.5,0.7071067811865476,0.0,0.0,0.0,0.0,0.0,0.0,0.0,0.125,0.21875,0.3307189138830738,0.0,0.0,0.1875,0.3046875,0.3903123748998999,0.0,0.0,0.0,0.0,0.0,0.0,0.0,0.0,0.0,0.0,0.0,0.0,0.0,0.0,0.0,0.0,0.0,0.375,0.46875,0.4841229182759271,0.0,0.0,0.0625,0.1171875,0.2420614591379635,0.0,0.0,0.125,0.234375,0.4841229182759271,24,10.166666666666664,-4,7.055555555555556,0,0.0,8.61111111111,5,1,2,1,9,1,14,5.3888888888899995,4↑
162,Levi,Colwill,DEF,CHE,?,"Colwill (DEF, ?)",45,1530,0,20,0,1,4,0,0,0,3,0,1,17,1,3.0,2.5,3.1666666666666665,2.1666666666666665,2.3392781412697,90.0,0.0,75.0,25.0,33.54101966249684,2.0,1.0,2.5,1.7222222222222223,2.0615528128088303,90.0,0.0,85.0,9.444444444444445,20.615528128088304,0.0,0.0,0.0,0.0,0.0,1.0,1.0,1.1111111111111112,0.7037037037037037,0.8748897637790902,0.0,0.0,0.0,0.0,0.0,0.0,0.0,0.0555555555555555,0.1049382716049382,0.2290614236454256,0.0,0.0,0.2222222222222222,0.345679012345679,0.415739709641549,0.0,0.0,0.0,0.0,0.0,0.0,0.0,0.0,0.0,0.0,0.0,0.0,0.0,0.0,0.0,0.0,0.0,0.1666666666666666,0.2777777777777778,0.3726779962499649,0.0,0.0,0.0,0.0,0.0,0.0,0.0,0.0555555555555555,0.1049382716049382,0.2290614236454256,2.0,1.0,2.647058823529412,1.7370242214532872,2.027492698778128,90.0,0.0,90.0,0.0,0.0,0.0,0.0,0.0,0.0,0.0,1.0,1.0,1.1764705882352942,0.698961937716263,0.8564835163859433,0.0,0.0,0.0,0.0,0.0,0.0,0.0,0.0588235294117647,0.1107266435986159,0.2352941176470588,0.0,0.0,0.2352941176470588,0.3598615916955017,0.4241825029957634,0.0,0.0,0.0,0.0,0.0,0.0,0.0,0.0,0.0,0.0,0.0,0.0,0.0,0.0,0.0,0.0,0.0,0.1764705882352941,0.2906574394463668,0.3812200410828153,0.0,0.0,0.0,0.0,0.0,0.0,0.0,0.0588235294117647,0.1107266435986159,0.2352941176470588,24,12.666666666666668,-4,9.555555555555555,0,0.0,11.11111111111,5,0,1,1,0,0,2,-9.11111111111,5↓
185,Robert,Sánchez,GKP,CHE,?,"Sánchez (GKP, ?)",66,1530,0,20,0,0,4,59,1,0,4,0,7,17,1,2.5,2.5,3.5,3.0,3.4034296427770228,90.0,0.0,75.0,25.0,33.54101966249684,2.0,1.0,3.6666666666666665,2.962962962962963,3.9015666369065416,90.0,0.0,85.0,9.444444444444445,20.615528128088304,0.0,0.0,0.0,0.0,0.0,1.0,1.0,1.1111111111111112,0.7037037037037037,0.8748897637790902,0.0,0.0,0.0,0.0,0.0,0.0,0.0,0.0,0.0,0.0,0.0,0.0,0.2222222222222222,0.345679012345679,0.415739709641549,3.0,1.0,3.2777777777777777,1.7037037037037035,2.206192183518309,0.0,0.0,0.0555555555555555,0.1049382716049382,0.2290614236454256,0.0,0.0,0.0,0.0,0.0,0.0,0.0,0.2222222222222222,0.345679012345679,0.415739709641549,0.0,0.0,0.0,0.0,0.0,0.0,0.0,0.3888888888888889,0.6481481481481483,0.8906233078822999,2.0,1.0,3.882352941176471,3.01038062283737,3.908999464902624,90.0,0.0,90.0,0.0,0.0,0.0,0.0,0.0,0.0,0.0,1.0,1.0,1.1764705882352942,0.698961937716263,0.8564835163859433,0.0,0.0,0.0,0.0,0.0,0.0,0.0,0.0,0.0,0.0,0.0,0.0,0.2352941176470588,0.3598615916955017,0.4241825029957634,3.0,1.0,3.4705882352941178,1.6678200692041525,2.117647058823529,0.0,0.0,0.0588235294117647,0.1107266435986159,0.2352941176470588,0.0,0.0,0.0,0.0,0.0,0.0,0.0,0.2352941176470588,0.3598615916955017,0.4241825029957634,0.0,0.0,0.0,0.0,0.0,0.0,0.0,0.4117647058823529,0.6782006920415224,0.9112901991076277,24,12.666666666666668,-4,9.555555555555555,0,0.0,11.11111111111,5,0,3,1,2,2,8,-3.1111111111100005,3↓
157,Moisés,Caicedo Corozo,MID,CHE,?,"Caicedo (MID, ?)",54,1595,1,20,0,3,5,0,0,0,3,0,2,18,0,2.5,0.5,2.833333333333333,0.8333333333333334,1.0671873729054748,90.0,0.0,90.0,0.0,0.0,2.0,0.5,3.0,1.4444444444444444,1.9720265943665387,90.0,0.0,88.61111111111111,2.469135802469133,4.015786748555822,0.0,0.0,0.0555555555555555,0.1049382716049382,0.2290614236454256,1.0,1.0,1.1111111111111112,0.7037037037037037,0.8748897637790901,0.0,0.0,0.0,0.0,0.0,0.0,0.0,0.1666666666666666,0.2777777777777778,0.3726779962499649,0.0,0.0,0.2777777777777778,0.4012345679012346,0.4479032082388083,0.0,0.0,0.0,0.0,0.0,0.0,0.0,0.0,0.0,0.0,0.0,0.0,0.0,0.0,0.0,0.0,0.0,0.1666666666666666,0.2777777777777778,0.3726779962499649,0.0,0.0,0.0,0.0,0.0,0.0,0.0,0.1111111111111111,0.2098765432098765,0.4581228472908512,2.0,0.5,3.0,1.4444444444444444,1.9720265943665387,90.0,0.0,88.61111111111111,2.469135802469133,4.015786748555822,0.0,0.0,0.0555555555555555,0.1049382716049382,0.2290614236454256,1.0,1.0,1.1111111111111112,0.7037037037037037,0.8748897637790901,0.0,0.0,0.0,0.0,0.0,0.0,0.0,0.1666666666666666,0.2777777777777778,0.3726779962499649,0.0,0.0,0.2777777777777778,0.4012345679012346,0.4479032082388083,0.0,0.0,0.0,0.0,0.0,0.0,0.0,0.0,0.0,0.0,0.0,0.0,0.0,0.0,0.0,0.0,0.0,0.1666666666666666,0.2777777777777778,0.3726779962499649,0.0,0.0,0.0,0.0,0.0,0.0,0.0,0.1111111111111111,0.2098765432098765,0.4581228472908512,24,11.333333333333334,0,0.0,25,11.38888888888889,11.36111111111,5,1,2,2,1,1,7,-4.3611111111100005,4↓
177,Noni,Madueke,MID,CHE,?,"Madueke (MID, ?)",76,1036,5,14,0,4,3,0,0,0,3,0,10,16,2,2.0,1.5,4.0,3.6666666666666665,4.47213595499958,16.5,14.5,33.0,31.666666666666668,34.59287017098562,2.5,1.5,4.222222222222222,3.654320987654321,5.061351988413499,68.5,18.5,57.55555555555556,27.8641975308642,32.74687809076398,0.0,0.0,0.2777777777777778,0.462962962962963,0.7307192465536614,1.0,1.0,0.7777777777777778,0.6049382716049384,0.7114582486036499,0.0,0.0,0.0,0.0,0.0,0.0,0.0,0.2222222222222222,0.345679012345679,0.415739709641549,0.0,0.0,0.1666666666666666,0.2777777777777778,0.372677996249965,0.0,0.0,0.0,0.0,0.0,0.0,0.0,0.0,0.0,0.0,0.0,0.0,0.0,0.0,0.0,0.0,0.0,0.1666666666666666,0.2777777777777778,0.3726779962499649,0.0,0.0,0.0,0.0,0.0,0.0,0.0,0.5555555555555556,0.8641975308641974,1.11665284679121,3.0,2.0,4.75,3.78125,5.129571132170798,70.5,14.0,64.75,20.59375,27.213278009089606,0.0,0.0,0.3125,0.5078125,0.7680128579652817,1.0,0.5,0.875,0.546875,0.6959705453537527,0.0,0.0,0.0,0.0,0.0,0.0,0.0,0.25,0.375,0.4330127018922193,0.0,0.0,0.1875,0.3046875,0.3903123748998999,0.0,0.0,0.0,0.0,0.0,0.0,0.0,0.0,0.0,0.0,0.0,0.0,0.0,0.0,0.0,0.0,0.0,0.1875,0.3046875,0.3903123748998999,0.0,0.0,0.0,0.0,0.0,0.0,0.0,0.625,0.9375,1.165922381636102,24,16.5,0,0.0,25,16.666666666666668,16.58333333333,5,2,1,2,7,9,21,4.41666666667,4↑
180,Nicolas,Jackson,FWD,CHE,?,"N.Jackson (FWD, ?)",93,1329,9,14,0,4,7,0,0,0,4,0,15,17,1,2.0,1.0,3.5,2.6666666666666665,3.0413812651491097,73.5,2.5,62.333333333333336,20.77777777777777,28.122746823325933,3.5,2.5,5.166666666666667,3.629629629629629,4.349329450233296,77.5,8.5,73.83333333333333,11.77777777777778,19.83613425600417,0.0,0.0,0.5,0.5555555555555556,0.6009252125773316,1.0,1.0,0.7777777777777778,0.6913580246913581,0.7856742013183862,0.0,0.0,0.0,0.0,0.0,0.0,0.0,0.2222222222222222,0.345679012345679,0.415739709641549,0.0,0.0,0.3888888888888889,0.4753086419753086,0.4874980215217846,0.0,0.0,0.0,0.0,0.0,0.0,0.0,0.0,0.0,0.0,0.0,0.0,0.0,0.0,0.0,0.0,0.0,0.2222222222222222,0.345679012345679,0.415739709641549,0.0,0.0,0.0,0.0,0.0,0.0,0.0,0.8333333333333334,1.0185185185185184,1.2133516482134197,5.0,3.0,5.470588235294118,3.557093425605536,4.285648376491055,78.0,8.0,78.17647058823529,7.266435986159169,8.779892094457164,0.0,0.0,0.5294117647058824,0.5605536332179931,0.6056253024110001,1.0,1.0,0.8235294117647058,0.6782006920415226,0.7848037684780196,0.0,0.0,0.0,0.0,0.0,0.0,0.0,0.2352941176470588,0.3598615916955017,0.4241825029957634,0.0,0.0,0.4117647058823529,0.4844290657439445,0.4921529567847503,0.0,0.0,0.0,0.0,0.0,0.0,0.0,0.0,0.0,0.0,0.0,0.0,0.0,0.0,0.0,0.0,0.0,0.2352941176470588,0.3598615916955017,0.4241825029957634,0.0,0.0,0.0,0.0,0.0,0.0,0.0,0.8823529411764706,1.0380622837370244,1.2310852668503736,24,24.166666666666664,0,0.0,25,24.444444444444443,24.30555555556,5,1,2,4,2,5,14,-10.305555555560002,5↓
171,Malo,Gusto,DEF,CHE,?,"Gusto (DEF, ?)",27,1135,0,17,0,1,1,0,0,0,2,0,0,15,3,1.5,0.5,2.6666666666666665,1.8888888888888888,2.0548046676563256,90.0,0.0,68.16666666666667,29.111111111111104,33.06769151637626,1.0,1.0,1.5,1.1666666666666667,1.6072751268321592,85.5,4.5,63.05555555555556,31.59259259259259,35.914206756012035,0.0,0.0,0.0,0.0,0.0,1.0,1.0,0.9444444444444444,0.6296296296296297,0.7797593804232332,0.0,0.0,0.0,0.0,0.0,0.0,0.0,0.0555555555555555,0.1049382716049382,0.2290614236454256,0.0,0.0,0.0555555555555555,0.1049382716049382,0.2290614236454256,0.0,0.0,0.0,0.0,0.0,0.0,0.0,0.0,0.0,0.0,0.0,0.0,0.0,0.0,0.0,0.0,0.0,0.1111111111111111,0.1975308641975308,0.3142696805273545,0.0,0.0,0.0,0.0,0.0,0.0,0.0,0.0,0.0,0.0,1.0,1.0,1.8,1.12,1.6,90.0,0.0,75.66666666666667,18.088888888888885,24.362995619495468,0.0,0.0,0.0,0.0,0.0,1.0,1.0,1.1333333333333333,0.5777777777777776,0.7180219742846006,0.0,0.0,0.0,0.0,0.0,0.0,0.0,0.0666666666666666,0.1244444444444444,0.2494438257849294,0.0,0.0,0.0666666666666666,0.1244444444444444,0.2494438257849294,0.0,0.0,0.0,0.0,0.0,0.0,0.0,0.0,0.0,0.0,0.0,0.0,0.0,0.0,0.0,0.0,0.0,0.1333333333333333,0.2311111111111111,0.3399346342395189,0.0,0.0,0.0,0.0,0.0,0.0,0.0,0.0,0.0,0.0,24,7.666666666666666,-4,4.555555555555556,0,0.0,6.11111111111,5,0,2,0,1,1,4,-2.1111111111099996,2↓
187,Tosin,Adarabioyo,DEF,CHE,?,"Tosin (DEF, ?)",21,531,0,6,0,0,2,0,0,0,1,0,3,8,10,1.5,1.0,2.333333333333333,2.2222222222222223,3.0912061651652345,90.0,0.0,60.0,40.0,42.42640687119285,0.0,0.0,1.1666666666666667,1.5925925925925928,2.4094720491334933,0.0,0.0,29.5,36.11111111111112,39.66841732831464,0.0,0.0,0.0,0.0,0.0,0.0,0.0,0.3333333333333333,0.5185185185185186,0.6666666666666667,0.0,0.0,0.0,0.0,0.0,0.0,0.0,0.0,0.0,0.0,0.0,0.0,0.1111111111111111,0.1975308641975308,0.3142696805273545,0.0,0.0,0.0,0.0,0.0,0.0,0.0,0.0,0.0,0.0,0.0,0.0,0.0,0.0,0.0,0.0,0.0,0.0555555555555555,0.1049382716049382,0.2290614236454256,0.0,0.0,0.0,0.0,0.0,0.0,0.0,0.1666666666666666,0.3148148148148148,0.6871842709362769,1.5,0.5,2.625,2.4375,3.0388114452858046,90.0,0.0,66.375,29.53125,33.06031419995884,0.0,0.0,0.0,0.0,0.0,0.5,0.5,0.75,0.75,0.82915619758885,0.0,0.0,0.0,0.0,0.0,0.0,0.0,0.0,0.0,0.0,0.0,0.0,0.25,0.375,0.4330127018922193,0.0,0.0,0.0,0.0,0.0,0.0,0.0,0.0,0.0,0.0,0.0,0.0,0.0,0.0,0.0,0.0,0.0,0.125,0.21875,0.3307189138830738,0.0,0.0,0.0,0.0,0.0,0.0,0.0,0.375,0.65625,0.9921567416492216,24,0.0,-4,0.0,0,0.0,0.0,5,1,0,1,7,0,9,9.0,5↑
181,Christopher,Nkunku,MID,CHE,?,"Nkunku (MID, ?)",34,324,2,7,0,1,0,0,0,0,1,0,4,17,1,1.0,0.0,3.0,3.333333333333333,4.47213595499958,16.0,2.5,27.0,21.0,28.41947688939166,1.0,0.0,1.8888888888888888,1.8024691358024687,3.053029258674241,11.5,4.5,18.0,13.333333333333334,21.247222040644385,0.0,0.0,0.1111111111111111,0.1975308641975308,0.3142696805273545,0.0,0.0,0.3888888888888889,0.5185185185185186,0.5905636562630361,0.0,0.0,0.0,0.0,0.0,0.0,0.0,0.0555555555555555,0.1049382716049382,0.2290614236454256,0.0,0.0,0.0,0.0,0.0,0.0,0.0,0.0,0.0,0.0,0.0,0.0,0.0,0.0,0.0,0.0,0.0,0.0,0.0,0.0,0.0,0.0,0.0555555555555555,0.1049382716049382,0.2290614236454256,0.0,0.0,0.0,0.0,0.0,0.0,0.0,0.2222222222222222,0.3950617283950617,0.7114582486036499,1.0,0.0,2.0,1.8823529411764703,3.1059714782221377,12.0,5.0,19.058823529411764,13.626297577854672,21.396730339099765,0.0,0.0,0.1176470588235294,0.2076124567474048,0.3221897397089212,0.0,0.0,0.4117647058823529,0.532871972318339,0.5998846486579748,0.0,0.0,0.0,0.0,0.0,0.0,0.0,0.0588235294117647,0.1107266435986159,0.2352941176470588,0.0,0.0,0.0,0.0,0.0,0.0,0.0,0.0,0.0,0.0,0.0,0.0,0.0,0.0,0.0,0.0,0.0,0.0,0.0,0.0,0.0,0.0,0.0588235294117647,0.1107266435986159,0.2352941176470588,0.0,0.0,0.0,0.0,0.0,0.0,0.0,0.2352941176470588,0.4152249134948097,0.7299808027053445,24,5.0,0,0.0,25,5.0,5.0,5,2,0,0,0,1,3,-2.0,2↓
560,Pedro,Lomba Neto,MID,CHE,?,"Neto (MID, ?)",33,895,1,10,0,2,2,0,0,0,6,0,4,15,3,1.0,1.0,1.3333333333333333,1.111111111111111,1.247219128924647,80.0,10.0,56.66666666666666,37.77777777777778,40.38013813195239,1.0,1.0,1.8333333333333333,1.6666666666666667,2.242270674512285,45.0,42.0,49.72222222222222,29.913580246913583,34.1691959316763,0.0,0.0,0.0555555555555555,0.1049382716049382,0.2290614236454256,0.0,0.0,0.5555555555555556,0.6172839506172839,0.6849348892187752,0.0,0.0,0.0,0.0,0.0,0.0,0.0,0.1111111111111111,0.1975308641975308,0.3142696805273545,0.0,0.0,0.1111111111111111,0.1975308641975308,0.3142696805273545,0.0,0.0,0.0,0.0,0.0,0.0,0.0,0.0,0.0,0.0,0.0,0.0,0.0,0.0,0.0,0.0,0.0,0.3333333333333333,0.4444444444444444,0.4714045207910317,0.0,0.0,0.0,0.0,0.0,0.0,0.0,0.2222222222222222,0.3950617283950617,0.7114582486036499,1.0,1.0,2.2,1.7333333333333334,2.2861904265976327,57.0,28.0,59.66666666666666,25.64444444444444,28.41986785488083,0.0,0.0,0.0666666666666666,0.1244444444444444,0.2494438257849294,1.0,1.0,0.6666666666666666,0.6222222222222221,0.6992058987801011,0.0,0.0,0.0,0.0,0.0,0.0,0.0,0.1333333333333333,0.2311111111111111,0.339934634239519,0.0,0.0,0.1333333333333333,0.2311111111111111,0.339934634239519,0.0,0.0,0.0,0.0,0.0,0.0,0.0,0.0,0.0,0.0,0.0,0.0,0.0,0.0,0.0,0.0,0.0,0.4,0.48,0.4898979485566356,0.0,0.0,0.0,0.0,0.0,0.0,0.0,0.2666666666666666,0.4622222222222222,0.7717224601860151,24,7.666666666666666,0,0.0,25,7.777777777777777,7.72222222222,5,1,2,1,2,1,7,-0.7222222222200001,~
167,Axel,Disasi,DEF,CHE,?,"Disasi (DEF, ?)",20,274,1,1,0,0,2,0,0,0,1,0,0,4,14,0.0,0.0,2.1666666666666665,2.888888888888889,3.1841621957571333,0.0,0.0,30.0,40.0,42.42640687119285,0.0,0.0,1.1111111111111112,1.7407407407407407,2.401131420552701,0.0,0.0,15.22222222222222,23.679012345679013,30.58604539392934,0.0,0.0,0.0555555555555555,0.1049382716049382,0.2290614236454256,0.0,0.0,0.0555555555555555,0.1049382716049382,0.2290614236454256,0.0,0.0,0.0,0.0,0.0,0.0,0.0,0.0,0.0,0.0,0.0,0.0,0.1111111111111111,0.1975308641975308,0.3142696805273545,0.0,0.0,0.0,0.0,0.0,0.0,0.0,0.0,0.0,0.0,0.0,0.0,0.0,0.0,0.0,0.0,0.0,0.0555555555555555,0.1049382716049382,0.2290614236454256,0.0,0.0,0.0,0.0,0.0,0.0,0.0,0.0,0.0,0.0,5.5,1.5,5.0,2.0,2.549509756796392,75.5,14.5,68.5,21.5,23.66960075708925,0.0,0.0,0.25,0.375,0.4330127018922193,0.0,0.0,0.25,0.375,0.4330127018922193,0.0,0.0,0.0,0.0,0.0,0.0,0.0,0.0,0.0,0.0,0.5,0.5,0.5,0.5,0.5,0.0,0.0,0.0,0.0,0.0,0.0,0.0,0.0,0.0,0.0,0.0,0.0,0.0,0.0,0.0,0.0,0.0,0.25,0.375,0.4330127018922193,0.0,0.0,0.0,0.0,0.0,0.0,0.0,0.0,0.0,0.0,24,0.0,-4,0.0,0,0.0,0.0,5,1,0,0,1,0,2,2.0,2↑
621,João,Félix Sequeira,MID,CHE,?,"João Félix (MID, ?)",18,293,1,2,0,1,1,0,0,0,2,0,0,9,9,0.0,0.0,1.0,1.3333333333333333,1.8257418583505536,0.5,0.5,15.833333333333334,24.722222222222225,33.19847720737939,0.0,0.0,1.0,1.2222222222222223,1.7638342073763935,0.5,0.5,16.27777777777778,20.148148148148145,26.722453221454792,0.0,0.0,0.0555555555555555,0.1049382716049382,0.2290614236454256,0.0,0.0,0.1111111111111111,0.1975308641975308,0.3142696805273545,0.0,0.0,0.0,0.0,0.0,0.0,0.0,0.0555555555555555,0.1049382716049382,0.2290614236454256,0.0,0.0,0.0555555555555555,0.1049382716049382,0.2290614236454256,0.0,0.0,0.0,0.0,0.0,0.0,0.0,0.0,0.0,0.0,0.0,0.0,0.0,0.0,0.0,0.0,0.0,0.1111111111111111,0.1975308641975308,0.3142696805273545,0.0,0.0,0.0,0.0,0.0,0.0,0.0,0.0,0.0,0.0,1.0,1.0,2.0,1.7777777777777777,2.0548046676563256,26.0,17.0,32.55555555555556,23.30864197530864,29.970767650833483,0.0,0.0,0.1111111111111111,0.1975308641975308,0.3142696805273544,0.0,0.0,0.2222222222222222,0.345679012345679,0.415739709641549,0.0,0.0,0.0,0.0,0.0,0.0,0.0,0.1111111111111111,0.1975308641975308,0.3142696805273544,0.0,0.0,0.1111111111111111,0.1975308641975308,0.3142696805273544,0.0,0.0,0.0,0.0,0.0,0.0,0.0,0.0,0.0,0.0,0.0,0.0,0.0,0.0,0.0,0.0,0.0,0.2222222222222222,0.345679012345679,0.415739709641549,0.0,0.0,0.0,0.0,0.0,0.0,0.0,0.0,0.0,0.0,24,0.0,0,0.0,25,0.0,0.0,5,1,0,4,1,0,6,6.0,4↑
174,Roméo,Lavia,MID,CHE,?,"Lavia (MID, ?)",15,475,0,9,0,1,1,0,0,0,3,0,0,9,9,0.0,0.0,0.5,0.8333333333333334,1.118033988749895,0.0,0.0,21.666666666666668,28.88888888888889,32.744804507314164,0.0,0.0,0.8333333333333334,1.0185185185185184,1.2133516482134197,4.5,4.5,26.38888888888889,30.030864197530864,31.864537740756557,0.0,0.0,0.0,0.0,0.0,0.0,0.0,0.5,0.6111111111111112,0.6871842709362768,0.0,0.0,0.0,0.0,0.0,0.0,0.0,0.0555555555555555,0.1049382716049382,0.2290614236454256,0.0,0.0,0.0555555555555555,0.1049382716049382,0.2290614236454256,0.0,0.0,0.0,0.0,0.0,0.0,0.0,0.0,0.0,0.0,0.0,0.0,0.0,0.0,0.0,0.0,0.0,0.1666666666666666,0.2777777777777778,0.3726779962499649,0.0,0.0,0.0,0.0,0.0,0.0,0.0,0.0,0.0,0.0,2.0,1.0,1.6666666666666667,1.037037037037037,1.247219128924647,65.0,13.0,52.77777777777778,20.913580246913583,25.257684321488195,0.0,0.0,0.0,0.0,0.0,1.0,0.0,1.0,0.4444444444444444,0.6666666666666666,0.0,0.0,0.0,0.0,0.0,0.0,0.0,0.1111111111111111,0.1975308641975308,0.3142696805273544,0.0,0.0,0.1111111111111111,0.1975308641975308,0.3142696805273544,0.0,0.0,0.0,0.0,0.0,0.0,0.0,0.0,0.0,0.0,0.0,0.0,0.0,0.0,0.0,0.0,0.0,0.3333333333333333,0.4444444444444444,0.4714045207910317,0.0,0.0,0.0,0.0,0.0,0.0,0.0,0.0,0.0,0.0,24,0.0,0,0.0,25,0.0,0.0,5,0,0,0,0,0,0,0.0,~
581,Filip,Jørgensen,GKP,CHE,?,"Jørgensen (GKP, ?)",3,90,0,1,0,0,0,3,0,0,0,0,0,1,17,0.0,0.0,0.5,0.8333333333333334,1.118033988749895,0.0,0.0,15.0,25.0,33.54101966249684,0.0,0.0,0.1666666666666666,0.3148148148148148,0.6871842709362769,0.0,0.0,5.0,9.444444444444445,20.615528128088304,0.0,0.0,0.0,0.0,0.0,0.0,0.0,0.0555555555555555,0.1049382716049382,0.2290614236454256,0.0,0.0,0.0,0.0,0.0,0.0,0.0,0.0,0.0,0.0,0.0,0.0,0.0,0.0,0.0,0.0,0.0,0.1666666666666666,0.3148148148148148,0.6871842709362769,0.0,0.0,0.0,0.0,0.0,0.0,0.0,0.0,0.0,0.0,0.0,0.0,0.0,0.0,0.0,0.0,0.0,0.0,0.0,0.0,0.0,0.0,0.0,0.0,0.0,3.0,0.0,3.0,0.0,0.0,90.0,0.0,90.0,0.0,0.0,0.0,0.0,0.0,0.0,0.0,1.0,0.0,1.0,0.0,0.0,0.0,0.0,0.0,0.0,0.0,0.0,0.0,0.0,0.0,0.0,0.0,0.0,0.0,0.0,0.0,3.0,0.0,3.0,0.0,0.0,0.0,0.0,0.0,0.0,0.0,0.0,0.0,0.0,0.0,0.0,0.0,0.0,0.0,0.0,0.0,0.0,0.0,0.0,0.0,0.0,0.0,0.0,0.0,0.0,0.0,24,0.0,-4,0.0,0,0.0,0.0,5,2,0,0,0,0,2,2.0,2↑
184,Renato,Palma Veiga,MID,CHE,?,"Renato Veiga (MID, ?)",7,176,0,2,0,0,1,0,0,0,2,0,0,7,11,0.0,0.0,0.3333333333333333,0.4444444444444445,0.4714045207910317,0.0,0.0,2.0,3.0,4.041451884327381,0.0,0.0,0.3888888888888889,0.5185185185185186,0.5905636562630361,0.0,0.0,9.77777777777778,13.234567901234566,21.62702927037665,0.0,0.0,0.0,0.0,0.0,0.0,0.0,0.1111111111111111,0.1975308641975308,0.3142696805273545,0.0,0.0,0.0,0.0,0.0,0.0,0.0,0.0,0.0,0.0,0.0,0.0,0.0555555555555555,0.1049382716049382,0.2290614236454256,0.0,0.0,0.0,0.0,0.0,0.0,0.0,0.0,0.0,0.0,0.0,0.0,0.0,0.0,0.0,0.0,0.0,0.1111111111111111,0.1975308641975308,0.3142696805273545,0.0,0.0,0.0,0.0,0.0,0.0,0.0,0.0,0.0,0.0,1.0,0.0,1.0,0.2857142857142857,0.5345224838248488,11.0,9.0,25.142857142857142,21.918367346938773,28.57285710714464,0.0,0.0,0.0,0.0,0.0,0.0,0.0,0.2857142857142857,0.4081632653061224,0.4517539514526256,0.0,0.0,0.0,0.0,0.0,0.0,0.0,0.0,0.0,0.0,0.0,0.0,0.1428571428571428,0.2448979591836734,0.3499271061118826,0.0,0.0,0.0,0.0,0.0,0.0,0.0,0.0,0.0,0.0,0.0,0.0,0.0,0.0,0.0,0.0,0.0,0.2857142857142857,0.4081632653061224,0.4517539514526256,0.0,0.0,0.0,0.0,0.0,0.0,0.0,0.0,0.0,0.0,24,0.0,0,0.0,25,0.0,0.0,5,0,0,0,0,0,0,0.0,~
153,Benoît,Badiashile,DEF,CHE,?,"B.Badiashile (DEF, ?)",5,247,0,4,0,0,0,0,0,0,0,0,0,4,14,0.0,0.0,0.3333333333333333,0.4444444444444445,0.4714045207910317,0.0,0.0,20.0,26.666666666666668,33.166247903554,0.0,0.0,0.2777777777777778,0.4320987654320987,0.558326423395605,0.0,0.0,13.72222222222222,21.34567901234568,28.94401791112468,0.0,0.0,0.0,0.0,0.0,0.0,0.0,0.2222222222222222,0.3950617283950617,0.7114582486036499,0.0,0.0,0.0,0.0,0.0,0.0,0.0,0.0,0.0,0.0,0.0,0.0,0.0,0.0,0.0,0.0,0.0,0.0,0.0,0.0,0.0,0.0,0.0,0.0,0.0,0.0,0.0,0.0,0.0,0.0,0.0,0.0,0.0,0.0,0.0,0.0,0.0,0.0,0.0,0.0,0.0,0.0,0.0,0.0,0.0,1.0,0.0,1.25,0.375,0.4330127018922193,63.5,26.5,61.75,28.25,28.358199872347328,0.0,0.0,0.0,0.0,0.0,0.5,0.5,1.0,1.0,1.224744871391589,0.0,0.0,0.0,0.0,0.0,0.0,0.0,0.0,0.0,0.0,0.0,0.0,0.0,0.0,0.0,0.0,0.0,0.0,0.0,0.0,0.0,0.0,0.0,0.0,0.0,0.0,0.0,0.0,0.0,0.0,0.0,0.0,0.0,0.0,0.0,0.0,0.0,0.0,0.0,0.0,0.0,0.0,0.0,0.0,0.0,24,0.0,-4,0.0,0,0.0,0.0,5,0,0,0,0,0,0,0.0,~
189,Wesley,Fofana,DEF,CHE,?,"W.Fofana (DEF, ?)",19,1015,0,12,0,0,1,0,0,0,6,0,2,12,6,0.0,0.0,0.1666666666666666,0.2777777777777778,0.372677996249965,0.0,0.0,9.833333333333334,16.388888888888886,21.98800177874793,1.0,1.0,1.0555555555555556,0.9753086419753088,1.614937983749848,90.0,0.0,56.388888888888886,37.63580246913581,41.08411275648598,0.0,0.0,0.0,0.0,0.0,0.5,0.5,0.6666666666666666,0.6666666666666666,0.7453559924999299,0.0,0.0,0.0,0.0,0.0,0.0,0.0,0.0,0.0,0.0,0.0,0.0,0.0555555555555555,0.1049382716049382,0.2290614236454256,0.0,0.0,0.0,0.0,0.0,0.0,0.0,0.0,0.0,0.0,0.0,0.0,0.0,0.0,0.0,0.0,0.0,0.3333333333333333,0.4444444444444444,0.4714045207910317,0.0,0.0,0.0,0.0,0.0,0.0,0.0,0.1111111111111111,0.2098765432098765,0.4581228472908512,1.0,0.5,1.5833333333333333,1.111111111111111,1.753963764987433,90.0,0.0,84.58333333333333,9.02777777777778,12.12750546851614,0.0,0.0,0.0,0.0,0.0,1.0,0.5,1.0,0.5,0.7071067811865476,0.0,0.0,0.0,0.0,0.0,0.0,0.0,0.0,0.0,0.0,0.0,0.0,0.0833333333333333,0.1527777777777777,0.2763853991962833,0.0,0.0,0.0,0.0,0.0,0.0,0.0,0.0,0.0,0.0,0.0,0.0,0.0,0.0,0.0,0.5,0.5,0.5,0.5,0.5,0.0,0.0,0.0,0.0,0.0,0.0,0.0,0.1666666666666666,0.3055555555555555,0.5527707983925666,24,7.666666666666666,-4,4.555555555555556,0,0.0,6.11111111111,5,0,0,0,0,0,0,-6.11111111111,4↓
166,Kiernan,Dewsbury-Hall,MID,CHE,?,"Dewsbury-Hall (MID, ?)",5,56,0,2,0,0,0,0,0,0,0,0,0,5,13,0.0,0.0,0.1666666666666666,0.2777777777777778,0.372677996249965,0.0,0.0,1.8333333333333333,3.055555555555556,4.099457958749615,0.0,0.0,0.2777777777777778,0.4012345679012346,0.4479032082388083,0.0,0.0,3.111111111111111,4.728395061728396,6.479788138588147,0.0,0.0,0.0,0.0,0.0,0.0,0.0,0.1111111111111111,0.1975308641975308,0.3142696805273545,0.0,0.0,0.0,0.0,0.0,0.0,0.0,0.0,0.0,0.0,0.0,0.0,0.0,0.0,0.0,0.0,0.0,0.0,0.0,0.0,0.0,0.0,0.0,0.0,0.0,0.0,0.0,0.0,0.0,0.0,0.0,0.0,0.0,0.0,0.0,0.0,0.0,0.0,0.0,0.0,0.0,0.0,0.0,0.0,0.0,1.0,0.0,1.0,0.0,0.0,11.0,5.0,11.2,6.24,7.782030583337488,0.0,0.0,0.0,0.0,0.0,0.0,0.0,0.4,0.48,0.4898979485566356,0.0,0.0,0.0,0.0,0.0,0.0,0.0,0.0,0.0,0.0,0.0,0.0,0.0,0.0,0.0,0.0,0.0,0.0,0.0,0.0,0.0,0.0,0.0,0.0,0.0,0.0,0.0,0.0,0.0,0.0,0.0,0.0,0.0,0.0,0.0,0.0,0.0,0.0,0.0,0.0,0.0,0.0,0.0,0.0,0.0,24,0.0,0,0.0,25,0.0,0.0,5,0,0,0,6,0,6,6.0,4↑
179,Mykhailo,Mudryk,MID,CHE,?,"Mudryk (MID, ?)",7,145,0,2,0,0,0,0,0,0,0,0,0,7,11,0.0,0.0,0.0,0.0,0.0,0.0,0.0,0.0,0.0,0.0,0.0,0.0,0.3888888888888889,0.4753086419753086,0.4874980215217846,0.0,0.0,8.055555555555555,10.629629629629628,12.580726980505723,0.0,0.0,0.0,0.0,0.0,0.0,0.0,0.1111111111111111,0.2098765432098765,0.4581228472908512,0.0,0.0,0.0,0.0,0.0,0.0,0.0,0.0,0.0,0.0,0.0,0.0,0.0,0.0,0.0,0.0,0.0,0.0,0.0,0.0,0.0,0.0,0.0,0.0,0.0,0.0,0.0,0.0,0.0,0.0,0.0,0.0,0.0,0.0,0.0,0.0,0.0,0.0,0.0,0.0,0.0,0.0,0.0,0.0,0.0,1.0,0.0,1.0,0.0,0.0,19.0,3.0,20.714285714285715,7.959183673469388,12.032269536711752,0.0,0.0,0.0,0.0,0.0,0.0,0.0,0.2857142857142857,0.4897959183673468,0.6998542122237653,0.0,0.0,0.0,0.0,0.0,0.0,0.0,0.0,0.0,0.0,0.0,0.0,0.0,0.0,0.0,0.0,0.0,0.0,0.0,0.0,0.0,0.0,0.0,0.0,0.0,0.0,0.0,0.0,0.0,0.0,0.0,0.0,0.0,0.0,0.0,0.0,0.0,0.0,0.0,0.0,0.0,0.0,0.0,0.0,0.0,24,0.0,0,0.0,25,0.0,0.0,5,0,0,0,0,0,0,0.0,~
172,Reece,James,DEF,CHE,?,"James (DEF, ?)",5,240,0,4,0,0,0,0,0,0,0,0,0,4,14,0.0,0.0,0.0,0.0,0.0,0.0,0.0,0.0,0.0,0.0,0.0,0.0,0.2777777777777778,0.462962962962963,0.6502611061510903,0.0,0.0,13.333333333333334,21.33333333333333,29.597297173897484,0.0,0.0,0.0,0.0,0.0,0.0,0.0,0.2222222222222222,0.3703703703703704,0.5328701692569688,0.0,0.0,0.0,0.0,0.0,0.0,0.0,0.0,0.0,0.0,0.0,0.0,0.0,0.0,0.0,0.0,0.0,0.0,0.0,0.0,0.0,0.0,0.0,0.0,0.0,0.0,0.0,0.0,0.0,0.0,0.0,0.0,0.0,0.0,0.0,0.0,0.0,0.0,0.0,0.0,0.0,0.0,0.0,0.0,0.0,1.5,0.5,1.25,0.75,0.82915619758885,71.0,19.0,60.0,30.0,33.793490497431605,0.0,0.0,0.0,0.0,0.0,1.0,0.5,1.0,0.5,0.7071067811865476,0.0,0.0,0.0,0.0,0.0,0.0,0.0,0.0,0.0,0.0,0.0,0.0,0.0,0.0,0.0,0.0,0.0,0.0,0.0,0.0,0.0,0.0,0.0,0.0,0.0,0.0,0.0,0.0,0.0,0.0,0.0,0.0,0.0,0.0,0.0,0.0,0.0,0.0,0.0,0.0,0.0,0.0,0.0,0.0,0.0,24,0.0,-4,0.0,0,0.0,0.0,5,0,0,7,6,1,14,14.0,6↑
178,Marc,Guiu Paz,FWD,CHE,?,"Marc Guiu (FWD, ?)",1,24,0,1,0,0,0,0,0,0,0,0,0,1,17,0.0,0.0,0.0,0.0,0.0,0.0,0.0,0.0,0.0,0.0,0.0,0.0,0.0555555555555555,0.1049382716049382,0.2290614236454256,0.0,0.0,1.3333333333333333,2.5185185185185186,5.497474167490215,0.0,0.0,0.0,0.0,0.0,0.0,0.0,0.0555555555555555,0.1049382716049382,0.2290614236454256,0.0,0.0,0.0,0.0,0.0,0.0,0.0,0.0,0.0,0.0,0.0,0.0,0.0,0.0,0.0,0.0,0.0,0.0,0.0,0.0,0.0,0.0,0.0,0.0,0.0,0.0,0.0,0.0,0.0,0.0,0.0,0.0,0.0,0.0,0.0,0.0,0.0,0.0,0.0,0.0,0.0,0.0,0.0,0.0,0.0,1.0,0.0,1.0,0.0,0.0,24.0,0.0,24.0,0.0,0.0,0.0,0.0,0.0,0.0,0.0,1.0,0.0,1.0,0.0,0.0,0.0,0.0,0.0,0.0,0.0,0.0,0.0,0.0,0.0,0.0,0.0,0.0,0.0,0.0,0.0,0.0,0.0,0.0,0.0,0.0,0.0,0.0,0.0,0.0,0.0,0.0,0.0,0.0,0.0,0.0,0.0,0.0,0.0,0.0,0.0,0.0,0.0,0.0,0.0,0.0,0.0,0.0,0.0,0.0,0.0,24,0.0,0,0.0,25,0.0,0.0,5,0,1,0,0,0,1,1.0,~
150,Andrey,Nascimento dos Santos,MID,CHE,?,"Andrey Santos (MID, ?)",0,0,0,0,0,0,0,0,0,0,0,0,0,0,18,0.0,0.0,0.0,0.0,0.0,0.0,0.0,0.0,0.0,0.0,0.0,0.0,0.0,0.0,0.0,0.0,0.0,0.0,0.0,0.0,0.0,0.0,0.0,0.0,0.0,0.0,0.0,0.0,0.0,0.0,0.0,0.0,0.0,0.0,0.0,0.0,0.0,0.0,0.0,0.0,0.0,0.0,0.0,0.0,0.0,0.0,0.0,0.0,0.0,0.0,0.0,0.0,0.0,0.0,0.0,0.0,0.0,0.0,0.0,0.0,0.0,0.0,0.0,0.0,0.0,0.0,0.0,0.0,0.0,0.0,0.0,0.0,0.0,0.0,0.0,0.0,0.0,0.0,0.0,0.0,0.0,0.0,0.0,0.0,0.0,0.0,0.0,0.0,0.0,0.0,0.0,0.0,0.0,0.0,0.0,0.0,0.0,0.0,0.0,0.0,0.0,0.0,0.0,0.0,0.0,0.0,0.0,0.0,0.0,0.0,0.0,0.0,0.0,0.0,0.0,0.0,0.0,0.0,0.0,0.0,0.0,0.0,0.0,0.0,0.0,0.0,0.0,0.0,0.0,0.0,0.0,0.0,0.0,0.0,0.0,0.0,0.0,0.0,0.0,0.0,24,0.0,0,0.0,25,0.0,0.0,5,0,0,0,0,0,0,0.0,~
151,Ângelo Gabriel,Borges Damaceno,MID,CHE,?,"Ângelo (MID, ?)",0,0,0,0,0,0,0,0,0,0,0,0,0,0,18,0.0,0.0,0.0,0.0,0.0,0.0,0.0,0.0,0.0,0.0,0.0,0.0,0.0,0.0,0.0,0.0,0.0,0.0,0.0,0.0,0.0,0.0,0.0,0.0,0.0,0.0,0.0,0.0,0.0,0.0,0.0,0.0,0.0,0.0,0.0,0.0,0.0,0.0,0.0,0.0,0.0,0.0,0.0,0.0,0.0,0.0,0.0,0.0,0.0,0.0,0.0,0.0,0.0,0.0,0.0,0.0,0.0,0.0,0.0,0.0,0.0,0.0,0.0,0.0,0.0,0.0,0.0,0.0,0.0,0.0,0.0,0.0,0.0,0.0,0.0,0.0,0.0,0.0,0.0,0.0,0.0,0.0,0.0,0.0,0.0,0.0,0.0,0.0,0.0,0.0,0.0,0.0,0.0,0.0,0.0,0.0,0.0,0.0,0.0,0.0,0.0,0.0,0.0,0.0,0.0,0.0,0.0,0.0,0.0,0.0,0.0,0.0,0.0,0.0,0.0,0.0,0.0,0.0,0.0,0.0,0.0,0.0,0.0,0.0,0.0,0.0,0.0,0.0,0.0,0.0,0.0,0.0,0.0,0.0,0.0,0.0,0.0,0.0,0.0,0.0,24,0.0,0,0.0,25,0.0,0.0,5,0,0,0,0,0,0,0.0,~
154,Lucas,Bergström,GKP,CHE,?,"Bergström (GKP, ?)",0,0,0,0,0,0,0,0,0,0,0,0,0,0,18,0.0,0.0,0.0,0.0,0.0,0.0,0.0,0.0,0.0,0.0,0.0,0.0,0.0,0.0,0.0,0.0,0.0,0.0,0.0,0.0,0.0,0.0,0.0,0.0,0.0,0.0,0.0,0.0,0.0,0.0,0.0,0.0,0.0,0.0,0.0,0.0,0.0,0.0,0.0,0.0,0.0,0.0,0.0,0.0,0.0,0.0,0.0,0.0,0.0,0.0,0.0,0.0,0.0,0.0,0.0,0.0,0.0,0.0,0.0,0.0,0.0,0.0,0.0,0.0,0.0,0.0,0.0,0.0,0.0,0.0,0.0,0.0,0.0,0.0,0.0,0.0,0.0,0.0,0.0,0.0,0.0,0.0,0.0,0.0,0.0,0.0,0.0,0.0,0.0,0.0,0.0,0.0,0.0,0.0,0.0,0.0,0.0,0.0,0.0,0.0,0.0,0.0,0.0,0.0,0.0,0.0,0.0,0.0,0.0,0.0,0.0,0.0,0.0,0.0,0.0,0.0,0.0,0.0,0.0,0.0,0.0,0.0,0.0,0.0,0.0,0.0,0.0,0.0,0.0,0.0,0.0,0.0,0.0,0.0,0.0,0.0,0.0,0.0,0.0,0.0,24,0.0,-4,0.0,0,0.0,0.0,5,0,0,0,0,0,0,0.0,~
155,Marcus,Bettinelli,GKP,CHE,?,"Bettinelli (GKP, ?)",0,0,0,0,0,0,0,0,0,0,0,0,0,0,18,0.0,0.0,0.0,0.0,0.0,0.0,0.0,0.0,0.0,0.0,0.0,0.0,0.0,0.0,0.0,0.0,0.0,0.0,0.0,0.0,0.0,0.0,0.0,0.0,0.0,0.0,0.0,0.0,0.0,0.0,0.0,0.0,0.0,0.0,0.0,0.0,0.0,0.0,0.0,0.0,0.0,0.0,0.0,0.0,0.0,0.0,0.0,0.0,0.0,0.0,0.0,0.0,0.0,0.0,0.0,0.0,0.0,0.0,0.0,0.0,0.0,0.0,0.0,0.0,0.0,0.0,0.0,0.0,0.0,0.0,0.0,0.0,0.0,0.0,0.0,0.0,0.0,0.0,0.0,0.0,0.0,0.0,0.0,0.0,0.0,0.0,0.0,0.0,0.0,0.0,0.0,0.0,0.0,0.0,0.0,0.0,0.0,0.0,0.0,0.0,0.0,0.0,0.0,0.0,0.0,0.0,0.0,0.0,0.0,0.0,0.0,0.0,0.0,0.0,0.0,0.0,0.0,0.0,0.0,0.0,0.0,0.0,0.0,0.0,0.0,0.0,0.0,0.0,0.0,0.0,0.0,0.0,0.0,0.0,0.0,0.0,0.0,0.0,0.0,0.0,24,0.0,-4,0.0,0,0.0,0.0,5,0,0,0,0,0,0,0.0,~
158,Cesare,Casadei,MID,CHE,?,"Casadei (MID, ?)",0,0,0,0,0,0,0,0,0,0,0,0,0,0,18,0.0,0.0,0.0,0.0,0.0,0.0,0.0,0.0,0.0,0.0,0.0,0.0,0.0,0.0,0.0,0.0,0.0,0.0,0.0,0.0,0.0,0.0,0.0,0.0,0.0,0.0,0.0,0.0,0.0,0.0,0.0,0.0,0.0,0.0,0.0,0.0,0.0,0.0,0.0,0.0,0.0,0.0,0.0,0.0,0.0,0.0,0.0,0.0,0.0,0.0,0.0,0.0,0.0,0.0,0.0,0.0,0.0,0.0,0.0,0.0,0.0,0.0,0.0,0.0,0.0,0.0,0.0,0.0,0.0,0.0,0.0,0.0,0.0,0.0,0.0,0.0,0.0,0.0,0.0,0.0,0.0,0.0,0.0,0.0,0.0,0.0,0.0,0.0,0.0,0.0,0.0,0.0,0.0,0.0,0.0,0.0,0.0,0.0,0.0,0.0,0.0,0.0,0.0,0.0,0.0,0.0,0.0,0.0,0.0,0.0,0.0,0.0,0.0,0.0,0.0,0.0,0.0,0.0,0.0,0.0,0.0,0.0,0.0,0.0,0.0,0.0,0.0,0.0,0.0,0.0,0.0,0.0,0.0,0.0,0.0,0.0,0.0,0.0,0.0,0.0,24,0.0,0,0.0,25,0.0,0.0,5,0,0,0,0,0,0,0.0,~
160,Ben,Chilwell,DEF,CHE,?,"Chilwell (DEF, ?)",0,0,0,0,0,0,0,0,0,0,0,0,0,0,18,0.0,0.0,0.0,0.0,0.0,0.0,0.0,0.0,0.0,0.0,0.0,0.0,0.0,0.0,0.0,0.0,0.0,0.0,0.0,0.0,0.0,0.0,0.0,0.0,0.0,0.0,0.0,0.0,0.0,0.0,0.0,0.0,0.0,0.0,0.0,0.0,0.0,0.0,0.0,0.0,0.0,0.0,0.0,0.0,0.0,0.0,0.0,0.0,0.0,0.0,0.0,0.0,0.0,0.0,0.0,0.0,0.0,0.0,0.0,0.0,0.0,0.0,0.0,0.0,0.0,0.0,0.0,0.0,0.0,0.0,0.0,0.0,0.0,0.0,0.0,0.0,0.0,0.0,0.0,0.0,0.0,0.0,0.0,0.0,0.0,0.0,0.0,0.0,0.0,0.0,0.0,0.0,0.0,0.0,0.0,0.0,0.0,0.0,0.0,0.0,0.0,0.0,0.0,0.0,0.0,0.0,0.0,0.0,0.0,0.0,0.0,0.0,0.0,0.0,0.0,0.0,0.0,0.0,0.0,0.0,0.0,0.0,0.0,0.0,0.0,0.0,0.0,0.0,0.0,0.0,0.0,0.0,0.0,0.0,0.0,0.0,0.0,0.0,0.0,0.0,24,0.0,-4,0.0,0,0.0,0.0,5,0,0,0,0,0,0,0.0,~
161,Carney,Chukwuemeka,MID,CHE,?,"Chukwuemeka (MID, ?)",0,0,0,0,0,0,0,0,0,0,0,0,0,0,18,0.0,0.0,0.0,0.0,0.0,0.0,0.0,0.0,0.0,0.0,0.0,0.0,0.0,0.0,0.0,0.0,0.0,0.0,0.0,0.0,0.0,0.0,0.0,0.0,0.0,0.0,0.0,0.0,0.0,0.0,0.0,0.0,0.0,0.0,0.0,0.0,0.0,0.0,0.0,0.0,0.0,0.0,0.0,0.0,0.0,0.0,0.0,0.0,0.0,0.0,0.0,0.0,0.0,0.0,0.0,0.0,0.0,0.0,0.0,0.0,0.0,0.0,0.0,0.0,0.0,0.0,0.0,0.0,0.0,0.0,0.0,0.0,0.0,0.0,0.0,0.0,0.0,0.0,0.0,0.0,0.0,0.0,0.0,0.0,0.0,0.0,0.0,0.0,0.0,0.0,0.0,0.0,0.0,0.0,0.0,0.0,0.0,0.0,0.0,0.0,0.0,0.0,0.0,0.0,0.0,0.0,0.0,0.0,0.0,0.0,0.0,0.0,0.0,0.0,0.0,0.0,0.0,0.0,0.0,0.0,0.0,0.0,0.0,0.0,0.0,0.0,0.0,0.0,0.0,0.0,0.0,0.0,0.0,0.0,0.0,0.0,0.0,0.0,0.0,0.0,24,0.0,0,0.0,25,0.0,0.0,5,0,0,0,0,0,0,0.0,~
164,David Datro,Fofana,FWD,CHE,?,"D.D.Fofana (FWD, ?)",0,0,0,0,0,0,0,0,0,0,0,0,0,0,18,0.0,0.0,0.0,0.0,0.0,0.0,0.0,0.0,0.0,0.0,0.0,0.0,0.0,0.0,0.0,0.0,0.0,0.0,0.0,0.0,0.0,0.0,0.0,0.0,0.0,0.0,0.0,0.0,0.0,0.0,0.0,0.0,0.0,0.0,0.0,0.0,0.0,0.0,0.0,0.0,0.0,0.0,0.0,0.0,0.0,0.0,0.0,0.0,0.0,0.0,0.0,0.0,0.0,0.0,0.0,0.0,0.0,0.0,0.0,0.0,0.0,0.0,0.0,0.0,0.0,0.0,0.0,0.0,0.0,0.0,0.0,0.0,0.0,0.0,0.0,0.0,0.0,0.0,0.0,0.0,0.0,0.0,0.0,0.0,0.0,0.0,0.0,0.0,0.0,0.0,0.0,0.0,0.0,0.0,0.0,0.0,0.0,0.0,0.0,0.0,0.0,0.0,0.0,0.0,0.0,0.0,0.0,0.0,0.0,0.0,0.0,0.0,0.0,0.0,0.0,0.0,0.0,0.0,0.0,0.0,0.0,0.0,0.0,0.0,0.0,0.0,0.0,0.0,0.0,0.0,0.0,0.0,0.0,0.0,0.0,0.0,0.0,0.0,0.0,0.0,24,0.0,0,0.0,25,0.0,0.0,5,0,0,0,0,0,0,0.0,~
165,Deivid Washington,de Souza Eugênio,FWD,CHE,?,"Deivid (FWD, ?)",0,0,0,0,0,0,0,0,0,0,0,0,0,0,18,0.0,0.0,0.0,0.0,0.0,0.0,0.0,0.0,0.0,0.0,0.0,0.0,0.0,0.0,0.0,0.0,0.0,0.0,0.0,0.0,0.0,0.0,0.0,0.0,0.0,0.0,0.0,0.0,0.0,0.0,0.0,0.0,0.0,0.0,0.0,0.0,0.0,0.0,0.0,0.0,0.0,0.0,0.0,0.0,0.0,0.0,0.0,0.0,0.0,0.0,0.0,0.0,0.0,0.0,0.0,0.0,0.0,0.0,0.0,0.0,0.0,0.0,0.0,0.0,0.0,0.0,0.0,0.0,0.0,0.0,0.0,0.0,0.0,0.0,0.0,0.0,0.0,0.0,0.0,0.0,0.0,0.0,0.0,0.0,0.0,0.0,0.0,0.0,0.0,0.0,0.0,0.0,0.0,0.0,0.0,0.0,0.0,0.0,0.0,0.0,0.0,0.0,0.0,0.0,0.0,0.0,0.0,0.0,0.0,0.0,0.0,0.0,0.0,0.0,0.0,0.0,0.0,0.0,0.0,0.0,0.0,0.0,0.0,0.0,0.0,0.0,0.0,0.0,0.0,0.0,0.0,0.0,0.0,0.0,0.0,0.0,0.0,0.0,0.0,0.0,24,0.0,0,0.0,25,0.0,0.0,5,0,0,0,0,0,0,0.0,~
169,Conor,Gallagher,MID,CHE,?,"Gallagher (MID, ?)",0,0,0,0,0,0,0,0,0,0,0,0,0,0,18,0.0,0.0,0.0,0.0,0.0,0.0,0.0,0.0,0.0,0.0,0.0,0.0,0.0,0.0,0.0,0.0,0.0,0.0,0.0,0.0,0.0,0.0,0.0,0.0,0.0,0.0,0.0,0.0,0.0,0.0,0.0,0.0,0.0,0.0,0.0,0.0,0.0,0.0,0.0,0.0,0.0,0.0,0.0,0.0,0.0,0.0,0.0,0.0,0.0,0.0,0.0,0.0,0.0,0.0,0.0,0.0,0.0,0.0,0.0,0.0,0.0,0.0,0.0,0.0,0.0,0.0,0.0,0.0,0.0,0.0,0.0,0.0,0.0,0.0,0.0,0.0,0.0,0.0,0.0,0.0,0.0,0.0,0.0,0.0,0.0,0.0,0.0,0.0,0.0,0.0,0.0,0.0,0.0,0.0,0.0,0.0,0.0,0.0,0.0,0.0,0.0,0.0,0.0,0.0,0.0,0.0,0.0,0.0,0.0,0.0,0.0,0.0,0.0,0.0,0.0,0.0,0.0,0.0,0.0,0.0,0.0,0.0,0.0,0.0,0.0,0.0,0.0,0.0,0.0,0.0,0.0,0.0,0.0,0.0,0.0,0.0,0.0,0.0,0.0,0.0,24,0.0,0,0.0,25,0.0,0.0,5,0,0,0,0,0,0,0.0,~
170,Alfie,Gilchrist,DEF,CHE,?,"Gilchrist (DEF, ?)",0,0,0,0,0,0,0,0,0,0,0,0,0,0,18,0.0,0.0,0.0,0.0,0.0,0.0,0.0,0.0,0.0,0.0,0.0,0.0,0.0,0.0,0.0,0.0,0.0,0.0,0.0,0.0,0.0,0.0,0.0,0.0,0.0,0.0,0.0,0.0,0.0,0.0,0.0,0.0,0.0,0.0,0.0,0.0,0.0,0.0,0.0,0.0,0.0,0.0,0.0,0.0,0.0,0.0,0.0,0.0,0.0,0.0,0.0,0.0,0.0,0.0,0.0,0.0,0.0,0.0,0.0,0.0,0.0,0.0,0.0,0.0,0.0,0.0,0.0,0.0,0.0,0.0,0.0,0.0,0.0,0.0,0.0,0.0,0.0,0.0,0.0,0.0,0.0,0.0,0.0,0.0,0.0,0.0,0.0,0.0,0.0,0.0,0.0,0.0,0.0,0.0,0.0,0.0,0.0,0.0,0.0,0.0,0.0,0.0,0.0,0.0,0.0,0.0,0.0,0.0,0.0,0.0,0.0,0.0,0.0,0.0,0.0,0.0,0.0,0.0,0.0,0.0,0.0,0.0,0.0,0.0,0.0,0.0,0.0,0.0,0.0,0.0,0.0,0.0,0.0,0.0,0.0,0.0,0.0,0.0,0.0,0.0,24,0.0,-4,0.0,0,0.0,0.0,5,0,0,0,0,0,0,0.0,~
173,Omari,Kellyman,MID,CHE,?,"Kellyman (MID, ?)",0,0,0,0,0,0,0,0,0,0,0,0,0,0,18,0.0,0.0,0.0,0.0,0.0,0.0,0.0,0.0,0.0,0.0,0.0,0.0,0.0,0.0,0.0,0.0,0.0,0.0,0.0,0.0,0.0,0.0,0.0,0.0,0.0,0.0,0.0,0.0,0.0,0.0,0.0,0.0,0.0,0.0,0.0,0.0,0.0,0.0,0.0,0.0,0.0,0.0,0.0,0.0,0.0,0.0,0.0,0.0,0.0,0.0,0.0,0.0,0.0,0.0,0.0,0.0,0.0,0.0,0.0,0.0,0.0,0.0,0.0,0.0,0.0,0.0,0.0,0.0,0.0,0.0,0.0,0.0,0.0,0.0,0.0,0.0,0.0,0.0,0.0,0.0,0.0,0.0,0.0,0.0,0.0,0.0,0.0,0.0,0.0,0.0,0.0,0.0,0.0,0.0,0.0,0.0,0.0,0.0,0.0,0.0,0.0,0.0,0.0,0.0,0.0,0.0,0.0,0.0,0.0,0.0,0.0,0.0,0.0,0.0,0.0,0.0,0.0,0.0,0.0,0.0,0.0,0.0,0.0,0.0,0.0,0.0,0.0,0.0,0.0,0.0,0.0,0.0,0.0,0.0,0.0,0.0,0.0,0.0,0.0,0.0,24,0.0,0,0.0,25,0.0,0.0,5,0,0,0,0,0,0,0.0,~
175,Romelu,Lukaku Bolingoli,FWD,CHE,?,"Lukaku (FWD, ?)",0,0,0,0,0,0,0,0,0,0,0,0,0,0,18,0.0,0.0,0.0,0.0,0.0,0.0,0.0,0.0,0.0,0.0,0.0,0.0,0.0,0.0,0.0,0.0,0.0,0.0,0.0,0.0,0.0,0.0,0.0,0.0,0.0,0.0,0.0,0.0,0.0,0.0,0.0,0.0,0.0,0.0,0.0,0.0,0.0,0.0,0.0,0.0,0.0,0.0,0.0,0.0,0.0,0.0,0.0,0.0,0.0,0.0,0.0,0.0,0.0,0.0,0.0,0.0,0.0,0.0,0.0,0.0,0.0,0.0,0.0,0.0,0.0,0.0,0.0,0.0,0.0,0.0,0.0,0.0,0.0,0.0,0.0,0.0,0.0,0.0,0.0,0.0,0.0,0.0,0.0,0.0,0.0,0.0,0.0,0.0,0.0,0.0,0.0,0.0,0.0,0.0,0.0,0.0,0.0,0.0,0.0,0.0,0.0,0.0,0.0,0.0,0.0,0.0,0.0,0.0,0.0,0.0,0.0,0.0,0.0,0.0,0.0,0.0,0.0,0.0,0.0,0.0,0.0,0.0,0.0,0.0,0.0,0.0,0.0,0.0,0.0,0.0,0.0,0.0,0.0,0.0,0.0,0.0,0.0,0.0,0.0,0.0,24,0.0,0,0.0,25,0.0,0.0,5,0,0,0,0,0,0,0.0,~
176,Malang,Sarr,DEF,CHE,?,"M.Sarr (DEF, ?)",0,0,0,0,0,0,0,0,0,0,0,0,0,0,18,0.0,0.0,0.0,0.0,0.0,0.0,0.0,0.0,0.0,0.0,0.0,0.0,0.0,0.0,0.0,0.0,0.0,0.0,0.0,0.0,0.0,0.0,0.0,0.0,0.0,0.0,0.0,0.0,0.0,0.0,0.0,0.0,0.0,0.0,0.0,0.0,0.0,0.0,0.0,0.0,0.0,0.0,0.0,0.0,0.0,0.0,0.0,0.0,0.0,0.0,0.0,0.0,0.0,0.0,0.0,0.0,0.0,0.0,0.0,0.0,0.0,0.0,0.0,0.0,0.0,0.0,0.0,0.0,0.0,0.0,0.0,0.0,0.0,0.0,0.0,0.0,0.0,0.0,0.0,0.0,0.0,0.0,0.0,0.0,0.0,0.0,0.0,0.0,0.0,0.0,0.0,0.0,0.0,0.0,0.0,0.0,0.0,0.0,0.0,0.0,0.0,0.0,0.0,0.0,0.0,0.0,0.0,0.0,0.0,0.0,0.0,0.0,0.0,0.0,0.0,0.0,0.0,0.0,0.0,0.0,0.0,0.0,0.0,0.0,0.0,0.0,0.0,0.0,0.0,0.0,0.0,0.0,0.0,0.0,0.0,0.0,0.0,0.0,0.0,0.0,24,0.0,-4,0.0,0,0.0,0.0,5,0,0,0,0,0,0,0.0,~
183,Đorđe,Petrović,GKP,CHE,?,"Petrović (GKP, ?)",0,0,0,0,0,0,0,0,0,0,0,0,0,0,18,0.0,0.0,0.0,0.0,0.0,0.0,0.0,0.0,0.0,0.0,0.0,0.0,0.0,0.0,0.0,0.0,0.0,0.0,0.0,0.0,0.0,0.0,0.0,0.0,0.0,0.0,0.0,0.0,0.0,0.0,0.0,0.0,0.0,0.0,0.0,0.0,0.0,0.0,0.0,0.0,0.0,0.0,0.0,0.0,0.0,0.0,0.0,0.0,0.0,0.0,0.0,0.0,0.0,0.0,0.0,0.0,0.0,0.0,0.0,0.0,0.0,0.0,0.0,0.0,0.0,0.0,0.0,0.0,0.0,0.0,0.0,0.0,0.0,0.0,0.0,0.0,0.0,0.0,0.0,0.0,0.0,0.0,0.0,0.0,0.0,0.0,0.0,0.0,0.0,0.0,0.0,0.0,0.0,0.0,0.0,0.0,0.0,0.0,0.0,0.0,0.0,0.0,0.0,0.0,0.0,0.0,0.0,0.0,0.0,0.0,0.0,0.0,0.0,0.0,0.0,0.0,0.0,0.0,0.0,0.0,0.0,0.0,0.0,0.0,0.0,0.0,0.0,0.0,0.0,0.0,0.0,0.0,0.0,0.0,0.0,0.0,0.0,0.0,0.0,0.0,24,0.0,-4,0.0,0,0.0,0.0,5,0,0,0,0,0,0,0.0,~
575,Caleb,Wiley,DEF,CHE,?,"Wiley (DEF, ?)",0,0,0,0,0,0,0,0,0,0,0,0,0,0,18,0.0,0.0,0.0,0.0,0.0,0.0,0.0,0.0,0.0,0.0,0.0,0.0,0.0,0.0,0.0,0.0,0.0,0.0,0.0,0.0,0.0,0.0,0.0,0.0,0.0,0.0,0.0,0.0,0.0,0.0,0.0,0.0,0.0,0.0,0.0,0.0,0.0,0.0,0.0,0.0,0.0,0.0,0.0,0.0,0.0,0.0,0.0,0.0,0.0,0.0,0.0,0.0,0.0,0.0,0.0,0.0,0.0,0.0,0.0,0.0,0.0,0.0,0.0,0.0,0.0,0.0,0.0,0.0,0.0,0.0,0.0,0.0,0.0,0.0,0.0,0.0,0.0,0.0,0.0,0.0,0.0,0.0,0.0,0.0,0.0,0.0,0.0,0.0,0.0,0.0,0.0,0.0,0.0,0.0,0.0,0.0,0.0,0.0,0.0,0.0,0.0,0.0,0.0,0.0,0.0,0.0,0.0,0.0,0.0,0.0,0.0,0.0,0.0,0.0,0.0,0.0,0.0,0.0,0.0,0.0,0.0,0.0,0.0,0.0,0.0,0.0,0.0,0.0,0.0,0.0,0.0,0.0,0.0,0.0,0.0,0.0,0.0,0.0,0.0,0.0,24,0.0,-4,0.0,0,0.0,0.0,5,0,0,0,0,0,0,0.0,~
695,Samuel,Rak-Sakyi,MID,CHE,?,"Rak-Sakyi (MID, ?)",0,0,0,0,0,0,0,0,0,0,0,0,0,0,18,0.0,0.0,0.0,0.0,0.0,0.0,0.0,0.0,0.0,0.0,0.0,0.0,0.0,0.0,0.0,0.0,0.0,0.0,0.0,0.0,0.0,0.0,0.0,0.0,0.0,0.0,0.0,0.0,0.0,0.0,0.0,0.0,0.0,0.0,0.0,0.0,0.0,0.0,0.0,0.0,0.0,0.0,0.0,0.0,0.0,0.0,0.0,0.0,0.0,0.0,0.0,0.0,0.0,0.0,0.0,0.0,0.0,0.0,0.0,0.0,0.0,0.0,0.0,0.0,0.0,0.0,0.0,0.0,0.0,0.0,0.0,0.0,0.0,0.0,0.0,0.0,0.0,0.0,0.0,0.0,0.0,0.0,0.0,0.0,0.0,0.0,0.0,0.0,0.0,0.0,0.0,0.0,0.0,0.0,0.0,0.0,0.0,0.0,0.0,0.0,0.0,0.0,0.0,0.0,0.0,0.0,0.0,0.0,0.0,0.0,0.0,0.0,0.0,0.0,0.0,0.0,0.0,0.0,0.0,0.0,0.0,0.0,0.0,0.0,0.0,0.0,0.0,0.0,0.0,0.0,0.0,0.0,0.0,0.0,0.0,0.0,0.0,0.0,0.0,0.0,24,0.0,0,0.0,25,0.0,0.0,5,0,0,0,0,0,0,0.0,~
696,Tyrique,George,MID,CHE,?,"George (MID, ?)",0,0,0,0,0,0,0,0,0,0,0,0,0,0,18,0.0,0.0,0.0,0.0,0.0,0.0,0.0,0.0,0.0,0.0,0.0,0.0,0.0,0.0,0.0,0.0,0.0,0.0,0.0,0.0,0.0,0.0,0.0,0.0,0.0,0.0,0.0,0.0,0.0,0.0,0.0,0.0,0.0,0.0,0.0,0.0,0.0,0.0,0.0,0.0,0.0,0.0,0.0,0.0,0.0,0.0,0.0,0.0,0.0,0.0,0.0,0.0,0.0,0.0,0.0,0.0,0.0,0.0,0.0,0.0,0.0,0.0,0.0,0.0,0.0,0.0,0.0,0.0,0.0,0.0,0.0,0.0,0.0,0.0,0.0,0.0,0.0,0.0,0.0,0.0,0.0,0.0,0.0,0.0,0.0,0.0,0.0,0.0,0.0,0.0,0.0,0.0,0.0,0.0,0.0,0.0,0.0,0.0,0.0,0.0,0.0,0.0,0.0,0.0,0.0,0.0,0.0,0.0,0.0,0.0,0.0,0.0,0.0,0.0,0.0,0.0,0.0,0.0,0.0,0.0,0.0,0.0,0.0,0.0,0.0,0.0,0.0,0.0,0.0,0.0,0.0,0.0,0.0,0.0,0.0,0.0,0.0,0.0,0.0,0.0,24,0.0,0,0.0,25,0.0,0.0,5,0,0,0,0,0,0,0.0,~
697,Josh,Acheampong,DEF,CHE,?,"Acheampong (DEF, ?)",0,0,0,0,0,0,0,0,0,0,0,0,0,0,18,0.0,0.0,0.0,0.0,0.0,0.0,0.0,0.0,0.0,0.0,0.0,0.0,0.0,0.0,0.0,0.0,0.0,0.0,0.0,0.0,0.0,0.0,0.0,0.0,0.0,0.0,0.0,0.0,0.0,0.0,0.0,0.0,0.0,0.0,0.0,0.0,0.0,0.0,0.0,0.0,0.0,0.0,0.0,0.0,0.0,0.0,0.0,0.0,0.0,0.0,0.0,0.0,0.0,0.0,0.0,0.0,0.0,0.0,0.0,0.0,0.0,0.0,0.0,0.0,0.0,0.0,0.0,0.0,0.0,0.0,0.0,0.0,0.0,0.0,0.0,0.0,0.0,0.0,0.0,0.0,0.0,0.0,0.0,0.0,0.0,0.0,0.0,0.0,0.0,0.0,0.0,0.0,0.0,0.0,0.0,0.0,0.0,0.0,0.0,0.0,0.0,0.0,0.0,0.0,0.0,0.0,0.0,0.0,0.0,0.0,0.0,0.0,0.0,0.0,0.0,0.0,0.0,0.0,0.0,0.0,0.0,0.0,0.0,0.0,0.0,0.0,0.0,0.0,0.0,0.0,0.0,0.0,0.0,0.0,0.0,0.0,0.0,0.0,0.0,0.0,24,0.0,-4,0.0,0,0.0,0.0,5,0,2,1,0,0,3,3.0,3↑
211,Daniel,Muñoz,DEF,CRY,?,"Muñoz (DEF, ?)",57,1444,2,21,0,2,4,0,0,0,5,0,3,17,1,6.0,3.0,5.166666666666667,3.111111111111111,3.7155828016013257,90.0,0.0,75.0,25.0,33.54101966249684,1.0,0.5,3.1666666666666665,2.5370370370370368,2.948634335492355,90.0,0.0,80.22222222222223,16.07407407407407,25.77586199777604,0.0,0.0,0.1111111111111111,0.1975308641975308,0.3142696805273545,1.0,1.0,1.1666666666666667,0.7407407407407407,0.8333333333333334,0.0,0.0,0.0,0.0,0.0,0.0,0.0,0.1111111111111111,0.1975308641975308,0.3142696805273545,0.0,0.0,0.2222222222222222,0.345679012345679,0.415739709641549,0.0,0.0,0.0,0.0,0.0,0.0,0.0,0.0,0.0,0.0,0.0,0.0,0.0,0.0,0.0,0.0,0.0,0.2777777777777778,0.4012345679012345,0.4479032082388083,0.0,0.0,0.0,0.0,0.0,0.0,0.0,0.1666666666666666,0.3148148148148148,0.6871842709362769,1.0,0.0,3.3529411764705883,2.5328719723183397,2.929388140703231,90.0,0.0,84.94117647058823,8.692041522491351,17.396654811081266,0.0,0.0,0.1176470588235294,0.2076124567474048,0.3221897397089212,1.0,1.0,1.2352941176470589,0.7197231833910034,0.8065476000471816,0.0,0.0,0.0,0.0,0.0,0.0,0.0,0.1176470588235294,0.2076124567474048,0.3221897397089212,0.0,0.0,0.2352941176470588,0.3598615916955017,0.4241825029957634,0.0,0.0,0.0,0.0,0.0,0.0,0.0,0.0,0.0,0.0,0.0,0.0,0.0,0.0,0.0,0.0,0.0,0.2941176470588235,0.4152249134948097,0.4556450995538137,0.0,0.0,0.0,0.0,0.0,0.0,0.0,0.1764705882352941,0.3321799307958478,0.7058823529411765,5,5.277777777777779,-2,4.888888888888889,0,0.0,5.08333333333,5,2,2,6,6,4,20,14.91666666667,6↑
210,Tyrick,Mitchell,DEF,CRY,?,"Mitchell (DEF, ?)",55,1564,0,25,0,3,5,0,0,0,2,0,3,18,0,4.5,3.0,4.833333333333333,3.1666666666666665,3.578485092263981,90.0,0.0,89.0,1.6666666666666667,2.23606797749979,1.5,0.5,3.055555555555556,2.407407407407407,2.8958250066493667,90.0,0.0,86.88888888888889,4.9629629629629655,7.873223883580833,0.0,0.0,0.0,0.0,0.0,1.5,0.5,1.3888888888888888,0.9444444444444444,1.208253509496197,0.0,0.0,0.0,0.0,0.0,0.0,0.0,0.1666666666666666,0.2777777777777778,0.372677996249965,0.0,0.0,0.2777777777777778,0.4012345679012346,0.4479032082388083,0.0,0.0,0.0,0.0,0.0,0.0,0.0,0.0,0.0,0.0,0.0,0.0,0.0,0.0,0.0,0.0,0.0,0.1111111111111111,0.1975308641975308,0.3142696805273545,0.0,0.0,0.0,0.0,0.0,0.0,0.0,0.1666666666666666,0.2962962962962963,0.4999999999999999,1.5,0.5,3.055555555555556,2.407407407407407,2.8958250066493667,90.0,0.0,86.88888888888889,4.9629629629629655,7.873223883580833,0.0,0.0,0.0,0.0,0.0,1.5,0.5,1.3888888888888888,0.9444444444444444,1.208253509496197,0.0,0.0,0.0,0.0,0.0,0.0,0.0,0.1666666666666666,0.2777777777777778,0.372677996249965,0.0,0.0,0.2777777777777778,0.4012345679012346,0.4479032082388083,0.0,0.0,0.0,0.0,0.0,0.0,0.0,0.0,0.0,0.0,0.0,0.0,0.0,0.0,0.0,0.0,0.0,0.1111111111111111,0.1975308641975308,0.3142696805273545,0.0,0.0,0.0,0.0,0.0,0.0,0.0,0.1666666666666666,0.2962962962962963,0.4999999999999999,5,7.777777777777779,-2,7.388888888888889,0,0.0,7.58333333333,5,2,2,6,6,1,17,9.41666666667,5↑
650,Maxence,Lacroix,DEF,CRY,?,"Lacroix (DEF, ?)",46,1350,1,21,0,1,4,0,0,0,3,0,2,15,3,4.0,2.5,4.166666666666667,2.833333333333333,2.9674156357941426,90.0,0.0,90.0,0.0,0.0,2.0,2.0,2.555555555555556,2.185185185185185,2.543449587168799,90.0,0.0,75.0,25.0,33.54101966249684,0.0,0.0,0.0555555555555555,0.1049382716049382,0.2290614236454256,1.0,1.0,1.1666666666666667,0.9814814814814816,1.2583057392117916,0.0,0.0,0.0,0.0,0.0,0.0,0.0,0.0555555555555555,0.1049382716049382,0.2290614236454256,0.0,0.0,0.2222222222222222,0.345679012345679,0.415739709641549,0.0,0.0,0.0,0.0,0.0,0.0,0.0,0.0,0.0,0.0,0.0,0.0,0.0,0.0,0.0,0.0,0.0,0.1666666666666666,0.2777777777777778,0.3726779962499649,0.0,0.0,0.0,0.0,0.0,0.0,0.0,0.1111111111111111,0.2098765432098765,0.4581228472908512,2.0,2.0,3.066666666666667,2.213333333333333,2.4890872936792627,90.0,0.0,90.0,0.0,0.0,0.0,0.0,0.0666666666666666,0.1244444444444444,0.2494438257849294,1.0,1.0,1.4,0.96,1.254325848148452,0.0,0.0,0.0,0.0,0.0,0.0,0.0,0.0666666666666666,0.1244444444444444,0.2494438257849294,0.0,0.0,0.2666666666666666,0.3911111111111111,0.4422166387140533,0.0,0.0,0.0,0.0,0.0,0.0,0.0,0.0,0.0,0.0,0.0,0.0,0.0,0.0,0.0,0.0,0.0,0.2,0.32,0.4000000000000001,0.0,0.0,0.0,0.0,0.0,0.0,0.0,0.1333333333333333,0.2488888888888888,0.4988876515698588,5,11.11111111111111,-2,9.555555555555555,0,0.0,10.33333333333,5,2,2,8,7,0,19,8.66666666667,5↑
159,Trevoh,Chalobah,DEF,CRY,?,"Chalobah (DEF, ?)",44,970,2,12,0,0,3,0,0,0,1,0,3,11,7,4.0,2.5,4.0,3.0,3.2145502536643185,86.5,3.5,72.16666666666667,24.055555555555557,32.50854588497547,1.0,1.0,2.4444444444444446,2.6419753086419755,3.095197394929804,85.0,5.0,53.888888888888886,41.91358024691359,43.066987729568055,0.0,0.0,0.1111111111111111,0.1975308641975308,0.3142696805273545,0.0,0.0,0.6666666666666666,0.7407407407407407,0.816496580927726,0.0,0.0,0.0,0.0,0.0,0.0,0.0,0.0,0.0,0.0,0.0,0.0,0.1666666666666666,0.2777777777777778,0.3726779962499649,0.0,0.0,0.0,0.0,0.0,0.0,0.0,0.0,0.0,0.0,0.0,0.0,0.0,0.0,0.0,0.0,0.0,0.0555555555555555,0.1049382716049382,0.2290614236454256,0.0,0.0,0.0,0.0,0.0,0.0,0.0,0.1666666666666666,0.2962962962962963,0.4999999999999999,2.0,2.0,4.0,2.909090909090909,3.0748244591432297,90.0,0.0,88.18181818181819,2.644628099173552,3.325334756031252,0.0,0.0,0.1818181818181818,0.2975206611570247,0.385694607919935,1.0,1.0,1.0909090909090908,0.6611570247933884,0.7925270806437588,0.0,0.0,0.0,0.0,0.0,0.0,0.0,0.0,0.0,0.0,0.0,0.0,0.2727272727272727,0.396694214876033,0.4453617714151233,0.0,0.0,0.0,0.0,0.0,0.0,0.0,0.0,0.0,0.0,0.0,0.0,0.0,0.0,0.0,0.0,0.0,0.0909090909090909,0.165289256198347,0.2874797872880344,0.0,0.0,0.0,0.0,0.0,0.0,0.0,0.2727272727272727,0.4462809917355372,0.616575453011388,5,5.555555555555555,-2,4.777777777777778,0,0.0,5.16666666667,5,10,0,0,8,1,19,13.83333333333,6↑
585,Ismaïla,Sarr,MID,CRY,?,"I.Sarr (MID, ?)",64,1090,4,17,0,3,3,0,0,0,3,0,6,18,0,2.5,0.5,5.5,4.333333333333333,5.439056290693573,90.0,0.0,87.5,3.8333333333333335,5.155902766086006,2.0,1.0,3.555555555555556,2.9753086419753085,4.348974620173539,81.5,8.5,60.55555555555556,31.09876543209877,33.28533581394235,0.0,0.0,0.2222222222222222,0.3703703703703703,0.5328701692569688,0.5,0.5,0.9444444444444444,0.9444444444444444,1.2680791345014808,0.0,0.0,0.0,0.0,0.0,0.0,0.0,0.1666666666666666,0.2777777777777778,0.3726779962499649,0.0,0.0,0.1666666666666666,0.2777777777777778,0.372677996249965,0.0,0.0,0.0,0.0,0.0,0.0,0.0,0.0,0.0,0.0,0.0,0.0,0.0,0.0,0.0,0.0,0.0,0.1666666666666666,0.2777777777777778,0.3726779962499649,0.0,0.0,0.0,0.0,0.0,0.0,0.0,0.3333333333333333,0.5925925925925927,0.9428090415820634,2.0,1.0,3.555555555555556,2.9753086419753085,4.348974620173539,81.5,8.5,60.55555555555556,31.09876543209877,33.28533581394235,0.0,0.0,0.2222222222222222,0.3703703703703703,0.5328701692569688,0.5,0.5,0.9444444444444444,0.9444444444444444,1.2680791345014808,0.0,0.0,0.0,0.0,0.0,0.0,0.0,0.1666666666666666,0.2777777777777778,0.3726779962499649,0.0,0.0,0.1666666666666666,0.2777777777777778,0.372677996249965,0.0,0.0,0.0,0.0,0.0,0.0,0.0,0.0,0.0,0.0,0.0,0.0,0.0,0.0,0.0,0.0,0.0,0.1666666666666666,0.2777777777777778,0.3726779962499649,0.0,0.0,0.0,0.0,0.0,0.0,0.0,0.3333333333333333,0.5925925925925927,0.9428090415820634,5,10.555555555555555,0,0.0,-6,9.333333333333332,9.94444444444,5,2,2,6,3,2,15,5.05555555556,4↑
203,Will,Hughes,MID,CRY,?,"Hughes (MID, ?)",32,1001,0,16,0,2,3,0,0,0,6,0,3,16,2,2.0,0.5,3.5,2.5,3.4034296427770228,80.0,10.0,76.5,11.5,13.6106575888162,1.5,0.5,1.7777777777777777,1.3333333333333333,2.4165070189923936,67.5,20.0,55.61111111111112,26.98765432098765,31.152205002908055,0.0,0.0,0.0,0.0,0.0,0.5,0.5,0.8888888888888888,0.8888888888888888,1.0999438818457403,0.0,0.0,0.0,0.0,0.0,0.0,0.0,0.1111111111111111,0.2098765432098765,0.4581228472908512,0.0,0.0,0.1666666666666666,0.2777777777777778,0.3726779962499649,0.0,0.0,0.0,0.0,0.0,0.0,0.0,0.0,0.0,0.0,0.0,0.0,0.0,0.0,0.0,0.0,0.0,0.3333333333333333,0.4444444444444444,0.4714045207910317,0.0,0.0,0.0,0.0,0.0,0.0,0.0,0.1666666666666666,0.3148148148148148,0.6871842709362769,2.0,1.0,2.0,1.25,2.4748737341529163,70.5,18.5,62.5625,21.671875,25.629496556702005,0.0,0.0,0.0,0.0,0.0,1.0,1.0,1.0,0.875,1.118033988749895,0.0,0.0,0.0,0.0,0.0,0.0,0.0,0.125,0.234375,0.4841229182759271,0.0,0.0,0.1875,0.3046875,0.3903123748998999,0.0,0.0,0.0,0.0,0.0,0.0,0.0,0.0,0.0,0.0,0.0,0.0,0.0,0.0,0.0,0.0,0.0,0.375,0.46875,0.4841229182759271,0.0,0.0,0.0,0.0,0.0,0.0,0.0,0.1875,0.3515625,0.7261843774138906,5,7.777777777777779,0,0.0,-6,7.166666666666666,7.47222222222,5,4,0,3,3,2,12,4.52777777778,4↑
201,Dean,Henderson,GKP,CRY,?,"Henderson (GKP, ?)",62,1620,0,26,0,0,4,55,1,0,2,0,4,18,0,2.0,1.5,3.1666666666666665,2.555555555555556,2.793842435706701,90.0,0.0,90.0,0.0,0.0,2.0,1.0,3.4444444444444446,2.3703703703703707,2.7532248207475263,90.0,0.0,90.0,0.0,0.0,0.0,0.0,0.0,0.0,0.0,1.5,0.5,1.4444444444444444,0.8888888888888888,1.1653431646335015,0.0,0.0,0.0,0.0,0.0,0.0,0.0,0.0,0.0,0.0,0.0,0.0,0.2222222222222222,0.345679012345679,0.415739709641549,3.0,1.5,3.055555555555556,1.5185185185185186,1.9285061064121984,0.0,0.0,0.0555555555555555,0.1049382716049382,0.2290614236454256,0.0,0.0,0.0,0.0,0.0,0.0,0.0,0.1111111111111111,0.1975308641975308,0.3142696805273545,0.0,0.0,0.0,0.0,0.0,0.0,0.0,0.2222222222222222,0.3703703703703703,0.5328701692569688,2.0,1.0,3.4444444444444446,2.3703703703703707,2.7532248207475263,90.0,0.0,90.0,0.0,0.0,0.0,0.0,0.0,0.0,0.0,1.5,0.5,1.4444444444444444,0.8888888888888888,1.1653431646335015,0.0,0.0,0.0,0.0,0.0,0.0,0.0,0.0,0.0,0.0,0.0,0.0,0.2222222222222222,0.345679012345679,0.415739709641549,3.0,1.5,3.055555555555556,1.5185185185185186,1.9285061064121984,0.0,0.0,0.0555555555555555,0.1049382716049382,0.2290614236454256,0.0,0.0,0.0,0.0,0.0,0.0,0.0,0.1111111111111111,0.1975308641975308,0.3142696805273545,0.0,0.0,0.0,0.0,0.0,0.0,0.0,0.2222222222222222,0.3703703703703703,0.5328701692569688,5,10.555555555555555,-2,9.77777777777778,0,0.0,10.16666666667,5,2,2,7,6,1,18,7.83333333333,5↑
207,Jean-Philippe,Mateta,FWD,CRY,?,"Mateta (FWD, ?)",57,1332,4,21,0,1,3,0,0,0,2,0,9,18,0,2.0,0.0,2.833333333333333,1.7222222222222223,2.3392781412697,85.5,4.5,81.66666666666667,8.333333333333334,10.994948334980428,2.0,0.5,3.1666666666666665,2.37037037037037,3.1841621957571338,90.0,0.0,74.0,19.22222222222222,22.390474164995556,0.0,0.0,0.2222222222222222,0.3703703703703704,0.5328701692569688,1.0,1.0,1.1666666666666667,0.9629629629629632,1.118033988749895,0.0,0.0,0.0,0.0,0.0,0.0,0.0,0.0555555555555555,0.1049382716049382,0.2290614236454256,0.0,0.0,0.1666666666666666,0.2777777777777778,0.372677996249965,0.0,0.0,0.0,0.0,0.0,0.0,0.0,0.0,0.0,0.0,0.0,0.0,0.0,0.0,0.0,0.0,0.0,0.1111111111111111,0.1975308641975308,0.3142696805273545,0.0,0.0,0.0,0.0,0.0,0.0,0.0,0.5,0.8333333333333334,1.118033988749895,2.0,0.5,3.1666666666666665,2.37037037037037,3.1841621957571338,90.0,0.0,74.0,19.22222222222222,22.390474164995556,0.0,0.0,0.2222222222222222,0.3703703703703704,0.5328701692569688,1.0,1.0,1.1666666666666667,0.9629629629629632,1.118033988749895,0.0,0.0,0.0,0.0,0.0,0.0,0.0,0.0555555555555555,0.1049382716049382,0.2290614236454256,0.0,0.0,0.1666666666666666,0.2777777777777778,0.372677996249965,0.0,0.0,0.0,0.0,0.0,0.0,0.0,0.0,0.0,0.0,0.0,0.0,0.0,0.0,0.0,0.0,0.0,0.1111111111111111,0.1975308641975308,0.3142696805273545,0.0,0.0,0.0,0.0,0.0,0.0,0.0,0.5,0.8333333333333334,1.118033988749895,5,10.277777777777777,0,0.0,-6,9.666666666666666,9.97222222222,5,2,8,8,13,2,33,23.027777777780003,7↑
200,Marc,Guéhi,DEF,CRY,?,"Guéhi (DEF, ?)",53,1620,2,26,2,1,4,0,0,0,5,0,5,18,0,2.0,3.0,2.5,2.833333333333333,3.1490739379485304,90.0,0.0,90.0,0.0,0.0,2.0,1.5,2.9444444444444446,2.598765432098765,2.9715731378480736,90.0,0.0,90.0,0.0,0.0,0.0,0.0,0.1111111111111111,0.1975308641975308,0.3142696805273545,1.5,0.5,1.4444444444444444,0.8888888888888888,1.1653431646335015,0.0,0.0,0.1111111111111111,0.1975308641975308,0.3142696805273545,0.0,0.0,0.0555555555555555,0.1049382716049382,0.2290614236454256,0.0,0.0,0.2222222222222222,0.345679012345679,0.415739709641549,0.0,0.0,0.0,0.0,0.0,0.0,0.0,0.0,0.0,0.0,0.0,0.0,0.0,0.0,0.0,0.0,0.0,0.2777777777777778,0.4012345679012346,0.4479032082388083,0.0,0.0,0.0,0.0,0.0,0.0,0.0,0.2777777777777778,0.4629629629629629,0.6502611061510903,2.0,1.5,2.9444444444444446,2.598765432098765,2.9715731378480736,90.0,0.0,90.0,0.0,0.0,0.0,0.0,0.1111111111111111,0.1975308641975308,0.3142696805273545,1.5,0.5,1.4444444444444444,0.8888888888888888,1.1653431646335015,0.0,0.0,0.1111111111111111,0.1975308641975308,0.3142696805273545,0.0,0.0,0.0555555555555555,0.1049382716049382,0.2290614236454256,0.0,0.0,0.2222222222222222,0.345679012345679,0.415739709641549,0.0,0.0,0.0,0.0,0.0,0.0,0.0,0.0,0.0,0.0,0.0,0.0,0.0,0.0,0.0,0.0,0.0,0.2777777777777778,0.4012345679012346,0.4479032082388083,0.0,0.0,0.0,0.0,0.0,0.0,0.0,0.2777777777777778,0.4629629629629629,0.6502611061510903,5,10.833333333333334,-2,9.666666666666666,0,0.0,10.25,5,0,2,15,8,1,26,15.75,6↑
199,Eberechi,Eze,MID,CRY,?,"Eze (MID, ?)",44,1166,1,14,0,2,4,0,0,0,1,0,3,14,4,2.0,0.5,2.1666666666666665,1.2777777777777777,1.863389981249825,67.5,8.0,59.333333333333336,19.88888888888889,27.956315128349008,2.0,0.5,2.4444444444444446,1.691358024691358,2.47705520106755,88.5,1.5,64.77777777777777,29.51851851851852,35.886480827365055,0.0,0.0,0.0555555555555555,0.1049382716049382,0.2290614236454256,0.5,0.5,0.7777777777777778,0.7777777777777779,0.8534606386520677,0.0,0.0,0.0,0.0,0.0,0.0,0.0,0.1111111111111111,0.1975308641975308,0.3142696805273545,0.0,0.0,0.2222222222222222,0.345679012345679,0.415739709641549,0.0,0.0,0.0,0.0,0.0,0.0,0.0,0.0,0.0,0.0,0.0,0.0,0.0,0.0,0.0,0.0,0.0,0.0555555555555555,0.1049382716049382,0.2290614236454256,0.0,0.0,0.0,0.0,0.0,0.0,0.0,0.1666666666666666,0.3148148148148148,0.6871842709362769,2.0,0.0,3.142857142857143,1.7959183673469383,2.3861847269271523,90.0,0.0,83.28571428571429,9.163265306122446,10.693312806399623,0.0,0.0,0.0714285714285714,0.1326530612244897,0.2575393768188563,1.0,1.0,1.0,0.7142857142857143,0.8451542547285166,0.0,0.0,0.0,0.0,0.0,0.0,0.0,0.1428571428571428,0.2448979591836734,0.3499271061118826,0.0,0.0,0.2857142857142857,0.4081632653061224,0.4517539514526256,0.0,0.0,0.0,0.0,0.0,0.0,0.0,0.0,0.0,0.0,0.0,0.0,0.0,0.0,0.0,0.0,0.0,0.0714285714285714,0.1326530612244897,0.2575393768188564,0.0,0.0,0.0,0.0,0.0,0.0,0.0,0.2142857142857142,0.3979591836734694,0.7726181304565691,5,10.277777777777777,0,0.0,-6,9.666666666666666,9.97222222222,5,10,5,6,6,2,29,19.027777777780003,7↑
206,Jefferson,Lerma Solís,MID,CRY,?,"Lerma (MID, ?)",21,912,0,14,0,0,2,0,0,0,4,0,0,14,4,2.0,0.5,1.8333333333333333,0.5555555555555557,0.6871842709362769,90.0,0.0,78.66666666666667,15.111111111111107,17.24013405464767,1.0,1.0,1.1666666666666667,0.6666666666666666,0.8333333333333334,53.5,36.5,50.66666666666666,33.666666666666664,36.70301228933548,0.0,0.0,0.0,0.0,0.0,0.5,0.5,0.7777777777777778,0.7777777777777779,1.0304020550550783,0.0,0.0,0.0,0.0,0.0,0.0,0.0,0.0,0.0,0.0,0.0,0.0,0.1111111111111111,0.1975308641975308,0.3142696805273545,0.0,0.0,0.0,0.0,0.0,0.0,0.0,0.0,0.0,0.0,0.0,0.0,0.0,0.0,0.0,0.0,0.0,0.2222222222222222,0.345679012345679,0.415739709641549,0.0,0.0,0.0,0.0,0.0,0.0,0.0,0.0,0.0,0.0,1.0,0.0,1.5,0.5714285714285714,0.6267831705280087,78.5,11.5,65.14285714285714,25.12244897959184,28.08878053310137,0.0,0.0,0.0,0.0,0.0,1.0,1.0,1.0,0.7142857142857143,1.0690449676496976,0.0,0.0,0.0,0.0,0.0,0.0,0.0,0.0,0.0,0.0,0.0,0.0,0.1428571428571428,0.2448979591836734,0.3499271061118826,0.0,0.0,0.0,0.0,0.0,0.0,0.0,0.0,0.0,0.0,0.0,0.0,0.0,0.0,0.0,0.0,0.0,0.2857142857142857,0.4081632653061224,0.4517539514526256,0.0,0.0,0.0,0.0,0.0,0.0,0.0,0.0,0.0,0.0,5,5.555555555555555,0,0.0,-6,4.333333333333333,4.94444444444,5,2,2,1,0,2,7,2.05555555556,2↑
11,Eddie,Nketiah,FWD,CRY,?,"Nketiah (FWD, ?)",19,574,0,10,0,1,1,0,0,0,2,0,0,12,6,1.0,0.5,1.1666666666666667,0.9444444444444444,1.3437096247164249,13.0,12.5,14.333333333333334,10.11111111111111,11.883695646650592,1.0,1.0,1.0555555555555556,0.8518518518518517,1.078693768830422,18.0,18.0,31.88888888888889,30.40740740740741,34.17908536727116,0.0,0.0,0.0,0.0,0.0,0.0,0.0,0.5555555555555556,0.6790123456790123,0.7617394000445604,0.0,0.0,0.0,0.0,0.0,0.0,0.0,0.0555555555555555,0.1049382716049382,0.2290614236454256,0.0,0.0,0.0555555555555555,0.1049382716049382,0.2290614236454256,0.0,0.0,0.0,0.0,0.0,0.0,0.0,0.0,0.0,0.0,0.0,0.0,0.0,0.0,0.0,0.0,0.0,0.1111111111111111,0.1975308641975308,0.3142696805273545,0.0,0.0,0.0,0.0,0.0,0.0,0.0,0.0,0.0,0.0,1.5,0.5,1.5833333333333333,0.7500000000000001,0.9537935951882998,47.5,29.5,47.833333333333336,29.66666666666666,31.45852648947323,0.0,0.0,0.0,0.0,0.0,1.0,1.0,0.8333333333333334,0.6944444444444443,0.7993052538854533,0.0,0.0,0.0,0.0,0.0,0.0,0.0,0.0833333333333333,0.1527777777777777,0.2763853991962833,0.0,0.0,0.0833333333333333,0.1527777777777777,0.2763853991962833,0.0,0.0,0.0,0.0,0.0,0.0,0.0,0.0,0.0,0.0,0.0,0.0,0.0,0.0,0.0,0.0,0.0,0.1666666666666666,0.2777777777777777,0.3726779962499649,0.0,0.0,0.0,0.0,0.0,0.0,0.0,0.0,0.0,0.0,5,5.555555555555555,0,0.0,-6,4.333333333333333,4.94444444444,5,0,1,1,4,1,7,2.05555555556,2↑
645,Justin,Devenny,MID,CRY,?,"Devenny (MID, ?)",16,228,1,3,0,0,0,0,0,0,0,0,1,8,10,1.0,0.0,1.0,0.0,0.0,16.0,7.5,13.666666666666666,8.11111111111111,9.249624617007738,0.0,0.0,0.8888888888888888,0.9876543209876544,1.822357718539636,0.0,0.0,12.666666666666666,16.555555555555557,22.85704365057836,0.0,0.0,0.0555555555555555,0.1049382716049382,0.2290614236454256,0.0,0.0,0.1666666666666666,0.2777777777777778,0.3726779962499649,0.0,0.0,0.0,0.0,0.0,0.0,0.0,0.0,0.0,0.0,0.0,0.0,0.0,0.0,0.0,0.0,0.0,0.0,0.0,0.0,0.0,0.0,0.0,0.0,0.0,0.0,0.0,0.0,0.0,0.0,0.0,0.0,0.0,0.0,0.0,0.0,0.0,0.0,0.0,0.0,0.0,0.0,0.0555555555555555,0.1049382716049382,0.2290614236454256,1.0,0.0,2.0,1.5,2.29128784747792,20.0,12.0,28.5,22.25,26.911893281595777,0.0,0.0,0.125,0.21875,0.3307189138830738,0.0,0.0,0.375,0.46875,0.4841229182759271,0.0,0.0,0.0,0.0,0.0,0.0,0.0,0.0,0.0,0.0,0.0,0.0,0.0,0.0,0.0,0.0,0.0,0.0,0.0,0.0,0.0,0.0,0.0,0.0,0.0,0.0,0.0,0.0,0.0,0.0,0.0,0.0,0.0,0.0,0.0,0.0,0.0,0.0,0.0,0.0,0.0,0.0,0.125,0.21875,0.3307189138830738,5,0.0,0,0.0,-6,0.0,0.0,5,0,0,1,1,0,2,2.0,2↑
205,Daichi,Kamada,MID,CRY,?,"Kamada (MID, ?)",18,714,0,16,0,0,1,0,0,0,2,1,0,14,4,0.5,0.5,0.6666666666666666,0.6666666666666666,0.7453559924999299,4.0,4.0,16.333333333333332,19.11111111111111,22.223611067711047,1.0,1.0,1.0,0.6666666666666666,0.9428090415820634,28.5,28.5,39.66666666666666,33.51851851851851,35.823642100341125,0.0,0.0,0.0,0.0,0.0,0.5,0.5,0.8888888888888888,0.8888888888888888,1.0999438818457403,0.0,0.0,0.0,0.0,0.0,0.0,0.0,0.0,0.0,0.0,0.0,0.0,0.0555555555555555,0.1049382716049382,0.2290614236454256,0.0,0.0,0.0,0.0,0.0,0.0,0.0,0.0,0.0,0.0,0.0,0.0,0.0,0.0,0.0,0.0,0.0,0.1111111111111111,0.1975308641975308,0.3142696805273545,0.0,0.0,0.0555555555555555,0.1049382716049382,0.2290614236454256,0.0,0.0,0.0,0.0,0.0,1.0,0.0,1.2857142857142858,0.6530612244897959,0.8806305718527109,60.5,29.5,51.0,30.142857142857142,32.7414110874898,0.0,0.0,0.0,0.0,0.0,1.0,1.0,1.1428571428571428,0.8979591836734694,1.124858267715973,0.0,0.0,0.0,0.0,0.0,0.0,0.0,0.0,0.0,0.0,0.0,0.0,0.0714285714285714,0.1326530612244897,0.2575393768188563,0.0,0.0,0.0,0.0,0.0,0.0,0.0,0.0,0.0,0.0,0.0,0.0,0.0,0.0,0.0,0.0,0.0,0.1428571428571428,0.2448979591836734,0.3499271061118826,0.0,0.0,0.0714285714285714,0.1326530612244897,0.2575393768188563,0.0,0.0,0.0,0.0,0.0,5,5.555555555555555,0,0.0,-6,4.333333333333333,4.94444444444,5,1,1,1,3,1,7,2.05555555556,2↑
193,Cheick,Doucouré,MID,CRY,?,"C.Doucouré (MID, ?)",13,301,0,5,0,1,0,0,0,0,1,0,0,10,8,0.5,0.5,0.5,0.5,0.5,13.5,13.5,18.166666666666668,16.5,17.901737966527783,0.5,0.5,0.7222222222222222,0.7222222222222221,0.989138545264714,5.5,5.5,16.72222222222222,18.10493827160494,20.253410016191115,0.0,0.0,0.0,0.0,0.0,0.0,0.0,0.2777777777777778,0.4012345679012345,0.4479032082388083,0.0,0.0,0.0,0.0,0.0,0.0,0.0,0.0555555555555555,0.1049382716049382,0.2290614236454256,0.0,0.0,0.0,0.0,0.0,0.0,0.0,0.0,0.0,0.0,0.0,0.0,0.0,0.0,0.0,0.0,0.0,0.0,0.0,0.0,0.0,0.0,0.0555555555555555,0.1049382716049382,0.2290614236454256,0.0,0.0,0.0,0.0,0.0,0.0,0.0,0.0,0.0,0.0,1.0,0.0,1.3,0.6799999999999999,1.0049875621120892,32.5,12.5,30.1,15.9,18.32184488527288,0.0,0.0,0.0,0.0,0.0,0.5,0.5,0.5,0.5,0.5,0.0,0.0,0.0,0.0,0.0,0.0,0.0,0.1,0.18,0.3,0.0,0.0,0.0,0.0,0.0,0.0,0.0,0.0,0.0,0.0,0.0,0.0,0.0,0.0,0.0,0.0,0.0,0.0,0.0,0.0,0.0,0.0,0.1,0.18,0.3,0.0,0.0,0.0,0.0,0.0,0.0,0.0,0.0,0.0,0.0,5,2.7777777777777777,0,0.0,-6,2.1666666666666665,2.47222222222,5,1,2,3,0,0,6,3.52777777778,3↑
214,Jeffrey,Schlupp,MID,CRY,?,"Schlupp (MID, ?)",11,94,0,3,0,0,0,0,0,0,0,0,0,11,7,0.0,0.0,0.3333333333333333,0.4444444444444444,0.4714045207910317,0.0,0.0,2.5,3.333333333333333,3.640054944640259,1.0,0.0,0.6111111111111112,0.4753086419753086,0.4874980215217845,1.0,1.0,5.222222222222222,5.8271604938271615,6.545189544454729,0.0,0.0,0.0,0.0,0.0,0.0,0.0,0.1666666666666666,0.2777777777777778,0.3726779962499649,0.0,0.0,0.0,0.0,0.0,0.0,0.0,0.0,0.0,0.0,0.0,0.0,0.0,0.0,0.0,0.0,0.0,0.0,0.0,0.0,0.0,0.0,0.0,0.0,0.0,0.0,0.0,0.0,0.0,0.0,0.0,0.0,0.0,0.0,0.0,0.0,0.0,0.0,0.0,0.0,0.0,0.0,0.0,0.0,0.0,1.0,0.0,1.0,0.0,0.0,9.0,7.0,8.545454545454545,5.768595041322314,6.457745685519288,0.0,0.0,0.0,0.0,0.0,0.0,0.0,0.2727272727272727,0.396694214876033,0.4453617714151233,0.0,0.0,0.0,0.0,0.0,0.0,0.0,0.0,0.0,0.0,0.0,0.0,0.0,0.0,0.0,0.0,0.0,0.0,0.0,0.0,0.0,0.0,0.0,0.0,0.0,0.0,0.0,0.0,0.0,0.0,0.0,0.0,0.0,0.0,0.0,0.0,0.0,0.0,0.0,0.0,0.0,0.0,0.0,0.0,0.0,5,5.0,0,0.0,-6,5.0,5.0,5,0,0,0,1,0,1,-4.0,3↓
194,Chris,Richards,DEF,CRY,?,"C.Richards (DEF, ?)",11,443,0,10,0,0,1,0,0,0,1,0,0,7,11,0.0,0.0,0.1666666666666666,0.2777777777777778,0.372677996249965,0.0,0.0,16.5,24.5,33.03407331831786,0.0,0.0,0.6111111111111112,0.882716049382716,1.4196591487978485,0.0,0.0,24.61111111111111,34.43827160493827,38.56327972579454,0.0,0.0,0.0,0.0,0.0,0.0,0.0,0.5555555555555556,0.8641975308641974,1.257078722109418,0.0,0.0,0.0,0.0,0.0,0.0,0.0,0.0,0.0,0.0,0.0,0.0,0.0555555555555555,0.1049382716049382,0.2290614236454256,0.0,0.0,0.0,0.0,0.0,0.0,0.0,0.0,0.0,0.0,0.0,0.0,0.0,0.0,0.0,0.0,0.0,0.0555555555555555,0.1049382716049382,0.2290614236454256,0.0,0.0,0.0,0.0,0.0,0.0,0.0,0.0,0.0,0.0,1.0,1.0,1.5714285714285714,1.3877551020408163,1.91662969499982,83.0,7.0,63.285714285714285,33.30612244897959,37.1010754011035,0.0,0.0,0.0,0.0,0.0,1.0,1.0,1.4285714285714286,1.346938775510204,1.6781914463529617,0.0,0.0,0.0,0.0,0.0,0.0,0.0,0.0,0.0,0.0,0.0,0.0,0.1428571428571428,0.2448979591836734,0.3499271061118826,0.0,0.0,0.0,0.0,0.0,0.0,0.0,0.0,0.0,0.0,0.0,0.0,0.0,0.0,0.0,0.0,0.0,0.1428571428571428,0.2448979591836734,0.3499271061118826,0.0,0.0,0.0,0.0,0.0,0.0,0.0,0.0,0.0,0.0,5,0.0,-2,0.0,0,0.0,0.0,5,2,2,6,6,1,17,17.0,6↑
666,Caleb,Kporha,DEF,CRY,?,"Kporha (DEF, ?)",2,11,0,1,0,0,0,0,0,0,0,0,0,2,16,0.0,0.0,0.1666666666666666,0.2777777777777778,0.3726779962499649,0.0,0.0,1.6666666666666667,2.777777777777778,3.72677996249965,0.0,0.0,0.1111111111111111,0.1975308641975308,0.3142696805273545,0.0,0.0,0.6111111111111112,1.08641975308642,2.288592213782887,0.0,0.0,0.0,0.0,0.0,0.0,0.0,0.0555555555555555,0.1049382716049382,0.2290614236454256,0.0,0.0,0.0,0.0,0.0,0.0,0.0,0.0,0.0,0.0,0.0,0.0,0.0,0.0,0.0,0.0,0.0,0.0,0.0,0.0,0.0,0.0,0.0,0.0,0.0,0.0,0.0,0.0,0.0,0.0,0.0,0.0,0.0,0.0,0.0,0.0,0.0,0.0,0.0,0.0,0.0,0.0,0.0,0.0,0.0,1.0,0.0,1.0,0.0,0.0,5.5,4.5,5.5,4.5,4.5,0.0,0.0,0.0,0.0,0.0,0.5,0.5,0.5,0.5,0.5,0.0,0.0,0.0,0.0,0.0,0.0,0.0,0.0,0.0,0.0,0.0,0.0,0.0,0.0,0.0,0.0,0.0,0.0,0.0,0.0,0.0,0.0,0.0,0.0,0.0,0.0,0.0,0.0,0.0,0.0,0.0,0.0,0.0,0.0,0.0,0.0,0.0,0.0,0.0,0.0,0.0,0.0,0.0,0.0,0.0,5,0.0,-2,0.0,0,0.0,0.0,5,0,0,0,0,0,0,0.0,~
216,Adam,Wharton,MID,CRY,?,"Wharton (MID, ?)",15,621,0,9,0,0,1,0,0,0,0,0,0,8,10,0.0,0.0,0.0,0.0,0.0,0.0,0.0,0.0,0.0,0.0,0.0,0.0,0.8333333333333334,0.925925925925926,1.0137937550497031,0.0,0.0,34.5,38.333333333333336,40.03366638773477,0.0,0.0,0.0,0.0,0.0,0.0,0.0,0.5,0.6666666666666666,0.7637626158259734,0.0,0.0,0.0,0.0,0.0,0.0,0.0,0.0,0.0,0.0,0.0,0.0,0.0555555555555555,0.1049382716049382,0.2290614236454256,0.0,0.0,0.0,0.0,0.0,0.0,0.0,0.0,0.0,0.0,0.0,0.0,0.0,0.0,0.0,0.0,0.0,0.0,0.0,0.0,0.0,0.0,0.0,0.0,0.0,0.0,0.0,0.0,0.0,0.0,2.0,0.0,1.875,0.4375,0.5994789404140899,87.0,3.0,77.625,13.96875,16.077449269084944,0.0,0.0,0.0,0.0,0.0,1.0,1.0,1.125,0.65625,0.7806247497997998,0.0,0.0,0.0,0.0,0.0,0.0,0.0,0.0,0.0,0.0,0.0,0.0,0.125,0.21875,0.3307189138830738,0.0,0.0,0.0,0.0,0.0,0.0,0.0,0.0,0.0,0.0,0.0,0.0,0.0,0.0,0.0,0.0,0.0,0.0,0.0,0.0,0.0,0.0,0.0,0.0,0.0,0.0,0.0,0.0,0.0,0.0,5,0.0,0,0.0,-6,0.0,0.0,5,0,0,0,0,0,0,0.0,~
196,Nathaniel,Clyne,DEF,CRY,?,"Clyne (DEF, ?)",13,378,0,9,0,0,1,0,0,0,1,0,0,8,10,0.0,0.0,0.0,0.3333333333333333,0.5773502691896257,0.0,0.0,14.0,21.666666666666668,29.126162351626988,0.0,0.0,0.7222222222222222,0.993827160493827,1.4834477692020769,0.0,0.0,21.0,29.0,32.90052346763565,0.0,0.0,0.0,0.0,0.0,0.0,0.0,0.5,0.7222222222222222,1.0137937550497031,0.0,0.0,0.0,0.0,0.0,0.0,0.0,0.0,0.0,0.0,0.0,0.0,0.0555555555555555,0.1049382716049382,0.2290614236454256,0.0,0.0,0.0,0.0,0.0,0.0,0.0,0.0,0.0,0.0,0.0,0.0,0.0,0.0,0.0,0.0,0.0,0.0555555555555555,0.1049382716049382,0.2290614236454256,0.0,0.0,0.0,0.0,0.0,0.0,0.0,0.0,0.0,0.0,1.0,0.5,1.625,1.28125,1.8666480653835096,62.0,22.5,47.25,32.4375,34.571483913769164,0.0,0.0,0.0,0.0,0.0,1.0,1.0,1.125,0.9375,1.2686114456365274,0.0,0.0,0.0,0.0,0.0,0.0,0.0,0.0,0.0,0.0,0.0,0.0,0.125,0.21875,0.3307189138830738,0.0,0.0,0.0,0.0,0.0,0.0,0.0,0.0,0.0,0.0,0.0,0.0,0.0,0.0,0.0,0.0,0.0,0.125,0.21875,0.3307189138830738,0.0,0.0,0.0,0.0,0.0,0.0,0.0,0.0,0.0,0.0,5,0.0,-2,0.0,0,0.0,0.0,5,0,0,1,1,0,2,2.0,2↑
646,Asher,Agbinone,MID,CRY,?,"Agbinone (MID, ?)",2,4,0,0,0,0,0,0,0,0,0,0,0,2,16,0.0,0.0,0.0,0.0,0.0,0.0,0.0,0.0,0.0,0.0,0.0,0.0,0.1111111111111111,0.1975308641975308,0.3142696805273545,0.0,0.0,0.2222222222222222,0.3950617283950617,0.628539361054709,0.0,0.0,0.0,0.0,0.0,0.0,0.0,0.0,0.0,0.0,0.0,0.0,0.0,0.0,0.0,0.0,0.0,0.0,0.0,0.0,0.0,0.0,0.0,0.0,0.0,0.0,0.0,0.0,0.0,0.0,0.0,0.0,0.0,0.0,0.0,0.0,0.0,0.0,0.0,0.0,0.0,0.0,0.0,0.0,0.0,0.0,0.0,0.0,0.0,0.0,0.0,0.0,0.0,0.0,0.0,1.0,0.0,1.0,0.0,0.0,2.0,0.0,2.0,0.0,0.0,0.0,0.0,0.0,0.0,0.0,0.0,0.0,0.0,0.0,0.0,0.0,0.0,0.0,0.0,0.0,0.0,0.0,0.0,0.0,0.0,0.0,0.0,0.0,0.0,0.0,0.0,0.0,0.0,0.0,0.0,0.0,0.0,0.0,0.0,0.0,0.0,0.0,0.0,0.0,0.0,0.0,0.0,0.0,0.0,0.0,0.0,0.0,0.0,0.0,0.0,0.0,0.0,0.0,0.0,0.0,5,0.0,0,0.0,-6,0.0,0.0,5,0,0,0,0,0,0,0.0,~
195,Chadi,Riad Dnanou,DEF,CRY,?,"Chadi Riad (DEF, ?)",1,90,0,2,0,0,0,0,0,0,0,0,0,1,17,0.0,0.0,0.0,0.0,0.0,0.0,0.0,0.0,0.0,0.0,0.0,0.0,0.0555555555555555,0.1049382716049382,0.2290614236454256,0.0,0.0,5.0,9.444444444444445,20.615528128088304,0.0,0.0,0.0,0.0,0.0,0.0,0.0,0.1111111111111111,0.2098765432098765,0.4581228472908512,0.0,0.0,0.0,0.0,0.0,0.0,0.0,0.0,0.0,0.0,0.0,0.0,0.0,0.0,0.0,0.0,0.0,0.0,0.0,0.0,0.0,0.0,0.0,0.0,0.0,0.0,0.0,0.0,0.0,0.0,0.0,0.0,0.0,0.0,0.0,0.0,0.0,0.0,0.0,0.0,0.0,0.0,0.0,0.0,0.0,1.0,0.0,1.0,0.0,0.0,90.0,0.0,90.0,0.0,0.0,0.0,0.0,0.0,0.0,0.0,2.0,0.0,2.0,0.0,0.0,0.0,0.0,0.0,0.0,0.0,0.0,0.0,0.0,0.0,0.0,0.0,0.0,0.0,0.0,0.0,0.0,0.0,0.0,0.0,0.0,0.0,0.0,0.0,0.0,0.0,0.0,0.0,0.0,0.0,0.0,0.0,0.0,0.0,0.0,0.0,0.0,0.0,0.0,0.0,0.0,0.0,0.0,0.0,0.0,0.0,5,0.0,-2,0.0,0,0.0,0.0,5,0,0,0,0,0,0,0.0,~
190,Naouirou,Ahamada,MID,CRY,?,"Ahamada (MID, ?)",0,0,0,0,0,0,0,0,0,0,0,0,0,0,18,0.0,0.0,0.0,0.0,0.0,0.0,0.0,0.0,0.0,0.0,0.0,0.0,0.0,0.0,0.0,0.0,0.0,0.0,0.0,0.0,0.0,0.0,0.0,0.0,0.0,0.0,0.0,0.0,0.0,0.0,0.0,0.0,0.0,0.0,0.0,0.0,0.0,0.0,0.0,0.0,0.0,0.0,0.0,0.0,0.0,0.0,0.0,0.0,0.0,0.0,0.0,0.0,0.0,0.0,0.0,0.0,0.0,0.0,0.0,0.0,0.0,0.0,0.0,0.0,0.0,0.0,0.0,0.0,0.0,0.0,0.0,0.0,0.0,0.0,0.0,0.0,0.0,0.0,0.0,0.0,0.0,0.0,0.0,0.0,0.0,0.0,0.0,0.0,0.0,0.0,0.0,0.0,0.0,0.0,0.0,0.0,0.0,0.0,0.0,0.0,0.0,0.0,0.0,0.0,0.0,0.0,0.0,0.0,0.0,0.0,0.0,0.0,0.0,0.0,0.0,0.0,0.0,0.0,0.0,0.0,0.0,0.0,0.0,0.0,0.0,0.0,0.0,0.0,0.0,0.0,0.0,0.0,0.0,0.0,0.0,0.0,0.0,0.0,0.0,0.0,5,0.0,0,0.0,-6,0.0,0.0,5,0,0,0,0,0,0,0.0,~
197,Malcolm,Ebiowei,MID,CRY,?,"Ebiowei (MID, ?)",0,0,0,0,0,0,0,0,0,0,0,0,0,0,18,0.0,0.0,0.0,0.0,0.0,0.0,0.0,0.0,0.0,0.0,0.0,0.0,0.0,0.0,0.0,0.0,0.0,0.0,0.0,0.0,0.0,0.0,0.0,0.0,0.0,0.0,0.0,0.0,0.0,0.0,0.0,0.0,0.0,0.0,0.0,0.0,0.0,0.0,0.0,0.0,0.0,0.0,0.0,0.0,0.0,0.0,0.0,0.0,0.0,0.0,0.0,0.0,0.0,0.0,0.0,0.0,0.0,0.0,0.0,0.0,0.0,0.0,0.0,0.0,0.0,0.0,0.0,0.0,0.0,0.0,0.0,0.0,0.0,0.0,0.0,0.0,0.0,0.0,0.0,0.0,0.0,0.0,0.0,0.0,0.0,0.0,0.0,0.0,0.0,0.0,0.0,0.0,0.0,0.0,0.0,0.0,0.0,0.0,0.0,0.0,0.0,0.0,0.0,0.0,0.0,0.0,0.0,0.0,0.0,0.0,0.0,0.0,0.0,0.0,0.0,0.0,0.0,0.0,0.0,0.0,0.0,0.0,0.0,0.0,0.0,0.0,0.0,0.0,0.0,0.0,0.0,0.0,0.0,0.0,0.0,0.0,0.0,0.0,0.0,0.0,5,0.0,0,0.0,-6,0.0,0.0,5,0,0,0,0,0,0,0.0,~
202,Rob,Holding,DEF,CRY,?,"Holding (DEF, ?)",0,0,0,0,0,0,0,0,0,0,0,0,0,0,18,0.0,0.0,0.0,0.0,0.0,0.0,0.0,0.0,0.0,0.0,0.0,0.0,0.0,0.0,0.0,0.0,0.0,0.0,0.0,0.0,0.0,0.0,0.0,0.0,0.0,0.0,0.0,0.0,0.0,0.0,0.0,0.0,0.0,0.0,0.0,0.0,0.0,0.0,0.0,0.0,0.0,0.0,0.0,0.0,0.0,0.0,0.0,0.0,0.0,0.0,0.0,0.0,0.0,0.0,0.0,0.0,0.0,0.0,0.0,0.0,0.0,0.0,0.0,0.0,0.0,0.0,0.0,0.0,0.0,0.0,0.0,0.0,0.0,0.0,0.0,0.0,0.0,0.0,0.0,0.0,0.0,0.0,0.0,0.0,0.0,0.0,0.0,0.0,0.0,0.0,0.0,0.0,0.0,0.0,0.0,0.0,0.0,0.0,0.0,0.0,0.0,0.0,0.0,0.0,0.0,0.0,0.0,0.0,0.0,0.0,0.0,0.0,0.0,0.0,0.0,0.0,0.0,0.0,0.0,0.0,0.0,0.0,0.0,0.0,0.0,0.0,0.0,0.0,0.0,0.0,0.0,0.0,0.0,0.0,0.0,0.0,0.0,0.0,0.0,0.0,5,0.0,-2,0.0,0,0.0,0.0,5,0,0,0,0,0,0,0.0,~
208,Matheus,França de Oliveira,MID,CRY,?,"M.França (MID, ?)",0,0,0,0,0,0,0,0,0,0,0,0,0,0,18,0.0,0.0,0.0,0.0,0.0,0.0,0.0,0.0,0.0,0.0,0.0,0.0,0.0,0.0,0.0,0.0,0.0,0.0,0.0,0.0,0.0,0.0,0.0,0.0,0.0,0.0,0.0,0.0,0.0,0.0,0.0,0.0,0.0,0.0,0.0,0.0,0.0,0.0,0.0,0.0,0.0,0.0,0.0,0.0,0.0,0.0,0.0,0.0,0.0,0.0,0.0,0.0,0.0,0.0,0.0,0.0,0.0,0.0,0.0,0.0,0.0,0.0,0.0,0.0,0.0,0.0,0.0,0.0,0.0,0.0,0.0,0.0,0.0,0.0,0.0,0.0,0.0,0.0,0.0,0.0,0.0,0.0,0.0,0.0,0.0,0.0,0.0,0.0,0.0,0.0,0.0,0.0,0.0,0.0,0.0,0.0,0.0,0.0,0.0,0.0,0.0,0.0,0.0,0.0,0.0,0.0,0.0,0.0,0.0,0.0,0.0,0.0,0.0,0.0,0.0,0.0,0.0,0.0,0.0,0.0,0.0,0.0,0.0,0.0,0.0,0.0,0.0,0.0,0.0,0.0,0.0,0.0,0.0,0.0,0.0,0.0,0.0,0.0,0.0,0.0,5,0.0,0,0.0,-6,0.0,0.0,5,0,0,0,0,0,0,0.0,~
209,Remi,Matthews,GKP,CRY,?,"Matthews (GKP, ?)",0,0,0,0,0,0,0,0,0,0,0,0,0,0,18,0.0,0.0,0.0,0.0,0.0,0.0,0.0,0.0,0.0,0.0,0.0,0.0,0.0,0.0,0.0,0.0,0.0,0.0,0.0,0.0,0.0,0.0,0.0,0.0,0.0,0.0,0.0,0.0,0.0,0.0,0.0,0.0,0.0,0.0,0.0,0.0,0.0,0.0,0.0,0.0,0.0,0.0,0.0,0.0,0.0,0.0,0.0,0.0,0.0,0.0,0.0,0.0,0.0,0.0,0.0,0.0,0.0,0.0,0.0,0.0,0.0,0.0,0.0,0.0,0.0,0.0,0.0,0.0,0.0,0.0,0.0,0.0,0.0,0.0,0.0,0.0,0.0,0.0,0.0,0.0,0.0,0.0,0.0,0.0,0.0,0.0,0.0,0.0,0.0,0.0,0.0,0.0,0.0,0.0,0.0,0.0,0.0,0.0,0.0,0.0,0.0,0.0,0.0,0.0,0.0,0.0,0.0,0.0,0.0,0.0,0.0,0.0,0.0,0.0,0.0,0.0,0.0,0.0,0.0,0.0,0.0,0.0,0.0,0.0,0.0,0.0,0.0,0.0,0.0,0.0,0.0,0.0,0.0,0.0,0.0,0.0,0.0,0.0,0.0,0.0,5,0.0,-2,0.0,0,0.0,0.0,5,0,0,0,0,0,0,0.0,~
212,David,Ozoh,MID,CRY,?,"Ozoh (MID, ?)",0,0,0,0,0,0,0,0,0,0,0,0,0,0,18,0.0,0.0,0.0,0.0,0.0,0.0,0.0,0.0,0.0,0.0,0.0,0.0,0.0,0.0,0.0,0.0,0.0,0.0,0.0,0.0,0.0,0.0,0.0,0.0,0.0,0.0,0.0,0.0,0.0,0.0,0.0,0.0,0.0,0.0,0.0,0.0,0.0,0.0,0.0,0.0,0.0,0.0,0.0,0.0,0.0,0.0,0.0,0.0,0.0,0.0,0.0,0.0,0.0,0.0,0.0,0.0,0.0,0.0,0.0,0.0,0.0,0.0,0.0,0.0,0.0,0.0,0.0,0.0,0.0,0.0,0.0,0.0,0.0,0.0,0.0,0.0,0.0,0.0,0.0,0.0,0.0,0.0,0.0,0.0,0.0,0.0,0.0,0.0,0.0,0.0,0.0,0.0,0.0,0.0,0.0,0.0,0.0,0.0,0.0,0.0,0.0,0.0,0.0,0.0,0.0,0.0,0.0,0.0,0.0,0.0,0.0,0.0,0.0,0.0,0.0,0.0,0.0,0.0,0.0,0.0,0.0,0.0,0.0,0.0,0.0,0.0,0.0,0.0,0.0,0.0,0.0,0.0,0.0,0.0,0.0,0.0,0.0,0.0,0.0,0.0,5,0.0,0,0.0,-6,0.0,0.0,5,0,0,0,0,0,0,0.0,~
213,Jesurun,Rak-Sakyi,MID,CRY,?,"Rak-Sakyi (MID, ?)",0,0,0,0,0,0,0,0,0,0,0,0,0,0,18,0.0,0.0,0.0,0.0,0.0,0.0,0.0,0.0,0.0,0.0,0.0,0.0,0.0,0.0,0.0,0.0,0.0,0.0,0.0,0.0,0.0,0.0,0.0,0.0,0.0,0.0,0.0,0.0,0.0,0.0,0.0,0.0,0.0,0.0,0.0,0.0,0.0,0.0,0.0,0.0,0.0,0.0,0.0,0.0,0.0,0.0,0.0,0.0,0.0,0.0,0.0,0.0,0.0,0.0,0.0,0.0,0.0,0.0,0.0,0.0,0.0,0.0,0.0,0.0,0.0,0.0,0.0,0.0,0.0,0.0,0.0,0.0,0.0,0.0,0.0,0.0,0.0,0.0,0.0,0.0,0.0,0.0,0.0,0.0,0.0,0.0,0.0,0.0,0.0,0.0,0.0,0.0,0.0,0.0,0.0,0.0,0.0,0.0,0.0,0.0,0.0,0.0,0.0,0.0,0.0,0.0,0.0,0.0,0.0,0.0,0.0,0.0,0.0,0.0,0.0,0.0,0.0,0.0,0.0,0.0,0.0,0.0,0.0,0.0,0.0,0.0,0.0,0.0,0.0,0.0,0.0,0.0,0.0,0.0,0.0,0.0,0.0,0.0,0.0,0.0,5,0.0,0,0.0,-6,0.0,0.0,5,0,0,0,0,0,0,0.0,~
215,Joel,Ward,DEF,CRY,?,"Ward (DEF, ?)",0,0,0,0,0,0,0,0,0,0,0,0,0,0,18,0.0,0.0,0.0,0.0,0.0,0.0,0.0,0.0,0.0,0.0,0.0,0.0,0.0,0.0,0.0,0.0,0.0,0.0,0.0,0.0,0.0,0.0,0.0,0.0,0.0,0.0,0.0,0.0,0.0,0.0,0.0,0.0,0.0,0.0,0.0,0.0,0.0,0.0,0.0,0.0,0.0,0.0,0.0,0.0,0.0,0.0,0.0,0.0,0.0,0.0,0.0,0.0,0.0,0.0,0.0,0.0,0.0,0.0,0.0,0.0,0.0,0.0,0.0,0.0,0.0,0.0,0.0,0.0,0.0,0.0,0.0,0.0,0.0,0.0,0.0,0.0,0.0,0.0,0.0,0.0,0.0,0.0,0.0,0.0,0.0,0.0,0.0,0.0,0.0,0.0,0.0,0.0,0.0,0.0,0.0,0.0,0.0,0.0,0.0,0.0,0.0,0.0,0.0,0.0,0.0,0.0,0.0,0.0,0.0,0.0,0.0,0.0,0.0,0.0,0.0,0.0,0.0,0.0,0.0,0.0,0.0,0.0,0.0,0.0,0.0,0.0,0.0,0.0,0.0,0.0,0.0,0.0,0.0,0.0,0.0,0.0,0.0,0.0,0.0,0.0,5,0.0,-2,0.0,0,0.0,0.0,5,0,0,0,0,0,0,0.0,~
445,Matt,Turner,GKP,CRY,?,"Turner (GKP, ?)",0,0,0,0,0,0,0,0,0,0,0,0,0,0,18,0.0,0.0,0.0,0.0,0.0,0.0,0.0,0.0,0.0,0.0,0.0,0.0,0.0,0.0,0.0,0.0,0.0,0.0,0.0,0.0,0.0,0.0,0.0,0.0,0.0,0.0,0.0,0.0,0.0,0.0,0.0,0.0,0.0,0.0,0.0,0.0,0.0,0.0,0.0,0.0,0.0,0.0,0.0,0.0,0.0,0.0,0.0,0.0,0.0,0.0,0.0,0.0,0.0,0.0,0.0,0.0,0.0,0.0,0.0,0.0,0.0,0.0,0.0,0.0,0.0,0.0,0.0,0.0,0.0,0.0,0.0,0.0,0.0,0.0,0.0,0.0,0.0,0.0,0.0,0.0,0.0,0.0,0.0,0.0,0.0,0.0,0.0,0.0,0.0,0.0,0.0,0.0,0.0,0.0,0.0,0.0,0.0,0.0,0.0,0.0,0.0,0.0,0.0,0.0,0.0,0.0,0.0,0.0,0.0,0.0,0.0,0.0,0.0,0.0,0.0,0.0,0.0,0.0,0.0,0.0,0.0,0.0,0.0,0.0,0.0,0.0,0.0,0.0,0.0,0.0,0.0,0.0,0.0,0.0,0.0,0.0,0.0,0.0,0.0,0.0,5,0.0,-2,0.0,0,0.0,0.0,5,0,0,0,0,0,0,0.0,~
644,Franco,Umeh-Chibueze,MID,CRY,?,"Umeh-Chibueze (MID, ?)",0,0,0,0,0,0,0,0,0,0,0,0,0,0,18,0.0,0.0,0.0,0.0,0.0,0.0,0.0,0.0,0.0,0.0,0.0,0.0,0.0,0.0,0.0,0.0,0.0,0.0,0.0,0.0,0.0,0.0,0.0,0.0,0.0,0.0,0.0,0.0,0.0,0.0,0.0,0.0,0.0,0.0,0.0,0.0,0.0,0.0,0.0,0.0,0.0,0.0,0.0,0.0,0.0,0.0,0.0,0.0,0.0,0.0,0.0,0.0,0.0,0.0,0.0,0.0,0.0,0.0,0.0,0.0,0.0,0.0,0.0,0.0,0.0,0.0,0.0,0.0,0.0,0.0,0.0,0.0,0.0,0.0,0.0,0.0,0.0,0.0,0.0,0.0,0.0,0.0,0.0,0.0,0.0,0.0,0.0,0.0,0.0,0.0,0.0,0.0,0.0,0.0,0.0,0.0,0.0,0.0,0.0,0.0,0.0,0.0,0.0,0.0,0.0,0.0,0.0,0.0,0.0,0.0,0.0,0.0,0.0,0.0,0.0,0.0,0.0,0.0,0.0,0.0,0.0,0.0,0.0,0.0,0.0,0.0,0.0,0.0,0.0,0.0,0.0,0.0,0.0,0.0,0.0,0.0,0.0,0.0,0.0,0.0,5,0.0,0,0.0,-6,0.0,0.0,5,0,0,0,0,0,0,0.0,~
647,Kaden,Rodney,MID,CRY,?,"Rodney (MID, ?)",0,0,0,0,0,0,0,0,0,0,0,0,0,0,18,0.0,0.0,0.0,0.0,0.0,0.0,0.0,0.0,0.0,0.0,0.0,0.0,0.0,0.0,0.0,0.0,0.0,0.0,0.0,0.0,0.0,0.0,0.0,0.0,0.0,0.0,0.0,0.0,0.0,0.0,0.0,0.0,0.0,0.0,0.0,0.0,0.0,0.0,0.0,0.0,0.0,0.0,0.0,0.0,0.0,0.0,0.0,0.0,0.0,0.0,0.0,0.0,0.0,0.0,0.0,0.0,0.0,0.0,0.0,0.0,0.0,0.0,0.0,0.0,0.0,0.0,0.0,0.0,0.0,0.0,0.0,0.0,0.0,0.0,0.0,0.0,0.0,0.0,0.0,0.0,0.0,0.0,0.0,0.0,0.0,0.0,0.0,0.0,0.0,0.0,0.0,0.0,0.0,0.0,0.0,0.0,0.0,0.0,0.0,0.0,0.0,0.0,0.0,0.0,0.0,0.0,0.0,0.0,0.0,0.0,0.0,0.0,0.0,0.0,0.0,0.0,0.0,0.0,0.0,0.0,0.0,0.0,0.0,0.0,0.0,0.0,0.0,0.0,0.0,0.0,0.0,0.0,0.0,0.0,0.0,0.0,0.0,0.0,0.0,0.0,5,0.0,0,0.0,-6,0.0,0.0,5,0,0,0,0,0,0,0.0,~
676,Zach,Marsh,FWD,CRY,?,"Marsh (FWD, ?)",0,0,0,0,0,0,0,0,0,0,0,0,0,0,18,0.0,0.0,0.0,0.0,0.0,0.0,0.0,0.0,0.0,0.0,0.0,0.0,0.0,0.0,0.0,0.0,0.0,0.0,0.0,0.0,0.0,0.0,0.0,0.0,0.0,0.0,0.0,0.0,0.0,0.0,0.0,0.0,0.0,0.0,0.0,0.0,0.0,0.0,0.0,0.0,0.0,0.0,0.0,0.0,0.0,0.0,0.0,0.0,0.0,0.0,0.0,0.0,0.0,0.0,0.0,0.0,0.0,0.0,0.0,0.0,0.0,0.0,0.0,0.0,0.0,0.0,0.0,0.0,0.0,0.0,0.0,0.0,0.0,0.0,0.0,0.0,0.0,0.0,0.0,0.0,0.0,0.0,0.0,0.0,0.0,0.0,0.0,0.0,0.0,0.0,0.0,0.0,0.0,0.0,0.0,0.0,0.0,0.0,0.0,0.0,0.0,0.0,0.0,0.0,0.0,0.0,0.0,0.0,0.0,0.0,0.0,0.0,0.0,0.0,0.0,0.0,0.0,0.0,0.0,0.0,0.0,0.0,0.0,0.0,0.0,0.0,0.0,0.0,0.0,0.0,0.0,0.0,0.0,0.0,0.0,0.0,0.0,0.0,0.0,0.0,5,0.0,0,0.0,-6,0.0,0.0,5,0,0,0,0,0,0,0.0,~
235,Jordan,Pickford,GKP,EVE,?,"Pickford (GKP, ?)",82,1530,0,22,0,0,7,49,2,0,3,0,10,17,0,6.5,2.0,5.0,3.333333333333333,3.651483716701108,90.0,0.0,75.0,25.0,33.54101966249684,2.0,2.0,4.823529411764706,3.460207612456747,4.047298214534017,90.0,0.0,90.0,0.0,0.0,0.0,0.0,0.0,0.0,0.0,1.0,1.0,1.2941176470588236,1.2387543252595157,1.4456712620522951,0.0,0.0,0.0,0.0,0.0,0.0,0.0,0.0,0.0,0.0,0.0,0.0,0.4117647058823529,0.4844290657439447,0.4921529567847503,3.0,1.0,2.8823529411764706,1.1833910034602075,1.409311594201287,0.0,0.0,0.1176470588235294,0.2076124567474048,0.3221897397089212,0.0,0.0,0.0,0.0,0.0,0.0,0.0,0.1764705882352941,0.2906574394463668,0.3812200410828152,0.0,0.0,0.0,0.0,0.0,0.0,0.0,0.5882352941176471,0.8304498269896193,1.0323487514578966,2.0,2.0,4.823529411764706,3.460207612456747,4.047298214534017,90.0,0.0,90.0,0.0,0.0,0.0,0.0,0.0,0.0,0.0,1.0,1.0,1.2941176470588236,1.2387543252595157,1.4456712620522951,0.0,0.0,0.0,0.0,0.0,0.0,0.0,0.0,0.0,0.0,0.0,0.0,0.4117647058823529,0.4844290657439447,0.4921529567847503,3.0,1.0,2.8823529411764706,1.1833910034602075,1.409311594201287,0.0,0.0,0.1176470588235294,0.2076124567474048,0.3221897397089212,0.0,0.0,0.0,0.0,0.0,0.0,0.0,0.1764705882352941,0.2906574394463668,0.3812200410828152,0.0,0.0,0.0,0.0,0.0,0.0,0.0,0.5882352941176471,0.8304498269896193,1.0323487514578966,-14,6.888888888888889,9,12.0,0,0.0,9.44444444444,5,1,4,1,2,5,13,3.55555555556,3↑
231,Vitalii,Mykolenko,DEF,EVE,?,"Mykolenko (DEF, ?)",53,1285,0,18,0,1,6,0,0,0,2,0,5,15,2,4.0,3.5,4.166666666666667,4.166666666666667,4.412734098291242,90.0,0.0,75.0,25.0,33.54101966249684,2.0,2.0,3.117647058823529,2.9757785467128026,3.3586123349694583,90.0,0.0,75.58823529411765,23.73702422145329,31.5241435458218,0.0,0.0,0.0,0.0,0.0,0.0,0.0,1.0588235294117647,1.14878892733564,1.4336538361122284,0.0,0.0,0.0,0.0,0.0,0.0,0.0,0.0588235294117647,0.1107266435986159,0.2352941176470588,0.0,0.0,0.3529411764705882,0.4567474048442906,0.4778846120374094,0.0,0.0,0.0,0.0,0.0,0.0,0.0,0.0,0.0,0.0,0.0,0.0,0.0,0.0,0.0,0.0,0.0,0.1176470588235294,0.2076124567474048,0.3221897397089212,0.0,0.0,0.0,0.0,0.0,0.0,0.0,0.2941176470588235,0.4498269896193771,0.5703152773430975,2.0,2.0,3.533333333333333,3.04,3.363860216411431,90.0,0.0,85.66666666666667,8.088888888888885,16.21384867602041,0.0,0.0,0.0,0.0,0.0,1.0,1.0,1.2,1.2266666666666663,1.469693845669907,0.0,0.0,0.0,0.0,0.0,0.0,0.0,0.0666666666666666,0.1244444444444444,0.2494438257849294,0.0,0.0,0.4,0.4799999999999999,0.4898979485566356,0.0,0.0,0.0,0.0,0.0,0.0,0.0,0.0,0.0,0.0,0.0,0.0,0.0,0.0,0.0,0.0,0.0,0.1333333333333333,0.2311111111111111,0.339934634239519,0.0,0.0,0.0,0.0,0.0,0.0,0.0,0.3333333333333333,0.4888888888888889,0.5962847939999439,-14,6.888888888888889,9,12.0,0,0.0,9.44444444444,5,1,2,2,1,6,12,2.55555555556,2↑
236,James,Tarkowski,DEF,EVE,?,"Tarkowski (DEF, ?)",57,1521,0,22,0,0,7,0,0,0,3,0,5,17,0,4.0,2.0,3.333333333333333,2.6666666666666665,2.748737083745107,90.0,0.0,73.5,24.5,33.03407331831786,2.0,2.0,3.3529411764705883,2.7681660899653977,2.929388140703231,90.0,0.0,89.47058823529412,0.9965397923875448,2.11764705882353,0.0,0.0,0.0,0.0,0.0,1.0,1.0,1.2941176470588236,1.2387543252595157,1.4456712620522951,0.0,0.0,0.0,0.0,0.0,0.0,0.0,0.0,0.0,0.0,0.0,0.0,0.4117647058823529,0.4844290657439447,0.4921529567847503,0.0,0.0,0.0,0.0,0.0,0.0,0.0,0.0,0.0,0.0,0.0,0.0,0.0,0.0,0.0,0.0,0.0,0.1764705882352941,0.2906574394463668,0.3812200410828152,0.0,0.0,0.0,0.0,0.0,0.0,0.0,0.2941176470588235,0.4844290657439447,0.6655122646461624,2.0,2.0,3.3529411764705883,2.7681660899653977,2.929388140703231,90.0,0.0,89.47058823529412,0.9965397923875448,2.11764705882353,0.0,0.0,0.0,0.0,0.0,1.0,1.0,1.2941176470588236,1.2387543252595157,1.4456712620522951,0.0,0.0,0.0,0.0,0.0,0.0,0.0,0.0,0.0,0.0,0.0,0.0,0.4117647058823529,0.4844290657439447,0.4921529567847503,0.0,0.0,0.0,0.0,0.0,0.0,0.0,0.0,0.0,0.0,0.0,0.0,0.0,0.0,0.0,0.0,0.0,0.1764705882352941,0.2906574394463668,0.3812200410828152,0.0,0.0,0.0,0.0,0.0,0.0,0.0,0.2941176470588235,0.4844290657439447,0.6655122646461624,-14,6.888888888888889,9,12.0,0,0.0,9.44444444444,5,0,2,2,1,7,12,2.55555555556,2↑
219,Jarrad,Branthwaite,DEF,EVE,?,"Branthwaite (DEF, ?)",36,726,0,6,0,0,5,0,0,0,1,0,1,10,7,3.5,3.0,3.333333333333333,3.0,3.0368111930481,90.0,0.0,75.0,25.0,33.54101966249684,1.0,1.0,2.117647058823529,2.401384083044982,2.698198809689345,4.0,4.0,42.70588235294117,44.5121107266436,44.59987431515178,0.0,0.0,0.0,0.0,0.0,0.0,0.0,0.3529411764705882,0.5813148788927337,0.9665692191267636,0.0,0.0,0.0,0.0,0.0,0.0,0.0,0.0,0.0,0.0,0.0,0.0,0.2941176470588235,0.4152249134948097,0.4556450995538137,0.0,0.0,0.0,0.0,0.0,0.0,0.0,0.0,0.0,0.0,0.0,0.0,0.0,0.0,0.0,0.0,0.0,0.0588235294117647,0.1107266435986159,0.2352941176470588,0.0,0.0,0.0,0.0,0.0,0.0,0.0,0.0588235294117647,0.1107266435986159,0.2352941176470588,4.0,2.5,3.6,2.6,2.65329983228432,90.0,0.0,72.6,27.84,34.802873444587874,0.0,0.0,0.0,0.0,0.0,0.0,0.0,0.6,0.8400000000000001,1.2,0.0,0.0,0.0,0.0,0.0,0.0,0.0,0.0,0.0,0.0,0.5,0.5,0.5,0.5,0.5,0.0,0.0,0.0,0.0,0.0,0.0,0.0,0.0,0.0,0.0,0.0,0.0,0.0,0.0,0.0,0.0,0.0,0.1,0.18,0.3,0.0,0.0,0.0,0.0,0.0,0.0,0.0,0.1,0.18,0.3,-14,3.4444444444444446,9,6.0,0,0.0,4.72222222222,5,0,1,2,1,8,12,7.27777777778,5↑
238,Ashley,Young,DEF,EVE,?,"Young (DEF, ?)",67,1199,1,14,0,3,7,0,0,0,5,1,8,14,3,2.5,2.5,4.0,4.333333333333333,5.477225575051661,72.0,18.0,54.0,36.0,38.88444419044716,5.0,3.0,3.941176470588236,3.363321799307958,4.1652708157883485,90.0,0.0,70.52941176470588,25.54325259515571,33.54385653765358,0.0,0.0,0.0588235294117647,0.1107266435986159,0.2352941176470588,0.0,0.0,0.8235294117647058,0.9688581314878894,1.2478354962115543,0.0,0.0,0.0,0.0,0.0,0.0,0.0,0.1764705882352941,0.2906574394463668,0.3812200410828153,0.0,0.0,0.4117647058823529,0.4844290657439445,0.4921529567847503,0.0,0.0,0.0,0.0,0.0,0.0,0.0,0.0,0.0,0.0,0.0,0.0,0.0,0.0,0.0,0.0,0.0,0.2941176470588235,0.4152249134948097,0.4556450995538137,0.0,0.0,0.0588235294117647,0.1107266435986159,0.2352941176470588,0.0,0.0,0.4705882352941176,0.7197231833910035,0.9772498662256558,5.0,1.0,4.785714285714286,2.877551020408164,4.126198032581765,90.0,0.0,85.64285714285714,6.846938775510206,8.481973682523451,0.0,0.0,0.0714285714285714,0.1326530612244897,0.2575393768188563,0.5,0.5,1.0,1.0,1.3093073414159542,0.0,0.0,0.0,0.0,0.0,0.0,0.0,0.2142857142857142,0.3367346938775511,0.410325903324145,0.5,0.5,0.5,0.5,0.5,0.0,0.0,0.0,0.0,0.0,0.0,0.0,0.0,0.0,0.0,0.0,0.0,0.0,0.0,0.0,0.0,0.0,0.3571428571428571,0.4591836734693877,0.4791574237499549,0.0,0.0,0.0714285714285714,0.1326530612244897,0.2575393768188563,0.0,0.0,0.5714285714285714,0.8163265306122448,1.049781318335648,-14,20.33333333333333,9,28.0,0,0.0,24.16666666667,5,1,2,2,0,1,6,-18.16666666667,7↓
217,Abdoulaye,Doucouré,MID,EVE,?,"A.Doucoure (MID, ?)",35,1162,0,15,0,0,7,0,0,0,0,0,0,15,2,2.5,0.5,2.1666666666666665,0.8333333333333334,1.0671873729054748,90.0,0.0,73.66666666666667,24.555555555555557,33.07399112427904,2.0,1.0,2.0588235294117645,0.7750865051903114,0.9982683969692436,85.0,5.0,68.3529411764706,25.501730103806228,32.206943307799854,0.0,0.0,0.0,0.0,0.0,0.0,0.0,0.8823529411764706,0.9342560553633218,1.1823383083671637,0.0,0.0,0.0,0.0,0.0,0.0,0.0,0.0,0.0,0.0,0.0,0.0,0.4117647058823529,0.4844290657439445,0.4921529567847503,0.0,0.0,0.0,0.0,0.0,0.0,0.0,0.0,0.0,0.0,0.0,0.0,0.0,0.0,0.0,0.0,0.0,0.0,0.0,0.0,0.0,0.0,0.0,0.0,0.0,0.0,0.0,0.0,0.0,0.0,2.0,1.0,2.333333333333333,0.6222222222222221,0.6992058987801011,90.0,0.0,77.46666666666667,15.18222222222222,21.669845920592568,0.0,0.0,0.0,0.0,0.0,1.0,1.0,1.0,0.9333333333333332,1.2110601416389966,0.0,0.0,0.0,0.0,0.0,0.0,0.0,0.0,0.0,0.0,0.0,0.0,0.4666666666666667,0.4977777777777777,0.4988876515698588,0.0,0.0,0.0,0.0,0.0,0.0,0.0,0.0,0.0,0.0,0.0,0.0,0.0,0.0,0.0,0.0,0.0,0.0,0.0,0.0,0.0,0.0,0.0,0.0,0.0,0.0,0.0,0.0,0.0,0.0,-14,8.444444444444445,0,0.0,-27,7.000000000000001,7.72222222222,5,2,1,2,1,3,9,1.27777777778,1↑
222,Idrissa,Gueye,MID,EVE,?,"Gana (MID, ?)",34,1249,0,19,0,0,6,0,0,0,2,0,0,16,1,2.5,0.5,2.0,1.0,1.1547005383792517,90.0,0.0,71.0,25.33333333333333,32.93933818400121,2.0,1.0,2.0,0.5882352941176471,0.8401680504168059,90.0,0.0,73.47058823529412,23.33564013840831,29.603492733238767,0.0,0.0,0.0,0.0,0.0,0.0,0.0,1.1176470588235294,1.2249134948096887,1.4504503536397593,0.0,0.0,0.0,0.0,0.0,0.0,0.0,0.0,0.0,0.0,0.0,0.0,0.3529411764705882,0.4567474048442906,0.4778846120374094,0.0,0.0,0.0,0.0,0.0,0.0,0.0,0.0,0.0,0.0,0.0,0.0,0.0,0.0,0.0,0.0,0.0,0.1176470588235294,0.2076124567474048,0.3221897397089212,0.0,0.0,0.0,0.0,0.0,0.0,0.0,0.0,0.0,0.0,2.0,0.5,2.125,0.546875,0.6959705453537527,90.0,0.0,78.0625,17.90625,23.93080846419527,0.0,0.0,0.0,0.0,0.0,0.5,0.5,1.1875,1.2578125,1.4670868242881878,0.0,0.0,0.0,0.0,0.0,0.0,0.0,0.0,0.0,0.0,0.0,0.0,0.375,0.46875,0.4841229182759271,0.0,0.0,0.0,0.0,0.0,0.0,0.0,0.0,0.0,0.0,0.0,0.0,0.0,0.0,0.0,0.0,0.0,0.125,0.21875,0.3307189138830738,0.0,0.0,0.0,0.0,0.0,0.0,0.0,0.0,0.0,0.0,-14,8.444444444444445,0,0.0,-27,7.000000000000001,7.72222222222,5,1,2,1,11,3,18,10.277777777779999,5↑
232,Iliman,Ndiaye,FWD,EVE,?,"Ndiaye (FWD, ?)",51,1333,3,14,0,0,9,0,0,0,2,0,9,17,0,2.0,0.5,2.6666666666666665,2.111111111111111,2.924988129130708,90.0,0.0,73.33333333333333,24.444444444444446,32.99831645537222,2.0,0.0,3.0,2.0,2.678893538055459,90.0,0.0,78.41176470588235,13.43944636678201,19.15895988681632,0.0,0.0,0.1764705882352941,0.2906574394463668,0.3812200410828153,0.0,0.0,0.8235294117647058,0.8719723183391004,1.1496953109230623,0.0,0.0,0.0,0.0,0.0,0.0,0.0,0.0,0.0,0.0,1.0,0.0,0.5294117647058824,0.4982698961937716,0.4991341984846218,0.0,0.0,0.0,0.0,0.0,0.0,0.0,0.0,0.0,0.0,0.0,0.0,0.0,0.0,0.0,0.0,0.0,0.1176470588235294,0.2076124567474048,0.3221897397089212,0.0,0.0,0.0,0.0,0.0,0.0,0.0,0.5294117647058824,0.8096885813148789,1.0356951095093534,2.0,0.0,3.0,2.0,2.678893538055459,90.0,0.0,78.41176470588235,13.43944636678201,19.15895988681632,0.0,0.0,0.1764705882352941,0.2906574394463668,0.3812200410828153,0.0,0.0,0.8235294117647058,0.8719723183391004,1.1496953109230623,0.0,0.0,0.0,0.0,0.0,0.0,0.0,0.0,0.0,0.0,1.0,0.0,0.5294117647058824,0.4982698961937716,0.4991341984846218,0.0,0.0,0.0,0.0,0.0,0.0,0.0,0.0,0.0,0.0,0.0,0.0,0.0,0.0,0.0,0.0,0.0,0.1176470588235294,0.2076124567474048,0.3221897397089212,0.0,0.0,0.0,0.0,0.0,0.0,0.0,0.5294117647058824,0.8096885813148789,1.0356951095093534,-14,10.0,0,0.0,-27,10.0,10.0,5,2,2,2,7,8,21,11.0,5↑
651,Orel,Mangala,MID,EVE,?,"Mangala (MID, ?)",29,852,1,5,0,0,4,0,0,0,2,0,0,14,3,2.0,1.0,2.5,1.8333333333333333,2.29128784747792,89.0,1.0,63.5,34.666666666666664,37.37088884858552,1.0,1.0,1.7058823529411764,1.1833910034602078,1.63652091096983,56.0,34.0,50.11764705882353,37.05190311418685,38.51185051069067,0.0,0.0,0.0588235294117647,0.1107266435986159,0.2352941176470588,0.0,0.0,0.2941176470588235,0.4152249134948097,0.4556450995538137,0.0,0.0,0.0,0.0,0.0,0.0,0.0,0.0,0.0,0.0,0.0,0.0,0.2352941176470588,0.3598615916955017,0.4241825029957634,0.0,0.0,0.0,0.0,0.0,0.0,0.0,0.0,0.0,0.0,0.0,0.0,0.0,0.0,0.0,0.0,0.0,0.1176470588235294,0.2076124567474048,0.3221897397089212,0.0,0.0,0.0,0.0,0.0,0.0,0.0,0.0,0.0,0.0,1.5,0.5,2.071428571428572,1.1020408163265307,1.579524599106856,85.0,5.0,60.85714285714285,31.877551020408166,33.87341381179798,0.0,0.0,0.0714285714285714,0.1326530612244897,0.2575393768188563,0.0,0.0,0.3571428571428571,0.4591836734693876,0.4791574237499548,0.0,0.0,0.0,0.0,0.0,0.0,0.0,0.0,0.0,0.0,0.0,0.0,0.2857142857142857,0.4081632653061224,0.4517539514526256,0.0,0.0,0.0,0.0,0.0,0.0,0.0,0.0,0.0,0.0,0.0,0.0,0.0,0.0,0.0,0.0,0.0,0.1428571428571428,0.2448979591836734,0.3499271061118826,0.0,0.0,0.0,0.0,0.0,0.0,0.0,0.0,0.0,0.0,-14,3.4444444444444446,0,0.0,-27,2.0,2.72222222222,5,2,1,2,2,3,10,7.27777777778,5↑
220,Dominic,Calvert-Lewin,FWD,EVE,?,"Calvert-Lewin (FWD, ?)",49,1299,2,13,0,2,8,0,0,0,1,0,3,17,0,2.0,0.5,2.0,1.0,1.5275252316519468,67.0,10.0,51.833333333333336,26.88888888888889,29.72886737761053,2.0,0.0,2.8823529411764706,1.6885813148788928,2.58689805027012,80.0,10.0,76.41176470588235,11.91695501730104,16.442623318427493,0.0,0.0,0.1176470588235294,0.2076124567474048,0.3221897397089212,0.0,0.0,0.7647058823529411,0.809688581314879,1.0017286097603766,0.0,0.0,0.0,0.0,0.0,0.0,0.0,0.1176470588235294,0.2076124567474048,0.3221897397089212,0.0,0.0,0.4705882352941176,0.4982698961937716,0.4991341984846218,0.0,0.0,0.0,0.0,0.0,0.0,0.0,0.0,0.0,0.0,0.0,0.0,0.0,0.0,0.0,0.0,0.0,0.0588235294117647,0.1107266435986159,0.2352941176470588,0.0,0.0,0.0,0.0,0.0,0.0,0.0,0.1764705882352941,0.3321799307958478,0.7058823529411765,2.0,0.0,2.8823529411764706,1.6885813148788928,2.58689805027012,80.0,10.0,76.41176470588235,11.91695501730104,16.442623318427493,0.0,0.0,0.1176470588235294,0.2076124567474048,0.3221897397089212,0.0,0.0,0.7647058823529411,0.809688581314879,1.0017286097603766,0.0,0.0,0.0,0.0,0.0,0.0,0.0,0.1176470588235294,0.2076124567474048,0.3221897397089212,0.0,0.0,0.4705882352941176,0.4982698961937716,0.4991341984846218,0.0,0.0,0.0,0.0,0.0,0.0,0.0,0.0,0.0,0.0,0.0,0.0,0.0,0.0,0.0,0.0,0.0,0.0588235294117647,0.1107266435986159,0.2352941176470588,0.0,0.0,0.0,0.0,0.0,0.0,0.0,0.1764705882352941,0.3321799307958478,0.7058823529411765,-14,10.0,0,0.0,-27,10.0,10.0,5,1,1,2,5,1,10,0.0,~
224,Jack,Harrison,MID,EVE,?,"Harrison (MID, ?)",32,890,0,13,0,1,4,0,0,0,0,0,0,16,1,1.5,1.0,1.6666666666666667,1.0,1.1055415967851332,44.0,28.5,44.5,31.5,33.059290171851345,2.0,1.0,1.8823529411764703,0.8442906574394464,1.0222439527636922,63.0,27.0,52.35294117647059,26.055363321799312,29.55541390929048,0.0,0.0,0.0,0.0,0.0,0.0,0.0,0.7647058823529411,0.809688581314879,0.9411764705882354,0.0,0.0,0.0,0.0,0.0,0.0,0.0,0.0588235294117647,0.1107266435986159,0.2352941176470588,0.0,0.0,0.2352941176470588,0.3598615916955017,0.4241825029957634,0.0,0.0,0.0,0.0,0.0,0.0,0.0,0.0,0.0,0.0,0.0,0.0,0.0,0.0,0.0,0.0,0.0,0.0,0.0,0.0,0.0,0.0,0.0,0.0,0.0,0.0,0.0,0.0,0.0,0.0,2.0,1.0,2.0,0.75,0.9354143466934852,64.0,23.0,55.625,23.59375,27.31500274574396,0.0,0.0,0.0,0.0,0.0,0.5,0.5,0.8125,0.8125,0.9499177595981664,0.0,0.0,0.0,0.0,0.0,0.0,0.0,0.0625,0.1171875,0.2420614591379635,0.0,0.0,0.25,0.375,0.4330127018922193,0.0,0.0,0.0,0.0,0.0,0.0,0.0,0.0,0.0,0.0,0.0,0.0,0.0,0.0,0.0,0.0,0.0,0.0,0.0,0.0,0.0,0.0,0.0,0.0,0.0,0.0,0.0,0.0,0.0,0.0,-14,8.444444444444445,0,0.0,-27,7.000000000000001,7.72222222222,5,1,0,1,0,0,2,-5.72222222222,4↓
577,Jesper,Lindstrøm,MID,EVE,?,"Lindstrøm (MID, ?)",21,539,0,8,0,0,3,0,0,0,0,0,0,13,4,1.0,0.0,1.0,0.3333333333333333,0.5773502691896257,12.5,8.5,20.33333333333333,16.444444444444443,21.74600857373345,1.0,1.0,1.2352941176470589,0.8027681660899655,1.0017286097603766,22.0,22.0,31.705882352941178,27.06574394463668,30.886442306278987,0.0,0.0,0.0,0.0,0.0,0.0,0.0,0.4705882352941176,0.7197231833910035,1.0356951095093534,0.0,0.0,0.0,0.0,0.0,0.0,0.0,0.0,0.0,0.0,0.0,0.0,0.1764705882352941,0.2906574394463668,0.3812200410828153,0.0,0.0,0.0,0.0,0.0,0.0,0.0,0.0,0.0,0.0,0.0,0.0,0.0,0.0,0.0,0.0,0.0,0.0,0.0,0.0,0.0,0.0,0.0,0.0,0.0,0.0,0.0,0.0,0.0,0.0,1.0,0.0,1.6153846153846154,0.7573964497041419,0.8355984993230935,33.0,24.0,41.46153846153846,26.18934911242604,29.034767977018348,0.0,0.0,0.0,0.0,0.0,0.0,0.0,0.6153846153846154,0.8520710059171596,1.1461280327501029,0.0,0.0,0.0,0.0,0.0,0.0,0.0,0.0,0.0,0.0,0.0,0.0,0.2307692307692307,0.3550295857988166,0.4213250442347432,0.0,0.0,0.0,0.0,0.0,0.0,0.0,0.0,0.0,0.0,0.0,0.0,0.0,0.0,0.0,0.0,0.0,0.0,0.0,0.0,0.0,0.0,0.0,0.0,0.0,0.0,0.0,0.0,0.0,0.0,-14,3.4444444444444446,0,0.0,-27,2.0,2.72222222222,5,1,1,1,3,2,8,5.27777777778,4↑
230,Dwight,McNeil,MID,EVE,?,"McNeil (MID, ?)",65,1140,3,21,0,5,4,0,0,0,1,0,6,13,4,0.0,0.0,1.8333333333333333,2.444444444444445,3.287180487219337,0.0,0.0,27.166666666666668,36.22222222222221,38.73162646841581,2.0,2.0,3.823529411764706,3.397923875432526,4.27352030281204,90.0,0.0,67.05882352941177,31.557093425605537,37.44088766581466,0.0,0.0,0.1764705882352941,0.3114186851211073,0.5128116404165498,1.0,1.0,1.2352941176470589,1.273356401384083,1.476458870354251,0.0,0.0,0.0,0.0,0.0,0.0,0.0,0.2941176470588235,0.4498269896193771,0.5703152773430975,0.0,0.0,0.2352941176470588,0.3598615916955017,0.4241825029957634,0.0,0.0,0.0,0.0,0.0,0.0,0.0,0.0,0.0,0.0,0.0,0.0,0.0,0.0,0.0,0.0,0.0,0.0588235294117647,0.1107266435986159,0.2352941176470588,0.0,0.0,0.0,0.0,0.0,0.0,0.0,0.3529411764705882,0.5813148788927337,0.8360394355030526,2.0,0.0,5.0,3.5384615384615383,4.242640687119285,90.0,0.0,87.6923076923077,3.550295857988165,4.873548941986818,0.0,0.0,0.2307692307692307,0.3905325443786983,0.5756395979652217,1.0,1.0,1.6153846153846154,1.3727810650887575,1.4955555457864294,0.0,0.0,0.0,0.0,0.0,0.0,0.0,0.3846153846153846,0.532544378698225,0.6249260311258431,0.0,0.0,0.3076923076923077,0.4260355029585799,0.4615384615384615,0.0,0.0,0.0,0.0,0.0,0.0,0.0,0.0,0.0,0.0,0.0,0.0,0.0,0.0,0.0,0.0,0.0,0.0769230769230769,0.1420118343195266,0.2664693550105965,0.0,0.0,0.0,0.0,0.0,0.0,0.0,0.4615384615384615,0.7100591715976332,0.9294650748918902,-14,6.888888888888889,0,0.0,-27,4.0,5.44444444444,5,0,0,0,0,0,0,-5.44444444444,4↓
218,Norberto Bercique,Gomes Betuncal,FWD,EVE,?,"Beto (FWD, ?)",16,196,1,9,0,0,0,0,0,0,1,0,2,10,7,0.0,0.0,0.3333333333333333,0.5555555555555557,0.74535599249993,0.0,0.0,13.833333333333334,18.444444444444443,24.141366066475104,1.0,1.0,0.9411764705882352,0.8858131487889274,1.6259147013041473,9.0,9.0,11.529411764705882,11.21107266435986,16.09573435292287,0.0,0.0,0.0588235294117647,0.1107266435986159,0.2352941176470588,0.0,0.0,0.5294117647058824,0.7474048442906573,1.0356951095093534,0.0,0.0,0.0,0.0,0.0,0.0,0.0,0.0,0.0,0.0,0.0,0.0,0.0,0.0,0.0,0.0,0.0,0.0,0.0,0.0,0.0,0.0,0.0,0.0,0.0,0.0,0.0,0.0,0.0,0.0,0.0,0.0,0.0588235294117647,0.1107266435986159,0.2352941176470588,0.0,0.0,0.0,0.0,0.0,0.0,0.0,0.1176470588235294,0.2214532871972318,0.4705882352941177,1.0,0.0,1.6,1.16,1.854723699099141,16.0,4.5,19.6,10.96,16.8,0.0,0.0,0.1,0.18,0.3,0.5,0.5,0.9,0.9,1.2206555615733703,0.0,0.0,0.0,0.0,0.0,0.0,0.0,0.0,0.0,0.0,0.0,0.0,0.0,0.0,0.0,0.0,0.0,0.0,0.0,0.0,0.0,0.0,0.0,0.0,0.0,0.0,0.0,0.0,0.0,0.0,0.0,0.0,0.1,0.18,0.3,0.0,0.0,0.0,0.0,0.0,0.0,0.0,0.2,0.36,0.6000000000000001,-14,3.4444444444444446,0,0.0,-27,2.0,2.72222222222,5,1,1,1,0,2,5,2.27777777778,2↑
221,Séamus,Coleman,DEF,EVE,?,"Coleman (DEF, ?)",3,196,0,4,0,0,0,0,0,0,1,0,0,3,14,0.0,0.0,0.3333333333333333,0.4444444444444445,0.4714045207910317,0.0,0.0,17.666666666666668,23.777777777777786,32.49957264676294,0.0,0.0,0.1764705882352941,0.2906574394463668,0.3812200410828152,0.0,0.0,11.529411764705882,18.98961937716263,28.748642212559258,0.0,0.0,0.0,0.0,0.0,0.0,0.0,0.2352941176470588,0.4152249134948097,0.7299808027053445,0.0,0.0,0.0,0.0,0.0,0.0,0.0,0.0,0.0,0.0,0.0,0.0,0.0,0.0,0.0,0.0,0.0,0.0,0.0,0.0,0.0,0.0,0.0,0.0,0.0,0.0,0.0,0.0,0.0,0.0,0.0,0.0,0.0588235294117647,0.1107266435986159,0.2352941176470588,0.0,0.0,0.0,0.0,0.0,0.0,0.0,0.0,0.0,0.0,1.0,0.0,1.0,0.0,0.0,89.0,1.0,65.33333333333333,32.22222222222222,34.179265969622904,0.0,0.0,0.0,0.0,0.0,1.0,1.0,1.3333333333333333,1.111111111111111,1.247219128924647,0.0,0.0,0.0,0.0,0.0,0.0,0.0,0.0,0.0,0.0,0.0,0.0,0.0,0.0,0.0,0.0,0.0,0.0,0.0,0.0,0.0,0.0,0.0,0.0,0.0,0.0,0.0,0.0,0.0,0.0,0.0,0.0,0.3333333333333333,0.4444444444444445,0.4714045207910317,0.0,0.0,0.0,0.0,0.0,0.0,0.0,0.0,0.0,0.0,-14,0.0,9,0.0,0,0.0,0.0,5,0,0,0,0,0,0,0.0,~
234,Nathan,Patterson,DEF,EVE,?,"Patterson (DEF, ?)",2,18,0,0,0,0,0,0,0,0,0,0,0,2,15,0.0,0.0,0.3333333333333333,0.4444444444444444,0.4714045207910317,0.0,0.0,3.0,4.666666666666667,6.27162924074226,0.0,0.0,0.1176470588235294,0.2076124567474048,0.3221897397089212,0.0,0.0,1.0588235294117647,1.875432525951557,3.9922069414016823,0.0,0.0,0.0,0.0,0.0,0.0,0.0,0.0,0.0,0.0,0.0,0.0,0.0,0.0,0.0,0.0,0.0,0.0,0.0,0.0,0.0,0.0,0.0,0.0,0.0,0.0,0.0,0.0,0.0,0.0,0.0,0.0,0.0,0.0,0.0,0.0,0.0,0.0,0.0,0.0,0.0,0.0,0.0,0.0,0.0,0.0,0.0,0.0,0.0,0.0,0.0,0.0,0.0,0.0,0.0,1.0,0.0,1.0,0.0,0.0,9.0,8.0,9.0,8.0,8.0,0.0,0.0,0.0,0.0,0.0,0.0,0.0,0.0,0.0,0.0,0.0,0.0,0.0,0.0,0.0,0.0,0.0,0.0,0.0,0.0,0.0,0.0,0.0,0.0,0.0,0.0,0.0,0.0,0.0,0.0,0.0,0.0,0.0,0.0,0.0,0.0,0.0,0.0,0.0,0.0,0.0,0.0,0.0,0.0,0.0,0.0,0.0,0.0,0.0,0.0,0.0,0.0,0.0,0.0,0.0,-14,0.0,9,0.0,0,0.0,0.0,5,1,1,0,1,1,4,4.0,3↑
156,Armando,Broja,FWD,EVE,?,"Broja (FWD, ?)",2,51,0,0,0,0,0,0,0,0,1,0,0,3,14,0.0,0.0,0.3333333333333333,0.4444444444444444,0.4714045207910317,3.5,3.5,8.5,9.0,9.928914005737653,0.0,0.0,0.1176470588235294,0.2076124567474048,0.3221897397089212,0.0,0.0,3.0,4.941176470588236,7.161991178929141,0.0,0.0,0.0,0.0,0.0,0.0,0.0,0.0,0.0,0.0,0.0,0.0,0.0,0.0,0.0,0.0,0.0,0.0,0.0,0.0,0.0,0.0,0.0,0.0,0.0,0.0,0.0,0.0,0.0,0.0,0.0,0.0,0.0,0.0,0.0,0.0,0.0,0.0,0.0,0.0,0.0,0.0,0.0588235294117647,0.1107266435986159,0.2352941176470588,0.0,0.0,0.0,0.0,0.0,0.0,0.0,0.0,0.0,0.0,1.0,0.0,0.6666666666666666,0.4444444444444445,0.4714045207910317,20.0,4.0,17.0,6.666666666666667,7.25718035235908,0.0,0.0,0.0,0.0,0.0,0.0,0.0,0.0,0.0,0.0,0.0,0.0,0.0,0.0,0.0,0.0,0.0,0.0,0.0,0.0,0.0,0.0,0.0,0.0,0.0,0.0,0.0,0.0,0.0,0.0,0.0,0.0,0.0,0.0,0.0,0.0,0.0,0.0,0.0,0.0,0.0,0.0,0.3333333333333333,0.4444444444444444,0.4714045207910317,0.0,0.0,0.0,0.0,0.0,0.0,0.0,0.0,0.0,0.0,-14,0.0,0,0.0,-27,0.0,0.0,5,2,1,0,0,0,3,3.0,3↑
582,Jake,O'Brien,DEF,EVE,?,"O'Brien (DEF, ?)",1,34,0,1,0,0,0,0,0,0,1,0,0,2,15,0.0,0.0,0.1666666666666666,0.2777777777777778,0.372677996249965,0.0,0.0,1.3333333333333333,2.2222222222222228,2.98142396999972,0.0,0.0,0.0588235294117647,0.1107266435986159,0.2352941176470588,0.0,0.0,2.0,3.5294117647058822,6.287241983947006,0.0,0.0,0.0,0.0,0.0,0.0,0.0,0.0588235294117647,0.1107266435986159,0.2352941176470588,0.0,0.0,0.0,0.0,0.0,0.0,0.0,0.0,0.0,0.0,0.0,0.0,0.0,0.0,0.0,0.0,0.0,0.0,0.0,0.0,0.0,0.0,0.0,0.0,0.0,0.0,0.0,0.0,0.0,0.0,0.0,0.0,0.0588235294117647,0.1107266435986159,0.2352941176470588,0.0,0.0,0.0,0.0,0.0,0.0,0.0,0.0,0.0,0.0,0.5,0.5,0.5,0.5,0.5,17.0,9.0,17.0,9.0,9.0,0.0,0.0,0.0,0.0,0.0,0.5,0.5,0.5,0.5,0.5,0.0,0.0,0.0,0.0,0.0,0.0,0.0,0.0,0.0,0.0,0.0,0.0,0.0,0.0,0.0,0.0,0.0,0.0,0.0,0.0,0.0,0.0,0.0,0.0,0.0,0.0,0.0,0.0,0.0,0.0,0.5,0.5,0.5,0.5,0.5,0.0,0.0,0.0,0.0,0.0,0.0,0.0,0.0,0.0,0.0,-14,0.0,9,0.0,0,0.0,0.0,5,0,0,1,2,5,8,8.0,5↑
228,Michael,Keane,DEF,EVE,?,"Keane (DEF, ?)",32,810,2,16,0,0,2,0,0,0,4,0,3,9,8,0.0,0.0,0.0,0.0,0.0,0.0,0.0,0.0,0.0,0.0,0.0,0.0,1.8823529411764703,2.408304498269896,3.562589159935699,90.0,0.0,47.64705882352941,44.84429065743944,44.92207786361596,0.0,0.0,0.1176470588235294,0.2076124567474048,0.3221897397089212,0.0,0.0,0.9411764705882352,1.1072664359861593,1.3490994048446725,0.0,0.0,0.0,0.0,0.0,0.0,0.0,0.0,0.0,0.0,0.0,0.0,0.1176470588235294,0.2076124567474048,0.3221897397089212,0.0,0.0,0.0,0.0,0.0,0.0,0.0,0.0,0.0,0.0,0.0,0.0,0.0,0.0,0.0,0.0,0.0,0.2352941176470588,0.3598615916955017,0.4241825029957634,0.0,0.0,0.0,0.0,0.0,0.0,0.0,0.1764705882352941,0.3321799307958478,0.7058823529411765,1.0,1.0,3.555555555555556,3.407407407407407,4.245549594342844,90.0,0.0,90.0,0.0,0.0,0.0,0.0,0.2222222222222222,0.345679012345679,0.415739709641549,1.0,1.0,1.7777777777777777,1.308641975308642,1.3966450099973928,0.0,0.0,0.0,0.0,0.0,0.0,0.0,0.0,0.0,0.0,0.0,0.0,0.2222222222222222,0.345679012345679,0.415739709641549,0.0,0.0,0.0,0.0,0.0,0.0,0.0,0.0,0.0,0.0,0.0,0.0,0.0,0.0,0.0,0.0,0.0,0.4444444444444444,0.4938271604938272,0.4969039949999533,0.0,0.0,0.0,0.0,0.0,0.0,0.0,0.3333333333333333,0.5925925925925926,0.9428090415820634,-14,0.0,9,0.0,0,0.0,0.0,5,0,0,0,1,0,1,1.0,~
226,Tim,Iroegbunam,MID,EVE,?,"Iroegbunam (MID, ?)",8,381,0,13,0,0,0,0,0,0,2,0,0,6,11,0.0,0.0,0.0,0.0,0.0,0.0,0.0,0.0,0.0,0.0,0.0,0.0,0.4705882352941176,0.6089965397923875,0.6960093862470136,0.0,0.0,22.41176470588235,30.629757785467124,36.56269204841172,0.0,0.0,0.0,0.0,0.0,0.0,0.0,0.7647058823529411,1.1695501730103806,1.394502304838788,0.0,0.0,0.0,0.0,0.0,0.0,0.0,0.0,0.0,0.0,0.0,0.0,0.0,0.0,0.0,0.0,0.0,0.0,0.0,0.0,0.0,0.0,0.0,0.0,0.0,0.0,0.0,0.0,0.0,0.0,0.0,0.0,0.1176470588235294,0.2076124567474048,0.3221897397089212,0.0,0.0,0.0,0.0,0.0,0.0,0.0,0.0,0.0,0.0,1.0,0.0,1.3333333333333333,0.4444444444444443,0.4714045207910317,85.0,5.0,63.5,32.0,34.33050150133746,0.0,0.0,0.0,0.0,0.0,3.0,0.5,2.1666666666666665,1.4444444444444444,1.5723301886761003,0.0,0.0,0.0,0.0,0.0,0.0,0.0,0.0,0.0,0.0,0.0,0.0,0.0,0.0,0.0,0.0,0.0,0.0,0.0,0.0,0.0,0.0,0.0,0.0,0.0,0.0,0.0,0.0,0.0,0.0,0.0,0.0,0.3333333333333333,0.4444444444444445,0.4714045207910317,0.0,0.0,0.0,0.0,0.0,0.0,0.0,0.0,0.0,0.0,-14,0.0,0,0.0,-27,0.0,0.0,5,0,0,0,0,0,0,0.0,~
223,James,Garner,MID,EVE,?,"Garner (MID, ?)",7,251,0,4,0,0,1,0,0,0,1,0,0,4,13,0.0,0.0,0.0,0.0,0.0,0.0,0.0,0.0,0.0,0.0,0.0,0.0,0.4117647058823529,0.629757785467128,0.8442764761416073,0.0,0.0,14.764705882352942,23.494809688581316,31.285270753023145,0.0,0.0,0.0,0.0,0.0,0.0,0.0,0.2352941176470588,0.4152249134948097,0.7299808027053445,0.0,0.0,0.0,0.0,0.0,0.0,0.0,0.0,0.0,0.0,0.0,0.0,0.0588235294117647,0.1107266435986159,0.2352941176470588,0.0,0.0,0.0,0.0,0.0,0.0,0.0,0.0,0.0,0.0,0.0,0.0,0.0,0.0,0.0,0.0,0.0,0.0588235294117647,0.1107266435986159,0.2352941176470588,0.0,0.0,0.0,0.0,0.0,0.0,0.0,0.0,0.0,0.0,1.5,0.5,1.75,0.75,0.82915619758885,77.0,13.0,62.75,27.875,33.89229263416684,0.0,0.0,0.0,0.0,0.0,0.5,0.5,1.0,1.0,1.224744871391589,0.0,0.0,0.0,0.0,0.0,0.0,0.0,0.0,0.0,0.0,0.0,0.0,0.25,0.375,0.4330127018922193,0.0,0.0,0.0,0.0,0.0,0.0,0.0,0.0,0.0,0.0,0.0,0.0,0.0,0.0,0.0,0.0,0.0,0.25,0.375,0.4330127018922193,0.0,0.0,0.0,0.0,0.0,0.0,0.0,0.0,0.0,0.0,-14,0.0,0,0.0,-27,0.0,0.0,5,0,0,0,0,1,1,1.0,~
225,Mason,Holgate,DEF,EVE,?,"Holgate (DEF, ?)",1,5,0,1,0,0,0,0,0,0,0,0,0,1,16,0.0,0.0,0.0,0.0,0.0,0.0,0.0,0.0,0.0,0.0,0.0,0.0,0.0588235294117647,0.1107266435986159,0.2352941176470588,0.0,0.0,0.2941176470588235,0.5536332179930796,1.1764705882352942,0.0,0.0,0.0,0.0,0.0,0.0,0.0,0.0588235294117647,0.1107266435986159,0.2352941176470588,0.0,0.0,0.0,0.0,0.0,0.0,0.0,0.0,0.0,0.0,0.0,0.0,0.0,0.0,0.0,0.0,0.0,0.0,0.0,0.0,0.0,0.0,0.0,0.0,0.0,0.0,0.0,0.0,0.0,0.0,0.0,0.0,0.0,0.0,0.0,0.0,0.0,0.0,0.0,0.0,0.0,0.0,0.0,0.0,0.0,1.0,0.0,1.0,0.0,0.0,5.0,0.0,5.0,0.0,0.0,0.0,0.0,0.0,0.0,0.0,1.0,0.0,1.0,0.0,0.0,0.0,0.0,0.0,0.0,0.0,0.0,0.0,0.0,0.0,0.0,0.0,0.0,0.0,0.0,0.0,0.0,0.0,0.0,0.0,0.0,0.0,0.0,0.0,0.0,0.0,0.0,0.0,0.0,0.0,0.0,0.0,0.0,0.0,0.0,0.0,0.0,0.0,0.0,0.0,0.0,0.0,0.0,0.0,0.0,0.0,-14,0.0,9,0.0,0,0.0,0.0,5,0,0,0,0,0,0,0.0,~
603,Harrison,Armstrong,MID,EVE,?,"Armstrong (MID, ?)",1,2,0,0,0,0,0,0,0,0,1,0,0,2,15,0.0,0.0,0.0,0.0,0.0,0.0,0.0,0.1666666666666666,0.2777777777777778,0.372677996249965,0.0,0.0,0.0588235294117647,0.1107266435986159,0.2352941176470588,0.0,0.0,0.1176470588235294,0.2076124567474048,0.3221897397089212,0.0,0.0,0.0,0.0,0.0,0.0,0.0,0.0,0.0,0.0,0.0,0.0,0.0,0.0,0.0,0.0,0.0,0.0,0.0,0.0,0.0,0.0,0.0,0.0,0.0,0.0,0.0,0.0,0.0,0.0,0.0,0.0,0.0,0.0,0.0,0.0,0.0,0.0,0.0,0.0,0.0,0.0,0.0588235294117647,0.1107266435986159,0.2352941176470588,0.0,0.0,0.0,0.0,0.0,0.0,0.0,0.0,0.0,0.0,0.5,0.5,0.5,0.5,0.5,1.0,0.0,1.0,0.0,0.0,0.0,0.0,0.0,0.0,0.0,0.0,0.0,0.0,0.0,0.0,0.0,0.0,0.0,0.0,0.0,0.0,0.0,0.0,0.0,0.0,0.0,0.0,0.0,0.0,0.0,0.0,0.0,0.0,0.0,0.0,0.0,0.0,0.0,0.0,0.0,0.0,0.0,0.0,0.0,0.0,0.5,0.5,0.5,0.5,0.5,0.0,0.0,0.0,0.0,0.0,0.0,0.0,0.0,0.0,0.0,-14,0.0,0,0.0,-27,0.0,0.0,5,0,1,0,0,0,1,1.0,~
227,João,Neves Virgínia,GKP,EVE,?,"J.Virginia (GKP, ?)",0,0,0,0,0,0,0,0,0,0,0,0,0,0,17,0.0,0.0,0.0,0.0,0.0,0.0,0.0,0.0,0.0,0.0,0.0,0.0,0.0,0.0,0.0,0.0,0.0,0.0,0.0,0.0,0.0,0.0,0.0,0.0,0.0,0.0,0.0,0.0,0.0,0.0,0.0,0.0,0.0,0.0,0.0,0.0,0.0,0.0,0.0,0.0,0.0,0.0,0.0,0.0,0.0,0.0,0.0,0.0,0.0,0.0,0.0,0.0,0.0,0.0,0.0,0.0,0.0,0.0,0.0,0.0,0.0,0.0,0.0,0.0,0.0,0.0,0.0,0.0,0.0,0.0,0.0,0.0,0.0,0.0,0.0,0.0,0.0,0.0,0.0,0.0,0.0,0.0,0.0,0.0,0.0,0.0,0.0,0.0,0.0,0.0,0.0,0.0,0.0,0.0,0.0,0.0,0.0,0.0,0.0,0.0,0.0,0.0,0.0,0.0,0.0,0.0,0.0,0.0,0.0,0.0,0.0,0.0,0.0,0.0,0.0,0.0,0.0,0.0,0.0,0.0,0.0,0.0,0.0,0.0,0.0,0.0,0.0,0.0,0.0,0.0,0.0,0.0,0.0,0.0,0.0,0.0,0.0,0.0,0.0,0.0,-14,0.0,9,0.0,0,0.0,0.0,5,0,0,0,0,0,0,0.0,~
229,Neal,Maupay,FWD,EVE,?,"Maupay (FWD, ?)",0,0,0,0,0,0,0,0,0,0,0,0,0,0,17,0.0,0.0,0.0,0.0,0.0,0.0,0.0,0.0,0.0,0.0,0.0,0.0,0.0,0.0,0.0,0.0,0.0,0.0,0.0,0.0,0.0,0.0,0.0,0.0,0.0,0.0,0.0,0.0,0.0,0.0,0.0,0.0,0.0,0.0,0.0,0.0,0.0,0.0,0.0,0.0,0.0,0.0,0.0,0.0,0.0,0.0,0.0,0.0,0.0,0.0,0.0,0.0,0.0,0.0,0.0,0.0,0.0,0.0,0.0,0.0,0.0,0.0,0.0,0.0,0.0,0.0,0.0,0.0,0.0,0.0,0.0,0.0,0.0,0.0,0.0,0.0,0.0,0.0,0.0,0.0,0.0,0.0,0.0,0.0,0.0,0.0,0.0,0.0,0.0,0.0,0.0,0.0,0.0,0.0,0.0,0.0,0.0,0.0,0.0,0.0,0.0,0.0,0.0,0.0,0.0,0.0,0.0,0.0,0.0,0.0,0.0,0.0,0.0,0.0,0.0,0.0,0.0,0.0,0.0,0.0,0.0,0.0,0.0,0.0,0.0,0.0,0.0,0.0,0.0,0.0,0.0,0.0,0.0,0.0,0.0,0.0,0.0,0.0,0.0,0.0,-14,0.0,0,0.0,-27,0.0,0.0,5,0,0,0,0,0,0,0.0,~
237,Youssef,Ramalho Chermiti,FWD,EVE,?,"Y. Chermiti (FWD, ?)",0,0,0,0,0,0,0,0,0,0,0,0,0,0,17,0.0,0.0,0.0,0.0,0.0,0.0,0.0,0.0,0.0,0.0,0.0,0.0,0.0,0.0,0.0,0.0,0.0,0.0,0.0,0.0,0.0,0.0,0.0,0.0,0.0,0.0,0.0,0.0,0.0,0.0,0.0,0.0,0.0,0.0,0.0,0.0,0.0,0.0,0.0,0.0,0.0,0.0,0.0,0.0,0.0,0.0,0.0,0.0,0.0,0.0,0.0,0.0,0.0,0.0,0.0,0.0,0.0,0.0,0.0,0.0,0.0,0.0,0.0,0.0,0.0,0.0,0.0,0.0,0.0,0.0,0.0,0.0,0.0,0.0,0.0,0.0,0.0,0.0,0.0,0.0,0.0,0.0,0.0,0.0,0.0,0.0,0.0,0.0,0.0,0.0,0.0,0.0,0.0,0.0,0.0,0.0,0.0,0.0,0.0,0.0,0.0,0.0,0.0,0.0,0.0,0.0,0.0,0.0,0.0,0.0,0.0,0.0,0.0,0.0,0.0,0.0,0.0,0.0,0.0,0.0,0.0,0.0,0.0,0.0,0.0,0.0,0.0,0.0,0.0,0.0,0.0,0.0,0.0,0.0,0.0,0.0,0.0,0.0,0.0,0.0,-14,0.0,0,0.0,-27,0.0,0.0,5,0,0,0,0,0,0,0.0,~
614,Jenson,Metcalfe,MID,EVE,?,"Metcalfe (MID, ?)",0,0,0,0,0,0,0,0,0,0,0,0,0,0,17,0.0,0.0,0.0,0.0,0.0,0.0,0.0,0.0,0.0,0.0,0.0,0.0,0.0,0.0,0.0,0.0,0.0,0.0,0.0,0.0,0.0,0.0,0.0,0.0,0.0,0.0,0.0,0.0,0.0,0.0,0.0,0.0,0.0,0.0,0.0,0.0,0.0,0.0,0.0,0.0,0.0,0.0,0.0,0.0,0.0,0.0,0.0,0.0,0.0,0.0,0.0,0.0,0.0,0.0,0.0,0.0,0.0,0.0,0.0,0.0,0.0,0.0,0.0,0.0,0.0,0.0,0.0,0.0,0.0,0.0,0.0,0.0,0.0,0.0,0.0,0.0,0.0,0.0,0.0,0.0,0.0,0.0,0.0,0.0,0.0,0.0,0.0,0.0,0.0,0.0,0.0,0.0,0.0,0.0,0.0,0.0,0.0,0.0,0.0,0.0,0.0,0.0,0.0,0.0,0.0,0.0,0.0,0.0,0.0,0.0,0.0,0.0,0.0,0.0,0.0,0.0,0.0,0.0,0.0,0.0,0.0,0.0,0.0,0.0,0.0,0.0,0.0,0.0,0.0,0.0,0.0,0.0,0.0,0.0,0.0,0.0,0.0,0.0,0.0,0.0,-14,0.0,0,0.0,-27,0.0,0.0,5,0,0,0,0,0,0,0.0,~
624,Asmir,Begovic,GKP,EVE,?,"Begovic (GKP, ?)",0,0,0,0,0,0,0,0,0,0,0,0,0,0,17,0.0,0.0,0.0,0.0,0.0,0.0,0.0,0.0,0.0,0.0,0.0,0.0,0.0,0.0,0.0,0.0,0.0,0.0,0.0,0.0,0.0,0.0,0.0,0.0,0.0,0.0,0.0,0.0,0.0,0.0,0.0,0.0,0.0,0.0,0.0,0.0,0.0,0.0,0.0,0.0,0.0,0.0,0.0,0.0,0.0,0.0,0.0,0.0,0.0,0.0,0.0,0.0,0.0,0.0,0.0,0.0,0.0,0.0,0.0,0.0,0.0,0.0,0.0,0.0,0.0,0.0,0.0,0.0,0.0,0.0,0.0,0.0,0.0,0.0,0.0,0.0,0.0,0.0,0.0,0.0,0.0,0.0,0.0,0.0,0.0,0.0,0.0,0.0,0.0,0.0,0.0,0.0,0.0,0.0,0.0,0.0,0.0,0.0,0.0,0.0,0.0,0.0,0.0,0.0,0.0,0.0,0.0,0.0,0.0,0.0,0.0,0.0,0.0,0.0,0.0,0.0,0.0,0.0,0.0,0.0,0.0,0.0,0.0,0.0,0.0,0.0,0.0,0.0,0.0,0.0,0.0,0.0,0.0,0.0,0.0,0.0,0.0,0.0,0.0,0.0,-14,0.0,9,0.0,0,0.0,0.0,5,0,0,0,0,0,0,0.0,~
627,Roman,Dixon,DEF,EVE,?,"Dixon (DEF, ?)",0,90,0,4,0,0,0,0,0,0,0,0,0,1,16,0.0,0.0,0.0,0.0,0.0,0.0,0.0,0.0,0.0,0.0,0.0,0.0,0.0,0.0,0.0,0.0,0.0,5.294117647058823,9.965397923875432,21.176470588235293,0.0,0.0,0.0,0.0,0.0,0.0,0.0,0.2352941176470588,0.4429065743944637,0.9411764705882354,0.0,0.0,0.0,0.0,0.0,0.0,0.0,0.0,0.0,0.0,0.0,0.0,0.0,0.0,0.0,0.0,0.0,0.0,0.0,0.0,0.0,0.0,0.0,0.0,0.0,0.0,0.0,0.0,0.0,0.0,0.0,0.0,0.0,0.0,0.0,0.0,0.0,0.0,0.0,0.0,0.0,0.0,0.0,0.0,0.0,0.0,0.0,0.0,0.0,0.0,90.0,0.0,90.0,0.0,0.0,0.0,0.0,0.0,0.0,0.0,4.0,0.0,4.0,0.0,0.0,0.0,0.0,0.0,0.0,0.0,0.0,0.0,0.0,0.0,0.0,0.0,0.0,0.0,0.0,0.0,0.0,0.0,0.0,0.0,0.0,0.0,0.0,0.0,0.0,0.0,0.0,0.0,0.0,0.0,0.0,0.0,0.0,0.0,0.0,0.0,0.0,0.0,0.0,0.0,0.0,0.0,0.0,0.0,0.0,0.0,-14,0.0,9,0.0,0,0.0,0.0,5,0,0,0,0,0,0,0.0,~
678,Callum,Bates,MID,EVE,?,"Bates (MID, ?)",0,0,0,0,0,0,0,0,0,0,0,0,0,0,17,0.0,0.0,0.0,0.0,0.0,0.0,0.0,0.0,0.0,0.0,0.0,0.0,0.0,0.0,0.0,0.0,0.0,0.0,0.0,0.0,0.0,0.0,0.0,0.0,0.0,0.0,0.0,0.0,0.0,0.0,0.0,0.0,0.0,0.0,0.0,0.0,0.0,0.0,0.0,0.0,0.0,0.0,0.0,0.0,0.0,0.0,0.0,0.0,0.0,0.0,0.0,0.0,0.0,0.0,0.0,0.0,0.0,0.0,0.0,0.0,0.0,0.0,0.0,0.0,0.0,0.0,0.0,0.0,0.0,0.0,0.0,0.0,0.0,0.0,0.0,0.0,0.0,0.0,0.0,0.0,0.0,0.0,0.0,0.0,0.0,0.0,0.0,0.0,0.0,0.0,0.0,0.0,0.0,0.0,0.0,0.0,0.0,0.0,0.0,0.0,0.0,0.0,0.0,0.0,0.0,0.0,0.0,0.0,0.0,0.0,0.0,0.0,0.0,0.0,0.0,0.0,0.0,0.0,0.0,0.0,0.0,0.0,0.0,0.0,0.0,0.0,0.0,0.0,0.0,0.0,0.0,0.0,0.0,0.0,0.0,0.0,0.0,0.0,0.0,0.0,-14,0.0,0,0.0,-27,0.0,0.0,5,0,0,0,0,0,0,0.0,~
255,Antonee,Robinson,DEF,FUL,?,"Robinson (DEF, ?)",62,1620,0,23,0,6,3,0,0,0,4,0,5,18,0,4.0,2.0,3.6666666666666665,2.333333333333333,2.3570226039551585,90.0,0.0,90.0,0.0,0.0,2.0,1.5,3.4444444444444446,2.271604938271605,2.408831487630977,90.0,0.0,90.0,0.0,0.0,0.0,0.0,0.0,0.0,0.0,1.0,0.0,1.2777777777777777,0.7654320987654322,1.0437941237808854,0.0,0.0,0.0,0.0,0.0,0.0,0.0,0.3333333333333333,0.4814814814814815,0.5773502691896257,0.0,0.0,0.1666666666666666,0.2777777777777778,0.372677996249965,0.0,0.0,0.0,0.0,0.0,0.0,0.0,0.0,0.0,0.0,0.0,0.0,0.0,0.0,0.0,0.0,0.0,0.2222222222222222,0.345679012345679,0.415739709641549,0.0,0.0,0.0,0.0,0.0,0.0,0.0,0.2777777777777778,0.4320987654320987,0.558326423395605,2.0,1.5,3.4444444444444446,2.271604938271605,2.408831487630977,90.0,0.0,90.0,0.0,0.0,0.0,0.0,0.0,0.0,0.0,1.0,0.0,1.2777777777777777,0.7654320987654322,1.0437941237808854,0.0,0.0,0.0,0.0,0.0,0.0,0.0,0.3333333333333333,0.4814814814814815,0.5773502691896257,0.0,0.0,0.1666666666666666,0.2777777777777778,0.372677996249965,0.0,0.0,0.0,0.0,0.0,0.0,0.0,0.0,0.0,0.0,0.0,0.0,0.0,0.0,0.0,0.0,0.0,0.2222222222222222,0.345679012345679,0.415739709641549,0.0,0.0,0.0,0.0,0.0,0.0,0.0,0.2777777777777778,0.4320987654320987,0.558326423395605,17,12.833333333333334,22,13.666666666666668,0,0.0,13.25,5,4,1,7,8,2,22,8.75,5↑
247,Alex,Iwobi,MID,FUL,?,"Iwobi (MID, ?)",83,1570,5,20,0,3,5,0,0,0,1,0,9,18,0,2.5,0.5,4.833333333333333,3.444444444444444,4.6696419087073,90.0,0.0,89.16666666666667,1.3888888888888855,1.8633899812498245,3.0,1.0,4.611111111111111,2.8580246913580245,3.6076906877898263,90.0,0.0,87.22222222222223,4.098765432098762,6.355710953811152,0.0,0.0,0.2777777777777778,0.4320987654320987,0.558326423395605,1.0,0.5,1.1111111111111112,0.7283950617283951,1.048220125784067,0.0,0.0,0.0,0.0,0.0,0.0,0.0,0.1666666666666666,0.2777777777777778,0.3726779962499649,0.0,0.0,0.2777777777777778,0.4012345679012346,0.4479032082388083,0.0,0.0,0.0,0.0,0.0,0.0,0.0,0.0,0.0,0.0,0.0,0.0,0.0,0.0,0.0,0.0,0.0,0.0555555555555555,0.1049382716049382,0.2290614236454256,0.0,0.0,0.0,0.0,0.0,0.0,0.0,0.5,0.7777777777777778,1.0137937550497031,3.0,1.0,4.611111111111111,2.8580246913580245,3.6076906877898263,90.0,0.0,87.22222222222223,4.098765432098762,6.355710953811152,0.0,0.0,0.2777777777777778,0.4320987654320987,0.558326423395605,1.0,0.5,1.1111111111111112,0.7283950617283951,1.048220125784067,0.0,0.0,0.0,0.0,0.0,0.0,0.0,0.1666666666666666,0.2777777777777778,0.3726779962499649,0.0,0.0,0.2777777777777778,0.4012345679012346,0.4479032082388083,0.0,0.0,0.0,0.0,0.0,0.0,0.0,0.0,0.0,0.0,0.0,0.0,0.0,0.0,0.0,0.0,0.0,0.0555555555555555,0.1049382716049382,0.2290614236454256,0.0,0.0,0.0,0.0,0.0,0.0,0.0,0.5,0.7777777777777778,1.0137937550497031,17,16.88888888888889,0,0.0,6,15.666666666666666,16.27777777778,5,2,2,15,1,2,22,5.722222222220001,4↑
248,Bernd,Leno,GKP,FUL,?,"Leno (GKP, ?)",57,1620,0,23,0,1,3,52,0,0,2,0,2,18,0,2.5,1.0,3.0,1.3333333333333333,1.632993161855452,90.0,0.0,90.0,0.0,0.0,3.0,1.0,3.1666666666666665,1.4629629629629628,2.006932429798716,90.0,0.0,90.0,0.0,0.0,0.0,0.0,0.0,0.0,0.0,1.0,0.0,1.2777777777777777,0.7654320987654322,1.0437941237808854,0.0,0.0,0.0,0.0,0.0,0.0,0.0,0.0555555555555555,0.1049382716049382,0.2290614236454256,0.0,0.0,0.1666666666666666,0.2777777777777778,0.372677996249965,3.0,1.0,2.888888888888889,1.2345679012345678,1.5234788000891208,0.0,0.0,0.0,0.0,0.0,0.0,0.0,0.0,0.0,0.0,0.0,0.0,0.1111111111111111,0.1975308641975308,0.3142696805273545,0.0,0.0,0.0,0.0,0.0,0.0,0.0,0.1111111111111111,0.2098765432098765,0.4581228472908512,3.0,1.0,3.1666666666666665,1.4629629629629628,2.006932429798716,90.0,0.0,90.0,0.0,0.0,0.0,0.0,0.0,0.0,0.0,1.0,0.0,1.2777777777777777,0.7654320987654322,1.0437941237808854,0.0,0.0,0.0,0.0,0.0,0.0,0.0,0.0555555555555555,0.1049382716049382,0.2290614236454256,0.0,0.0,0.1666666666666666,0.2777777777777778,0.372677996249965,3.0,1.0,2.888888888888889,1.2345679012345678,1.5234788000891208,0.0,0.0,0.0,0.0,0.0,0.0,0.0,0.0,0.0,0.0,0.0,0.0,0.1111111111111111,0.1975308641975308,0.3142696805273545,0.0,0.0,0.0,0.0,0.0,0.0,0.0,0.1111111111111111,0.2098765432098765,0.4581228472908512,17,16.88888888888889,22,17.444444444444443,0,0.0,17.16666666667,5,3,1,1,7,2,14,-3.1666666666700003,3↓
251,Rodrigo,Muniz Carvalho,FWD,FUL,?,"Muniz (FWD, ?)",41,540,3,9,0,1,2,0,0,0,1,0,5,17,1,2.0,1.0,3.333333333333333,2.444444444444444,2.6246692913372702,19.0,7.5,33.5,24.33333333333333,26.562818625539972,1.5,0.5,2.2777777777777777,1.654320987654321,2.155240526807869,16.5,5.5,30.0,24.88888888888889,28.538473057338656,0.0,0.0,0.1666666666666666,0.2777777777777778,0.372677996249965,0.0,0.0,0.5,0.5555555555555556,0.6009252125773316,0.0,0.0,0.0,0.0,0.0,0.0,0.0,0.0555555555555555,0.1049382716049382,0.2290614236454256,0.0,0.0,0.1111111111111111,0.1975308641975308,0.3142696805273545,0.0,0.0,0.0,0.0,0.0,0.0,0.0,0.0,0.0,0.0,0.0,0.0,0.0,0.0,0.0,0.0,0.0,0.0555555555555555,0.1049382716049382,0.2290614236454256,0.0,0.0,0.0,0.0,0.0,0.0,0.0,0.2777777777777778,0.462962962962963,0.6502611061510903,2.0,1.0,2.411764705882353,1.6885813148788926,2.1436314303868937,17.0,5.0,31.764705882352946,25.314878892733564,28.395379515947155,0.0,0.0,0.1764705882352941,0.2906574394463668,0.3812200410828153,0.0,0.0,0.5294117647058824,0.5605536332179931,0.605625302411,0.0,0.0,0.0,0.0,0.0,0.0,0.0,0.0588235294117647,0.1107266435986159,0.2352941176470588,0.0,0.0,0.1176470588235294,0.2076124567474048,0.3221897397089212,0.0,0.0,0.0,0.0,0.0,0.0,0.0,0.0,0.0,0.0,0.0,0.0,0.0,0.0,0.0,0.0,0.0,0.0588235294117647,0.1107266435986159,0.2352941176470588,0.0,0.0,0.0,0.0,0.0,0.0,0.0,0.2941176470588235,0.4844290657439445,0.6655122646461624,17,8.444444444444445,0,0.0,6,7.833333333333333,8.13888888889,5,1,1,1,1,1,5,-3.1388888888899995,3↓
252,Raúl,Jiménez,FWD,FUL,?,"Raúl (FWD, ?)",65,1065,5,14,0,2,4,0,0,0,2,0,10,18,0,2.0,0.5,2.5,1.8333333333333333,2.565800719723442,70.0,7.5,55.5,24.33333333333333,26.562818625539972,2.0,1.0,3.611111111111111,2.635802469135802,2.927624916945644,72.5,5.5,59.16666666666666,24.98148148148148,28.713624331007438,0.0,0.0,0.2777777777777778,0.4012345679012346,0.4479032082388083,1.0,1.0,0.7777777777777778,0.691358024691358,0.8534606386520677,0.0,0.0,0.0,0.0,0.0,0.0,0.0,0.1111111111111111,0.1975308641975308,0.3142696805273545,0.0,0.0,0.2222222222222222,0.345679012345679,0.415739709641549,0.0,0.0,0.0,0.0,0.0,0.0,0.0,0.0,0.0,0.0,0.0,0.0,0.0,0.0,0.0,0.0,0.0,0.1111111111111111,0.1975308641975308,0.3142696805273544,0.0,0.0,0.0,0.0,0.0,0.0,0.0,0.5555555555555556,0.8641975308641974,1.11665284679121,2.0,1.0,3.611111111111111,2.635802469135802,2.927624916945644,72.5,5.5,59.16666666666666,24.98148148148148,28.713624331007438,0.0,0.0,0.2777777777777778,0.4012345679012346,0.4479032082388083,1.0,1.0,0.7777777777777778,0.691358024691358,0.8534606386520677,0.0,0.0,0.0,0.0,0.0,0.0,0.0,0.1111111111111111,0.1975308641975308,0.3142696805273545,0.0,0.0,0.2222222222222222,0.345679012345679,0.415739709641549,0.0,0.0,0.0,0.0,0.0,0.0,0.0,0.0,0.0,0.0,0.0,0.0,0.0,0.0,0.0,0.0,0.0,0.1111111111111111,0.1975308641975308,0.3142696805273544,0.0,0.0,0.0,0.0,0.0,0.0,0.0,0.5555555555555556,0.8641975308641974,1.11665284679121,17,11.88888888888889,0,0.0,6,10.666666666666666,11.27777777778,5,9,13,1,2,2,27,15.72222222222,6↑
259,Harry,Wilson,MID,FUL,?,"Wilson (MID, ?)",39,436,4,7,0,0,1,0,0,0,2,0,3,14,4,2.0,1.0,2.5,1.3333333333333333,1.707825127659933,54.5,29.0,55.333333333333336,28.33333333333333,28.505360119731087,1.0,1.0,2.1666666666666665,2.1481481481481475,3.166666666666667,11.5,11.5,24.22222222222222,21.629629629629637,28.469390103047623,0.0,0.0,0.2222222222222222,0.3703703703703704,0.5328701692569688,0.0,0.0,0.3888888888888889,0.5617283950617283,0.6781419786518724,0.0,0.0,0.0,0.0,0.0,0.0,0.0,0.0,0.0,0.0,0.0,0.0,0.0555555555555555,0.1049382716049382,0.2290614236454256,0.0,0.0,0.0,0.0,0.0,0.0,0.0,0.0,0.0,0.0,0.0,0.0,0.0,0.0,0.0,0.0,0.0,0.1111111111111111,0.1975308641975308,0.3142696805273545,0.0,0.0,0.0,0.0,0.0,0.0,0.0,0.1666666666666666,0.3148148148148148,0.6871842709362769,1.0,0.5,2.7857142857142856,2.408163265306122,3.3419107329398816,22.0,11.5,31.142857142857142,22.51020408163265,28.74980035423139,0.0,0.0,0.2857142857142857,0.4489795918367346,0.5890150893739516,0.0,0.0,0.5,0.6428571428571429,0.7319250547113999,0.0,0.0,0.0,0.0,0.0,0.0,0.0,0.0,0.0,0.0,0.0,0.0,0.0714285714285714,0.1326530612244897,0.2575393768188563,0.0,0.0,0.0,0.0,0.0,0.0,0.0,0.0,0.0,0.0,0.0,0.0,0.0,0.0,0.0,0.0,0.0,0.1428571428571428,0.2448979591836734,0.3499271061118826,0.0,0.0,0.0,0.0,0.0,0.0,0.0,0.2142857142857142,0.3979591836734694,0.7726181304565691,17,6.888888888888888,0,0.0,6,5.666666666666666,6.27777777778,5,8,6,2,7,1,24,17.72222222222,6↑
245,Issa,Diop,DEF,FUL,?,"Diop (DEF, ?)",22,930,0,11,1,0,1,0,0,0,2,0,0,13,5,2.0,0.0,2.333333333333333,1.2222222222222223,1.795054935711501,90.0,0.0,90.0,0.0,0.0,1.5,0.5,1.2222222222222223,1.2222222222222223,1.617802197617893,90.0,0.0,51.66666666666666,42.59259259259258,43.12385264174186,0.0,0.0,0.0,0.0,0.0,1.0,0.5,0.6111111111111112,0.5432098765432098,0.590563656263036,0.0,0.0,0.0555555555555555,0.1049382716049382,0.2290614236454256,0.0,0.0,0.0,0.0,0.0,0.0,0.0,0.0555555555555555,0.1049382716049382,0.2290614236454256,0.0,0.0,0.0,0.0,0.0,0.0,0.0,0.0,0.0,0.0,0.0,0.0,0.0,0.0,0.0,0.0,0.0,0.1111111111111111,0.1975308641975308,0.3142696805273545,0.0,0.0,0.0,0.0,0.0,0.0,0.0,0.0,0.0,0.0,2.0,0.0,1.6923076923076923,1.0414201183431953,1.6817854699288803,90.0,0.0,71.53846153846153,28.40236686390532,33.96064551487474,0.0,0.0,0.0,0.0,0.0,1.0,0.0,0.8461538461538461,0.3905325443786982,0.532938710021193,0.0,0.0,0.0769230769230769,0.1420118343195266,0.2664693550105965,0.0,0.0,0.0,0.0,0.0,0.0,0.0,0.0769230769230769,0.1420118343195266,0.2664693550105965,0.0,0.0,0.0,0.0,0.0,0.0,0.0,0.0,0.0,0.0,0.0,0.0,0.0,0.0,0.0,0.0,0.0,0.1538461538461538,0.2603550295857988,0.3608012122941099,0.0,0.0,0.0,0.0,0.0,0.0,0.0,0.0,0.0,0.0,17,8.444444444444445,22,8.722222222222221,0,0.0,8.58333333333,5,1,1,0,1,0,3,-5.58333333333,4↓
241,Calvin,Bassey,DEF,FUL,?,"Bassey (DEF, ?)",37,1530,0,21,0,0,3,0,0,0,5,0,0,17,1,2.0,0.5,2.1666666666666665,1.2777777777777777,1.863389981249825,90.0,0.0,75.0,25.0,33.54101966249684,2.0,0.5,2.055555555555556,1.3148148148148149,1.98528537613396,90.0,0.0,85.0,9.444444444444445,20.615528128088304,0.0,0.0,0.0,0.0,0.0,1.0,0.0,1.1666666666666667,0.7222222222222222,1.0671873729054748,0.0,0.0,0.0,0.0,0.0,0.0,0.0,0.0,0.0,0.0,0.0,0.0,0.1666666666666666,0.2777777777777778,0.3726779962499649,0.0,0.0,0.0,0.0,0.0,0.0,0.0,0.0,0.0,0.0,0.0,0.0,0.0,0.0,0.0,0.0,0.0,0.2777777777777778,0.4012345679012346,0.4479032082388083,0.0,0.0,0.0,0.0,0.0,0.0,0.0,0.0,0.0,0.0,2.0,0.0,2.176470588235294,1.3494809688581313,1.9773807428201893,90.0,0.0,90.0,0.0,0.0,0.0,0.0,0.0,0.0,0.0,1.0,0.0,1.2352941176470589,0.7404844290657441,1.0588235294117647,0.0,0.0,0.0,0.0,0.0,0.0,0.0,0.0,0.0,0.0,0.0,0.0,0.1764705882352941,0.2906574394463668,0.3812200410828153,0.0,0.0,0.0,0.0,0.0,0.0,0.0,0.0,0.0,0.0,0.0,0.0,0.0,0.0,0.0,0.0,0.0,0.2941176470588235,0.4152249134948096,0.4556450995538137,0.0,0.0,0.0,0.0,0.0,0.0,0.0,0.0,0.0,0.0,17,10.944444444444445,22,11.22222222222222,0,0.0,11.08333333333,5,1,1,1,6,2,11,-0.0833333333299997,~
244,Timothy,Castagne,DEF,FUL,?,"Castagne (DEF, ?)",17,358,0,6,0,1,1,0,0,0,0,0,0,8,10,1.5,1.0,2.5,2.0,2.217355782608345,62.5,27.5,51.5,38.5,40.05725069613906,0.0,0.0,0.9444444444444444,1.1543209876543208,1.7150387822703477,0.0,0.0,19.88888888888889,25.049382716049383,32.69367741949316,0.0,0.0,0.0,0.0,0.0,0.0,0.0,0.3333333333333333,0.4814814814814815,0.5773502691896257,0.0,0.0,0.0,0.0,0.0,0.0,0.0,0.0555555555555555,0.1049382716049382,0.2290614236454256,0.0,0.0,0.0555555555555555,0.1049382716049382,0.2290614236454256,0.0,0.0,0.0,0.0,0.0,0.0,0.0,0.0,0.0,0.0,0.0,0.0,0.0,0.0,0.0,0.0,0.0,0.0,0.0,0.0,0.0,0.0,0.0,0.0,0.0,0.0,0.0,0.0,0.0,0.0,1.0,0.5,2.125,1.6875,2.027159342528357,27.0,18.5,44.75,33.9375,35.95048678390878,0.0,0.0,0.0,0.0,0.0,1.0,0.5,0.75,0.5625,0.6614378277661477,0.0,0.0,0.0,0.0,0.0,0.0,0.0,0.125,0.21875,0.3307189138830738,0.0,0.0,0.125,0.21875,0.3307189138830738,0.0,0.0,0.0,0.0,0.0,0.0,0.0,0.0,0.0,0.0,0.0,0.0,0.0,0.0,0.0,0.0,0.0,0.0,0.0,0.0,0.0,0.0,0.0,0.0,0.0,0.0,0.0,0.0,0.0,0.0,17,0.0,22,0.0,0,0.0,0.0,5,1,1,0,6,2,10,10.0,5↑
240,Andreas,Hoelgebaum Pereira,MID,FUL,?,"Andreas (MID, ?)",43,1082,2,13,0,2,4,0,0,1,5,0,1,16,2,1.5,1.5,2.0,1.6666666666666667,2.0816659994661326,24.5,24.5,31.5,25.666666666666668,29.19902966424284,2.0,1.0,2.388888888888889,1.6975308641975309,2.214570158666083,67.5,12.5,60.11111111111112,21.50617283950617,27.696547897384228,0.0,0.0,0.1111111111111111,0.1975308641975308,0.3142696805273545,1.0,1.0,0.7222222222222222,0.6419753086419752,0.7307192465536614,0.0,0.0,0.0,0.0,0.0,0.0,0.0,0.1111111111111111,0.1975308641975308,0.3142696805273545,0.0,0.0,0.2222222222222222,0.345679012345679,0.415739709641549,0.0,0.0,0.0,0.0,0.0,0.0,0.0,0.0,0.0,0.0,0.0,0.0,0.0555555555555555,0.1049382716049382,0.2290614236454256,0.0,0.0,0.2777777777777778,0.4012345679012345,0.4479032082388083,0.0,0.0,0.0,0.0,0.0,0.0,0.0,0.0555555555555555,0.1049382716049382,0.2290614236454256,2.0,1.0,2.6875,1.6484375,2.171369095755026,68.0,10.0,67.625,13.171875,18.837711511752165,0.0,0.0,0.125,0.21875,0.3307189138830738,1.0,1.0,0.8125,0.609375,0.7261843774138906,0.0,0.0,0.0,0.0,0.0,0.0,0.0,0.125,0.21875,0.3307189138830738,0.0,0.0,0.25,0.375,0.4330127018922193,0.0,0.0,0.0,0.0,0.0,0.0,0.0,0.0,0.0,0.0,0.0,0.0,0.0625,0.1171875,0.2420614591379635,0.0,0.0,0.3125,0.4296875,0.4635124054434789,0.0,0.0,0.0,0.0,0.0,0.0,0.0,0.0625,0.1171875,0.2420614591379635,17,11.88888888888889,0,0.0,6,10.666666666666666,11.27777777778,5,5,0,2,0,1,8,-3.277777777780001,3↓
622,Sander,Berge,MID,FUL,?,"Berge (MID, ?)",26,956,0,14,0,0,2,0,0,0,2,0,2,14,4,1.5,1.0,1.8333333333333333,1.1666666666666667,1.343709624716425,90.0,0.0,72.5,24.166666666666668,32.882366094914765,1.0,1.0,1.4444444444444444,0.9382716049382716,1.11665284679121,69.5,20.5,53.11111111111112,35.20987654320987,37.4564768006948,0.0,0.0,0.0,0.0,0.0,1.0,1.0,0.7777777777777778,0.6913580246913581,0.8534606386520677,0.0,0.0,0.0,0.0,0.0,0.0,0.0,0.0,0.0,0.0,0.0,0.0,0.1111111111111111,0.1975308641975308,0.3142696805273545,0.0,0.0,0.0,0.0,0.0,0.0,0.0,0.0,0.0,0.0,0.0,0.0,0.0,0.0,0.0,0.0,0.0,0.1111111111111111,0.1975308641975308,0.3142696805273545,0.0,0.0,0.0,0.0,0.0,0.0,0.0,0.1111111111111111,0.2098765432098765,0.4581228472908512,2.0,1.0,1.8571428571428568,0.7346938775510203,0.9147320339189784,84.5,5.5,68.28571428571429,24.204081632653065,27.706184382935604,0.0,0.0,0.0,0.0,0.0,1.0,0.5,1.0,0.5714285714285714,0.8451542547285166,0.0,0.0,0.0,0.0,0.0,0.0,0.0,0.0,0.0,0.0,0.0,0.0,0.1428571428571428,0.2448979591836734,0.3499271061118826,0.0,0.0,0.0,0.0,0.0,0.0,0.0,0.0,0.0,0.0,0.0,0.0,0.0,0.0,0.0,0.0,0.0,0.1428571428571428,0.2448979591836734,0.3499271061118826,0.0,0.0,0.0,0.0,0.0,0.0,0.0,0.1428571428571428,0.2653061224489795,0.5150787536377127,17,6.888888888888888,0,0.0,6,5.666666666666666,6.27777777778,5,0,0,0,3,2,5,-1.27777777778,1↓
249,Saša,Lukić,MID,FUL,?,"Lukić (MID, ?)",23,984,0,15,0,1,2,0,0,0,7,0,1,13,5,1.0,0.5,1.6666666666666667,1.222222222222222,1.5986105077709063,75.5,14.5,57.66666666666666,33.44444444444445,37.17824931626316,1.0,1.0,1.2777777777777777,0.9753086419753088,1.238527600533775,73.5,16.5,54.66666666666666,35.85185185185185,38.8901587094273,0.0,0.0,0.0,0.0,0.0,0.5,0.5,0.8333333333333334,0.8333333333333335,1.118033988749895,0.0,0.0,0.0,0.0,0.0,0.0,0.0,0.0555555555555555,0.1049382716049382,0.2290614236454256,0.0,0.0,0.1111111111111111,0.1975308641975308,0.3142696805273545,0.0,0.0,0.0,0.0,0.0,0.0,0.0,0.0,0.0,0.0,0.0,0.0,0.0,0.0,0.0,0.0,0.0,0.3888888888888889,0.4753086419753086,0.4874980215217846,0.0,0.0,0.0,0.0,0.0,0.0,0.0,0.0555555555555555,0.1049382716049382,0.2290614236454256,2.0,0.0,1.7692307692307692,0.7455621301775148,1.1200169060431566,90.0,0.0,75.6923076923077,17.96449704142012,22.420404907427915,0.0,0.0,0.0,0.0,0.0,1.0,1.0,1.1538461538461535,0.8520710059171596,1.166596222161777,0.0,0.0,0.0,0.0,0.0,0.0,0.0,0.0769230769230769,0.1420118343195266,0.2664693550105965,0.0,0.0,0.1538461538461538,0.2603550295857987,0.3608012122941099,0.0,0.0,0.0,0.0,0.0,0.0,0.0,0.0,0.0,0.0,0.0,0.0,0.0,0.0,0.0,1.0,0.0,0.5384615384615384,0.4970414201183432,0.4985185152621431,0.0,0.0,0.0,0.0,0.0,0.0,0.0,0.0769230769230769,0.1420118343195266,0.2664693550105965,17,6.888888888888888,0,0.0,6,5.666666666666666,6.27777777778,5,2,2,1,5,2,12,5.72222222222,4↑
19,Emile,Smith Rowe,MID,FUL,?,"Smith Rowe (MID, ?)",61,1088,3,14,0,2,5,0,0,0,1,0,8,16,2,1.0,1.0,1.0,0.6666666666666666,0.816496580927726,40.0,35.0,39.16666666666666,32.166666666666664,33.770878315824454,2.0,1.0,3.388888888888889,2.78395061728395,3.3522610758990194,70.5,12.0,60.44444444444444,22.185185185185187,28.06583969926237,0.0,0.0,0.1666666666666666,0.2777777777777778,0.3726779962499649,1.0,0.5,0.7777777777777778,0.6049382716049384,0.7856742013183863,0.0,0.0,0.0,0.0,0.0,0.0,0.0,0.1111111111111111,0.1975308641975308,0.3142696805273545,0.0,0.0,0.2777777777777778,0.4012345679012346,0.4479032082388083,0.0,0.0,0.0,0.0,0.0,0.0,0.0,0.0,0.0,0.0,0.0,0.0,0.0,0.0,0.0,0.0,0.0,0.0555555555555555,0.1049382716049382,0.2290614236454256,0.0,0.0,0.0,0.0,0.0,0.0,0.0,0.4444444444444444,0.691358024691358,0.955813918560292,2.0,1.0,3.8125,2.8671875,3.320744457196308,71.5,10.5,68.0,14.25,19.29702049540291,0.0,0.0,0.1875,0.3046875,0.3903123748998999,1.0,0.0,0.875,0.546875,0.7806247497997998,0.0,0.0,0.0,0.0,0.0,0.0,0.0,0.125,0.21875,0.3307189138830738,0.0,0.0,0.3125,0.4296875,0.4635124054434789,0.0,0.0,0.0,0.0,0.0,0.0,0.0,0.0,0.0,0.0,0.0,0.0,0.0,0.0,0.0,0.0,0.0,0.0625,0.1171875,0.2420614591379635,0.0,0.0,0.0,0.0,0.0,0.0,0.0,0.5,0.75,1.0,17,11.88888888888889,0,0.0,6,10.666666666666666,11.27777777778,5,1,1,2,11,2,17,5.722222222219999,4↑
239,Adama,Traoré,MID,FUL,?,"Adama (MID, ?)",45,910,1,13,0,3,3,0,0,0,2,0,3,17,1,1.0,0.0,1.0,0.3333333333333333,0.5773502691896257,23.5,22.0,29.166666666666668,22.222222222222225,25.452024586573767,2.0,1.0,2.5,1.5,2.034425935955617,66.5,23.5,50.55555555555556,28.765432098765437,31.408106211652896,0.0,0.0,0.0555555555555555,0.1049382716049382,0.2290614236454256,0.5,0.5,0.7222222222222222,0.7222222222222222,0.8695819912499182,0.0,0.0,0.0,0.0,0.0,0.0,0.0,0.1666666666666666,0.2777777777777778,0.3726779962499649,0.0,0.0,0.1666666666666666,0.2777777777777778,0.3726779962499649,0.0,0.0,0.0,0.0,0.0,0.0,0.0,0.0,0.0,0.0,0.0,0.0,0.0,0.0,0.0,0.0,0.0,0.1111111111111111,0.1975308641975308,0.3142696805273545,0.0,0.0,0.0,0.0,0.0,0.0,0.0,0.1666666666666666,0.3148148148148148,0.6871842709362769,2.0,1.0,2.647058823529412,1.467128027681661,1.9982691472309448,67.0,23.0,53.52941176470589,26.60899653979239,29.754125066577046,0.0,0.0,0.0588235294117647,0.1107266435986159,0.2352941176470588,1.0,1.0,0.7647058823529411,0.7197231833910034,0.8764508485736082,0.0,0.0,0.0,0.0,0.0,0.0,0.0,0.1764705882352941,0.2906574394463668,0.3812200410828153,0.0,0.0,0.1764705882352941,0.2906574394463668,0.3812200410828153,0.0,0.0,0.0,0.0,0.0,0.0,0.0,0.0,0.0,0.0,0.0,0.0,0.0,0.0,0.0,0.0,0.0,0.1176470588235294,0.2076124567474048,0.3221897397089212,0.0,0.0,0.0,0.0,0.0,0.0,0.0,0.1764705882352941,0.3321799307958478,0.7058823529411765,17,11.88888888888889,0,0.0,6,10.666666666666666,11.27777777778,5,1,1,1,6,1,10,-1.2777777777800008,1↓
257,Kenny,Tete,DEF,FUL,?,"Tete (DEF, ?)",37,1262,0,17,0,2,2,0,0,0,3,0,0,15,3,0.5,0.5,1.3333333333333333,1.4444444444444444,1.7950549357115015,27.0,27.0,39.0,39.0,40.80441152620633,2.0,1.0,2.055555555555556,1.1975308641975309,1.682333769969636,90.0,0.0,70.11111111111111,25.17283950617284,32.825953297300345,0.0,0.0,0.0,0.0,0.0,1.0,0.0,0.9444444444444444,0.5246913580246914,0.7797593804232332,0.0,0.0,0.0,0.0,0.0,0.0,0.0,0.1111111111111111,0.1975308641975308,0.3142696805273545,0.0,0.0,0.1111111111111111,0.1975308641975308,0.3142696805273545,0.0,0.0,0.0,0.0,0.0,0.0,0.0,0.0,0.0,0.0,0.0,0.0,0.0,0.0,0.0,0.0,0.0,0.1666666666666666,0.2777777777777778,0.3726779962499649,0.0,0.0,0.0,0.0,0.0,0.0,0.0,0.0,0.0,0.0,2.0,1.0,2.466666666666667,1.2177777777777776,1.5434449203720302,90.0,0.0,84.13333333333334,8.604444444444441,10.644977949979772,0.0,0.0,0.0,0.0,0.0,1.0,0.0,1.1333333333333333,0.4799999999999998,0.7180219742846006,0.0,0.0,0.0,0.0,0.0,0.0,0.0,0.1333333333333333,0.2311111111111111,0.339934634239519,0.0,0.0,0.1333333333333333,0.2311111111111111,0.339934634239519,0.0,0.0,0.0,0.0,0.0,0.0,0.0,0.0,0.0,0.0,0.0,0.0,0.0,0.0,0.0,0.0,0.0,0.2,0.32,0.4000000000000001,0.0,0.0,0.0,0.0,0.0,0.0,0.0,0.0,0.0,0.0,17,11.88888888888889,22,12.444444444444445,0,0.0,12.16666666667,5,0,0,0,0,0,0,-12.16666666667,6↓
243,Tom,Cairney,MID,FUL,?,"Cairney (MID, ?)",14,261,1,5,0,0,1,0,0,0,2,1,0,12,6,0.5,0.5,1.1666666666666667,1.2222222222222223,1.343709624716425,8.5,8.5,18.83333333333333,19.444444444444443,26.541895603408253,1.0,1.0,0.7777777777777778,0.6913580246913581,0.9162456945817024,9.0,9.0,14.5,13.0,17.9265476629247,0.0,0.0,0.0555555555555555,0.1049382716049382,0.2290614236454256,0.0,0.0,0.2777777777777778,0.4320987654320987,0.558326423395605,0.0,0.0,0.0,0.0,0.0,0.0,0.0,0.0,0.0,0.0,0.0,0.0,0.0555555555555555,0.1049382716049382,0.2290614236454256,0.0,0.0,0.0,0.0,0.0,0.0,0.0,0.0,0.0,0.0,0.0,0.0,0.0,0.0,0.0,0.0,0.0,0.1111111111111111,0.1975308641975308,0.3142696805273545,0.0,0.0,0.0555555555555555,0.1049382716049382,0.2290614236454256,0.0,0.0,0.0,0.0,0.0,1.0,0.0,1.1666666666666667,0.6111111111111112,0.8975274678557508,19.0,8.0,21.75,11.666666666666666,18.009835275944827,0.0,0.0,0.0833333333333333,0.1527777777777777,0.2763853991962833,0.0,0.0,0.4166666666666667,0.5555555555555557,0.6400954789890506,0.0,0.0,0.0,0.0,0.0,0.0,0.0,0.0,0.0,0.0,0.0,0.0,0.0833333333333333,0.1527777777777777,0.2763853991962833,0.0,0.0,0.0,0.0,0.0,0.0,0.0,0.0,0.0,0.0,0.0,0.0,0.0,0.0,0.0,0.0,0.0,0.1666666666666666,0.2777777777777777,0.3726779962499649,0.0,0.0,0.0833333333333333,0.1527777777777777,0.2763853991962833,0.0,0.0,0.0,0.0,0.0,17,6.888888888888888,0,0.0,6,5.666666666666666,6.27777777778,5,1,2,1,1,1,6,-0.2777777777799999,~
586,Jorge,Cuenca Barreno,DEF,FUL,?,"J.Cuenca (DEF, ?)",4,93,0,3,0,0,0,0,0,0,0,0,0,4,14,0.5,0.5,0.5,0.5,0.5,0.5,0.5,15.333333333333334,24.88888888888889,33.39494306361702,0.0,0.0,0.2222222222222222,0.345679012345679,0.415739709641549,0.0,0.0,5.166666666666667,9.425925925925926,20.5784407140634,0.0,0.0,0.0,0.0,0.0,0.0,0.0,0.1666666666666666,0.2962962962962963,0.4999999999999999,0.0,0.0,0.0,0.0,0.0,0.0,0.0,0.0,0.0,0.0,0.0,0.0,0.0,0.0,0.0,0.0,0.0,0.0,0.0,0.0,0.0,0.0,0.0,0.0,0.0,0.0,0.0,0.0,0.0,0.0,0.0,0.0,0.0,0.0,0.0,0.0,0.0,0.0,0.0,0.0,0.0,0.0,0.0,0.0,0.0,1.0,0.0,1.0,0.0,0.0,1.0,0.0,23.25,33.375,38.53813046840752,0.0,0.0,0.0,0.0,0.0,0.5,0.5,0.75,0.75,0.82915619758885,0.0,0.0,0.0,0.0,0.0,0.0,0.0,0.0,0.0,0.0,0.0,0.0,0.0,0.0,0.0,0.0,0.0,0.0,0.0,0.0,0.0,0.0,0.0,0.0,0.0,0.0,0.0,0.0,0.0,0.0,0.0,0.0,0.0,0.0,0.0,0.0,0.0,0.0,0.0,0.0,0.0,0.0,0.0,0.0,0.0,17,0.0,22,0.0,0,0.0,0.0,5,0,0,0,0,0,0,0.0,~
10,Reiss,Nelson,MID,FUL,?,"Nelson (MID, ?)",27,483,1,9,0,1,1,0,0,0,1,0,2,12,6,0.0,0.0,0.8333333333333334,1.111111111111111,1.2133516482134197,0.0,0.0,21.83333333333333,29.111111111111114,30.98610799840614,1.0,1.0,1.5,1.3888888888888888,1.8027756377319943,18.5,18.5,26.83333333333333,25.425925925925924,29.904013108611363,0.0,0.0,0.0555555555555555,0.1049382716049382,0.2290614236454256,0.0,0.0,0.5,0.5555555555555556,0.6009252125773316,0.0,0.0,0.0,0.0,0.0,0.0,0.0,0.0555555555555555,0.1049382716049382,0.2290614236454256,0.0,0.0,0.0555555555555555,0.1049382716049382,0.2290614236454256,0.0,0.0,0.0,0.0,0.0,0.0,0.0,0.0,0.0,0.0,0.0,0.0,0.0,0.0,0.0,0.0,0.0,0.0555555555555555,0.1049382716049382,0.2290614236454256,0.0,0.0,0.0,0.0,0.0,0.0,0.0,0.1111111111111111,0.1975308641975308,0.3142696805273545,2.0,1.0,2.25,1.3333333333333333,1.7853571071357126,23.0,15.5,40.25,26.95833333333333,28.308199636618838,0.0,0.0,0.0833333333333333,0.1527777777777777,0.2763853991962833,1.0,0.0,0.75,0.5,0.5951190357119042,0.0,0.0,0.0,0.0,0.0,0.0,0.0,0.0833333333333333,0.1527777777777777,0.2763853991962833,0.0,0.0,0.0833333333333333,0.1527777777777777,0.2763853991962833,0.0,0.0,0.0,0.0,0.0,0.0,0.0,0.0,0.0,0.0,0.0,0.0,0.0,0.0,0.0,0.0,0.0,0.0833333333333333,0.1527777777777777,0.2763853991962833,0.0,0.0,0.0,0.0,0.0,0.0,0.0,0.1666666666666666,0.2777777777777777,0.372677996249965,17,6.888888888888888,0,0.0,6,5.666666666666666,6.27777777778,5,0,0,0,0,0,0,-6.27777777778,4↓
604,Josh,King,MID,FUL,?,"King (MID, ?)",4,71,0,0,0,0,1,0,0,0,0,0,0,2,16,0.0,0.0,0.6666666666666666,0.8888888888888888,1.1055415967851334,0.0,0.0,11.833333333333334,16.38888888888889,22.28913537029993,0.0,0.0,0.2222222222222222,0.3950617283950617,0.7114582486036499,0.0,0.0,3.9444444444444446,7.012345679012345,14.02565990613166,0.0,0.0,0.0,0.0,0.0,0.0,0.0,0.0,0.0,0.0,0.0,0.0,0.0,0.0,0.0,0.0,0.0,0.0,0.0,0.0,0.0,0.0,0.0555555555555555,0.1049382716049382,0.2290614236454256,0.0,0.0,0.0,0.0,0.0,0.0,0.0,0.0,0.0,0.0,0.0,0.0,0.0,0.0,0.0,0.0,0.0,0.0,0.0,0.0,0.0,0.0,0.0,0.0,0.0,0.0,0.0,0.0,0.0,0.0,2.0,1.0,2.0,1.0,1.0,35.5,25.5,35.5,25.5,25.5,0.0,0.0,0.0,0.0,0.0,0.0,0.0,0.0,0.0,0.0,0.0,0.0,0.0,0.0,0.0,0.0,0.0,0.0,0.0,0.0,0.5,0.5,0.5,0.5,0.5,0.0,0.0,0.0,0.0,0.0,0.0,0.0,0.0,0.0,0.0,0.0,0.0,0.0,0.0,0.0,0.0,0.0,0.0,0.0,0.0,0.0,0.0,0.0,0.0,0.0,0.0,0.0,0.0,0.0,0.0,17,0.0,0,0.0,6,0.0,0.0,5,1,0,1,1,0,3,3.0,3↑
579,Ryan,Sessegnon,DEF,FUL,?,"Sessegnon (DEF, ?)",2,5,0,0,0,0,0,0,0,0,0,0,0,2,16,0.0,0.0,0.3333333333333333,0.4444444444444444,0.4714045207910317,0.0,0.0,0.8333333333333334,1.111111111111111,1.4624940645653537,0.0,0.0,0.1111111111111111,0.1975308641975308,0.3142696805273545,0.0,0.0,0.2777777777777778,0.4938271604938272,0.931280811902234,0.0,0.0,0.0,0.0,0.0,0.0,0.0,0.0,0.0,0.0,0.0,0.0,0.0,0.0,0.0,0.0,0.0,0.0,0.0,0.0,0.0,0.0,0.0,0.0,0.0,0.0,0.0,0.0,0.0,0.0,0.0,0.0,0.0,0.0,0.0,0.0,0.0,0.0,0.0,0.0,0.0,0.0,0.0,0.0,0.0,0.0,0.0,0.0,0.0,0.0,0.0,0.0,0.0,0.0,0.0,1.0,0.0,1.0,0.0,0.0,2.5,1.5,2.5,1.5,1.5,0.0,0.0,0.0,0.0,0.0,0.0,0.0,0.0,0.0,0.0,0.0,0.0,0.0,0.0,0.0,0.0,0.0,0.0,0.0,0.0,0.0,0.0,0.0,0.0,0.0,0.0,0.0,0.0,0.0,0.0,0.0,0.0,0.0,0.0,0.0,0.0,0.0,0.0,0.0,0.0,0.0,0.0,0.0,0.0,0.0,0.0,0.0,0.0,0.0,0.0,0.0,0.0,0.0,0.0,0.0,17,0.0,22,0.0,0,0.0,0.0,5,0,0,0,0,0,0,0.0,~
191,Joachim,Andersen,DEF,FUL,?,"Andersen (DEF, ?)",21,873,0,16,0,0,2,0,0,0,2,1,3,10,8,0.0,0.0,0.1666666666666666,0.2777777777777777,0.372677996249965,0.0,0.0,15.0,25.0,33.54101966249684,0.0,0.0,1.1666666666666667,1.6851851851851851,2.432419919887737,76.5,13.5,48.5,43.11111111111112,43.7978309965231,0.0,0.0,0.0,0.0,0.0,0.0,0.0,0.8888888888888888,0.9876543209876544,1.2422599874998832,0.0,0.0,0.0,0.0,0.0,0.0,0.0,0.0,0.0,0.0,0.0,0.0,0.1111111111111111,0.1975308641975308,0.3142696805273545,0.0,0.0,0.0,0.0,0.0,0.0,0.0,0.0,0.0,0.0,0.0,0.0,0.0,0.0,0.0,0.0,0.0,0.1111111111111111,0.1975308641975308,0.3142696805273545,0.0,0.0,0.0555555555555555,0.1049382716049382,0.2290614236454256,0.0,0.0,0.1666666666666666,0.2962962962962963,0.4999999999999999,1.5,1.0,2.1,2.16,2.947880594596735,90.0,0.0,87.3,4.860000000000002,8.1,0.0,0.0,0.0,0.0,0.0,1.0,1.0,1.6,1.12,1.2806248474865698,0.0,0.0,0.0,0.0,0.0,0.0,0.0,0.0,0.0,0.0,0.0,0.0,0.2,0.32,0.4000000000000001,0.0,0.0,0.0,0.0,0.0,0.0,0.0,0.0,0.0,0.0,0.0,0.0,0.0,0.0,0.0,0.0,0.0,0.2,0.32,0.4000000000000001,0.0,0.0,0.1,0.18,0.3,0.0,0.0,0.3,0.48,0.6403124237432849,17,0.0,22,0.0,0,0.0,0.0,5,0,1,1,6,2,10,10.0,5↑
258,Carlos Vinícius,Alves Morais,FWD,FUL,?,"Vinicius (FWD, ?)",1,3,0,0,0,0,0,0,0,0,0,0,0,1,17,0.0,0.0,0.1666666666666666,0.2777777777777778,0.3726779962499649,0.0,0.0,0.5,0.8333333333333334,1.118033988749895,0.0,0.0,0.0555555555555555,0.1049382716049382,0.2290614236454256,0.0,0.0,0.1666666666666666,0.3148148148148148,0.6871842709362769,0.0,0.0,0.0,0.0,0.0,0.0,0.0,0.0,0.0,0.0,0.0,0.0,0.0,0.0,0.0,0.0,0.0,0.0,0.0,0.0,0.0,0.0,0.0,0.0,0.0,0.0,0.0,0.0,0.0,0.0,0.0,0.0,0.0,0.0,0.0,0.0,0.0,0.0,0.0,0.0,0.0,0.0,0.0,0.0,0.0,0.0,0.0,0.0,0.0,0.0,0.0,0.0,0.0,0.0,0.0,1.0,0.0,1.0,0.0,0.0,3.0,0.0,3.0,0.0,0.0,0.0,0.0,0.0,0.0,0.0,0.0,0.0,0.0,0.0,0.0,0.0,0.0,0.0,0.0,0.0,0.0,0.0,0.0,0.0,0.0,0.0,0.0,0.0,0.0,0.0,0.0,0.0,0.0,0.0,0.0,0.0,0.0,0.0,0.0,0.0,0.0,0.0,0.0,0.0,0.0,0.0,0.0,0.0,0.0,0.0,0.0,0.0,0.0,0.0,0.0,0.0,0.0,0.0,0.0,0.0,17,0.0,0,0.0,6,0.0,0.0,5,0,0,0,0,0,0,0.0,~
605,Martial,Godo,MID,FUL,?,"Godo (MID, ?)",1,14,0,0,0,0,0,0,0,0,0,0,0,1,17,0.0,0.0,0.1666666666666666,0.2777777777777778,0.3726779962499649,0.0,0.0,2.333333333333333,3.888888888888889,5.217491947499509,0.0,0.0,0.0555555555555555,0.1049382716049382,0.2290614236454256,0.0,0.0,0.7777777777777778,1.469135802469136,3.206859931035958,0.0,0.0,0.0,0.0,0.0,0.0,0.0,0.0,0.0,0.0,0.0,0.0,0.0,0.0,0.0,0.0,0.0,0.0,0.0,0.0,0.0,0.0,0.0,0.0,0.0,0.0,0.0,0.0,0.0,0.0,0.0,0.0,0.0,0.0,0.0,0.0,0.0,0.0,0.0,0.0,0.0,0.0,0.0,0.0,0.0,0.0,0.0,0.0,0.0,0.0,0.0,0.0,0.0,0.0,0.0,1.0,0.0,1.0,0.0,0.0,14.0,0.0,14.0,0.0,0.0,0.0,0.0,0.0,0.0,0.0,0.0,0.0,0.0,0.0,0.0,0.0,0.0,0.0,0.0,0.0,0.0,0.0,0.0,0.0,0.0,0.0,0.0,0.0,0.0,0.0,0.0,0.0,0.0,0.0,0.0,0.0,0.0,0.0,0.0,0.0,0.0,0.0,0.0,0.0,0.0,0.0,0.0,0.0,0.0,0.0,0.0,0.0,0.0,0.0,0.0,0.0,0.0,0.0,0.0,0.0,17,0.0,0,0.0,6,0.0,0.0,5,0,0,0,0,0,0,0.0,~
254,Harrison,Reed,MID,FUL,?,"Reed (MID, ?)",6,54,0,2,0,0,0,0,0,0,2,0,0,8,10,0.0,0.0,0.0,0.0,0.0,0.0,0.0,0.0,0.0,0.0,0.0,0.0,0.3333333333333333,0.4444444444444444,0.4714045207910317,0.0,0.0,3.0,3.7777777777777777,5.676462121975467,0.0,0.0,0.0,0.0,0.0,0.0,0.0,0.1111111111111111,0.1975308641975308,0.3142696805273545,0.0,0.0,0.0,0.0,0.0,0.0,0.0,0.0,0.0,0.0,0.0,0.0,0.0,0.0,0.0,0.0,0.0,0.0,0.0,0.0,0.0,0.0,0.0,0.0,0.0,0.0,0.0,0.0,0.0,0.0,0.0,0.0,0.1111111111111111,0.1975308641975308,0.3142696805273545,0.0,0.0,0.0,0.0,0.0,0.0,0.0,0.0,0.0,0.0,1.0,0.0,0.75,0.375,0.4330127018922193,4.0,3.0,6.75,5.1875,6.869315832017043,0.0,0.0,0.0,0.0,0.0,0.0,0.0,0.25,0.375,0.4330127018922193,0.0,0.0,0.0,0.0,0.0,0.0,0.0,0.0,0.0,0.0,0.0,0.0,0.0,0.0,0.0,0.0,0.0,0.0,0.0,0.0,0.0,0.0,0.0,0.0,0.0,0.0,0.0,0.0,0.0,0.0,0.0,0.0,0.25,0.375,0.4330127018922193,0.0,0.0,0.0,0.0,0.0,0.0,0.0,0.0,0.0,0.0,17,0.0,0,0.0,6,0.0,0.0,5,0,0,0,0,0,0,0.0,~
256,Jay,Stansfield,FWD,FUL,?,"Stansfield (FWD, ?)",1,1,0,0,0,0,0,0,0,0,0,0,0,1,17,0.0,0.0,0.0,0.0,0.0,0.0,0.0,0.0,0.0,0.0,0.0,0.0,0.0555555555555555,0.1049382716049382,0.2290614236454256,0.0,0.0,0.0555555555555555,0.1049382716049382,0.2290614236454256,0.0,0.0,0.0,0.0,0.0,0.0,0.0,0.0,0.0,0.0,0.0,0.0,0.0,0.0,0.0,0.0,0.0,0.0,0.0,0.0,0.0,0.0,0.0,0.0,0.0,0.0,0.0,0.0,0.0,0.0,0.0,0.0,0.0,0.0,0.0,0.0,0.0,0.0,0.0,0.0,0.0,0.0,0.0,0.0,0.0,0.0,0.0,0.0,0.0,0.0,0.0,0.0,0.0,0.0,0.0,1.0,0.0,1.0,0.0,0.0,1.0,0.0,1.0,0.0,0.0,0.0,0.0,0.0,0.0,0.0,0.0,0.0,0.0,0.0,0.0,0.0,0.0,0.0,0.0,0.0,0.0,0.0,0.0,0.0,0.0,0.0,0.0,0.0,0.0,0.0,0.0,0.0,0.0,0.0,0.0,0.0,0.0,0.0,0.0,0.0,0.0,0.0,0.0,0.0,0.0,0.0,0.0,0.0,0.0,0.0,0.0,0.0,0.0,0.0,0.0,0.0,0.0,0.0,0.0,0.0,17,0.0,0,0.0,6,0.0,0.0,5,0,0,0,0,0,0,0.0,~
242,Steven,Benda,GKP,FUL,?,"Benda (GKP, ?)",0,0,0,0,0,0,0,0,0,0,0,0,0,0,18,0.0,0.0,0.0,0.0,0.0,0.0,0.0,0.0,0.0,0.0,0.0,0.0,0.0,0.0,0.0,0.0,0.0,0.0,0.0,0.0,0.0,0.0,0.0,0.0,0.0,0.0,0.0,0.0,0.0,0.0,0.0,0.0,0.0,0.0,0.0,0.0,0.0,0.0,0.0,0.0,0.0,0.0,0.0,0.0,0.0,0.0,0.0,0.0,0.0,0.0,0.0,0.0,0.0,0.0,0.0,0.0,0.0,0.0,0.0,0.0,0.0,0.0,0.0,0.0,0.0,0.0,0.0,0.0,0.0,0.0,0.0,0.0,0.0,0.0,0.0,0.0,0.0,0.0,0.0,0.0,0.0,0.0,0.0,0.0,0.0,0.0,0.0,0.0,0.0,0.0,0.0,0.0,0.0,0.0,0.0,0.0,0.0,0.0,0.0,0.0,0.0,0.0,0.0,0.0,0.0,0.0,0.0,0.0,0.0,0.0,0.0,0.0,0.0,0.0,0.0,0.0,0.0,0.0,0.0,0.0,0.0,0.0,0.0,0.0,0.0,0.0,0.0,0.0,0.0,0.0,0.0,0.0,0.0,0.0,0.0,0.0,0.0,0.0,0.0,0.0,17,0.0,22,0.0,0,0.0,0.0,5,0,0,0,0,0,0,0.0,~
246,Luke,Harris,MID,FUL,?,"Harris (MID, ?)",0,0,0,0,0,0,0,0,0,0,0,0,0,0,18,0.0,0.0,0.0,0.0,0.0,0.0,0.0,0.0,0.0,0.0,0.0,0.0,0.0,0.0,0.0,0.0,0.0,0.0,0.0,0.0,0.0,0.0,0.0,0.0,0.0,0.0,0.0,0.0,0.0,0.0,0.0,0.0,0.0,0.0,0.0,0.0,0.0,0.0,0.0,0.0,0.0,0.0,0.0,0.0,0.0,0.0,0.0,0.0,0.0,0.0,0.0,0.0,0.0,0.0,0.0,0.0,0.0,0.0,0.0,0.0,0.0,0.0,0.0,0.0,0.0,0.0,0.0,0.0,0.0,0.0,0.0,0.0,0.0,0.0,0.0,0.0,0.0,0.0,0.0,0.0,0.0,0.0,0.0,0.0,0.0,0.0,0.0,0.0,0.0,0.0,0.0,0.0,0.0,0.0,0.0,0.0,0.0,0.0,0.0,0.0,0.0,0.0,0.0,0.0,0.0,0.0,0.0,0.0,0.0,0.0,0.0,0.0,0.0,0.0,0.0,0.0,0.0,0.0,0.0,0.0,0.0,0.0,0.0,0.0,0.0,0.0,0.0,0.0,0.0,0.0,0.0,0.0,0.0,0.0,0.0,0.0,0.0,0.0,0.0,0.0,17,0.0,0,0.0,6,0.0,0.0,5,0,0,0,0,0,0,0.0,~
250,Kevin,Mbabu,DEF,FUL,?,"Mbabu (DEF, ?)",0,0,0,0,0,0,0,0,0,0,0,0,0,0,18,0.0,0.0,0.0,0.0,0.0,0.0,0.0,0.0,0.0,0.0,0.0,0.0,0.0,0.0,0.0,0.0,0.0,0.0,0.0,0.0,0.0,0.0,0.0,0.0,0.0,0.0,0.0,0.0,0.0,0.0,0.0,0.0,0.0,0.0,0.0,0.0,0.0,0.0,0.0,0.0,0.0,0.0,0.0,0.0,0.0,0.0,0.0,0.0,0.0,0.0,0.0,0.0,0.0,0.0,0.0,0.0,0.0,0.0,0.0,0.0,0.0,0.0,0.0,0.0,0.0,0.0,0.0,0.0,0.0,0.0,0.0,0.0,0.0,0.0,0.0,0.0,0.0,0.0,0.0,0.0,0.0,0.0,0.0,0.0,0.0,0.0,0.0,0.0,0.0,0.0,0.0,0.0,0.0,0.0,0.0,0.0,0.0,0.0,0.0,0.0,0.0,0.0,0.0,0.0,0.0,0.0,0.0,0.0,0.0,0.0,0.0,0.0,0.0,0.0,0.0,0.0,0.0,0.0,0.0,0.0,0.0,0.0,0.0,0.0,0.0,0.0,0.0,0.0,0.0,0.0,0.0,0.0,0.0,0.0,0.0,0.0,0.0,0.0,0.0,0.0,17,0.0,22,0.0,0,0.0,0.0,5,0,0,0,0,0,0,0.0,~
253,Tim,Ream,DEF,FUL,?,"Ream (DEF, ?)",0,0,0,0,0,0,0,0,0,0,0,0,0,0,18,0.0,0.0,0.0,0.0,0.0,0.0,0.0,0.0,0.0,0.0,0.0,0.0,0.0,0.0,0.0,0.0,0.0,0.0,0.0,0.0,0.0,0.0,0.0,0.0,0.0,0.0,0.0,0.0,0.0,0.0,0.0,0.0,0.0,0.0,0.0,0.0,0.0,0.0,0.0,0.0,0.0,0.0,0.0,0.0,0.0,0.0,0.0,0.0,0.0,0.0,0.0,0.0,0.0,0.0,0.0,0.0,0.0,0.0,0.0,0.0,0.0,0.0,0.0,0.0,0.0,0.0,0.0,0.0,0.0,0.0,0.0,0.0,0.0,0.0,0.0,0.0,0.0,0.0,0.0,0.0,0.0,0.0,0.0,0.0,0.0,0.0,0.0,0.0,0.0,0.0,0.0,0.0,0.0,0.0,0.0,0.0,0.0,0.0,0.0,0.0,0.0,0.0,0.0,0.0,0.0,0.0,0.0,0.0,0.0,0.0,0.0,0.0,0.0,0.0,0.0,0.0,0.0,0.0,0.0,0.0,0.0,0.0,0.0,0.0,0.0,0.0,0.0,0.0,0.0,0.0,0.0,0.0,0.0,0.0,0.0,0.0,0.0,0.0,0.0,0.0,17,0.0,22,0.0,0,0.0,0.0,5,0,0,0,0,0,0,0.0,~
690,Samuel,Amissah,DEF,FUL,?,"Amissah (DEF, ?)",0,0,0,0,0,0,0,0,0,0,0,0,0,0,18,0.0,0.0,0.0,0.0,0.0,0.0,0.0,0.0,0.0,0.0,0.0,0.0,0.0,0.0,0.0,0.0,0.0,0.0,0.0,0.0,0.0,0.0,0.0,0.0,0.0,0.0,0.0,0.0,0.0,0.0,0.0,0.0,0.0,0.0,0.0,0.0,0.0,0.0,0.0,0.0,0.0,0.0,0.0,0.0,0.0,0.0,0.0,0.0,0.0,0.0,0.0,0.0,0.0,0.0,0.0,0.0,0.0,0.0,0.0,0.0,0.0,0.0,0.0,0.0,0.0,0.0,0.0,0.0,0.0,0.0,0.0,0.0,0.0,0.0,0.0,0.0,0.0,0.0,0.0,0.0,0.0,0.0,0.0,0.0,0.0,0.0,0.0,0.0,0.0,0.0,0.0,0.0,0.0,0.0,0.0,0.0,0.0,0.0,0.0,0.0,0.0,0.0,0.0,0.0,0.0,0.0,0.0,0.0,0.0,0.0,0.0,0.0,0.0,0.0,0.0,0.0,0.0,0.0,0.0,0.0,0.0,0.0,0.0,0.0,0.0,0.0,0.0,0.0,0.0,0.0,0.0,0.0,0.0,0.0,0.0,0.0,0.0,0.0,0.0,0.0,17,0.0,22,0.0,0,0.0,0.0,5,0,0,0,0,0,0,0.0,~
568,Arijanet,Muric,GKP,IPS,?,"Muric (GKP, ?)",48,1530,0,31,0,0,1,68,0,0,1,0,5,17,1,2.5,0.5,2.6666666666666665,1.0,1.247219128924647,90.0,0.0,90.0,0.0,0.0,2.0,1.0,2.6666666666666665,1.4074074074074074,2.333333333333333,90.0,0.0,85.0,9.444444444444445,20.615528128088304,0.0,0.0,0.0,0.0,0.0,1.0,0.5,1.7222222222222223,1.104938271604938,1.3252067157640626,0.0,0.0,0.0,0.0,0.0,0.0,0.0,0.0,0.0,0.0,0.0,0.0,0.0555555555555555,0.1049382716049382,0.2290614236454256,4.0,1.5,3.7777777777777777,1.691358024691358,2.096440251568134,0.0,0.0,0.0,0.0,0.0,0.0,0.0,0.0,0.0,0.0,0.0,0.0,0.0555555555555555,0.1049382716049382,0.2290614236454256,0.0,0.0,0.0,0.0,0.0,0.0,0.0,0.2777777777777778,0.4938271604938272,0.8031573497111645,2.0,1.0,2.823529411764706,1.342560553633218,2.3069025354267736,90.0,0.0,90.0,0.0,0.0,0.0,0.0,0.0,0.0,0.0,1.0,0.0,1.8235294117647056,1.086505190311419,1.2941176470588236,0.0,0.0,0.0,0.0,0.0,0.0,0.0,0.0,0.0,0.0,0.0,0.0,0.0588235294117647,0.1107266435986159,0.2352941176470588,4.0,1.0,4.0,1.5294117647058822,1.940285000290664,0.0,0.0,0.0,0.0,0.0,0.0,0.0,0.0,0.0,0.0,0.0,0.0,0.0588235294117647,0.1107266435986159,0.2352941176470588,0.0,0.0,0.0,0.0,0.0,0.0,0.0,0.2941176470588235,0.5190311418685122,0.823529411764706,-36,6.0,-15,8.333333333333334,0,0.0,7.16666666667,5,0,0,0,0,0,0,-7.16666666667,5↓
265,Conor,Chaplin,MID,IPS,?,"Chaplin (MID, ?)",33,605,1,12,0,2,1,0,0,0,1,0,0,15,3,2.0,1.5,2.833333333333333,2.111111111111111,2.4094720491334933,67.0,15.0,53.66666666666666,27.777777777777786,31.414787742222437,1.0,1.0,1.8333333333333333,1.3518518518518516,1.863389981249825,20.5,20.5,33.611111111111114,30.969135802469136,33.08933847914845,0.0,0.0,0.0555555555555555,0.1049382716049382,0.2290614236454256,0.0,0.0,0.6666666666666666,0.8888888888888888,1.1547005383792517,0.0,0.0,0.0,0.0,0.0,0.0,0.0,0.1111111111111111,0.1975308641975308,0.3142696805273545,0.0,0.0,0.0555555555555555,0.1049382716049382,0.2290614236454256,0.0,0.0,0.0,0.0,0.0,0.0,0.0,0.0,0.0,0.0,0.0,0.0,0.0,0.0,0.0,0.0,0.0,0.0555555555555555,0.1049382716049382,0.2290614236454256,0.0,0.0,0.0,0.0,0.0,0.0,0.0,0.0,0.0,0.0,1.0,0.0,2.2,1.3866666666666667,1.833030277982336,27.0,26.0,40.333333333333336,30.888888888888896,32.29172580639746,0.0,0.0,0.0666666666666666,0.1244444444444444,0.2494438257849294,0.0,0.0,0.8,0.96,1.222020185321557,0.0,0.0,0.0,0.0,0.0,0.0,0.0,0.1333333333333333,0.2311111111111111,0.339934634239519,0.0,0.0,0.0666666666666666,0.1244444444444444,0.2494438257849294,0.0,0.0,0.0,0.0,0.0,0.0,0.0,0.0,0.0,0.0,0.0,0.0,0.0,0.0,0.0,0.0,0.0,0.0666666666666666,0.1244444444444444,0.2494438257849294,0.0,0.0,0.0,0.0,0.0,0.0,0.0,0.0,0.0,0.0,-36,1.0,0,0.0,-23,2.4444444444444446,1.72222222222,5,0,0,0,0,0,0,-1.72222222222,2↓
274,Omari,Giraud-Hutchinson,MID,IPS,?,"Hutchinson (MID, ?)",42,1447,1,26,0,1,2,0,0,0,4,0,3,17,1,2.0,0.0,1.8333333333333333,0.2777777777777778,0.3726779962499649,90.0,0.0,80.5,12.666666666666666,16.469669092000604,2.0,0.0,2.333333333333333,1.2222222222222223,2.0,90.0,0.0,80.38888888888889,13.172839506172842,22.123740111997563,0.0,0.0,0.0555555555555555,0.1049382716049382,0.2290614236454256,1.0,0.5,1.4444444444444444,0.925925925925926,1.1653431646335015,0.0,0.0,0.0,0.0,0.0,0.0,0.0,0.0555555555555555,0.1049382716049382,0.2290614236454256,0.0,0.0,0.1111111111111111,0.1975308641975308,0.3142696805273545,0.0,0.0,0.0,0.0,0.0,0.0,0.0,0.0,0.0,0.0,0.0,0.0,0.0,0.0,0.0,0.0,0.0,0.2222222222222222,0.345679012345679,0.415739709641549,0.0,0.0,0.0,0.0,0.0,0.0,0.0,0.1666666666666666,0.2962962962962963,0.4999999999999999,2.0,0.0,2.4705882352941178,1.2456747404844293,1.9738778512426487,90.0,0.0,85.11764705882354,6.657439446366779,10.758757597971204,0.0,0.0,0.0588235294117647,0.1107266435986159,0.2352941176470588,1.0,0.0,1.5294117647058822,0.9204152249134948,1.143660123248446,0.0,0.0,0.0,0.0,0.0,0.0,0.0,0.0588235294117647,0.1107266435986159,0.2352941176470588,0.0,0.0,0.1176470588235294,0.2076124567474048,0.3221897397089212,0.0,0.0,0.0,0.0,0.0,0.0,0.0,0.0,0.0,0.0,0.0,0.0,0.0,0.0,0.0,0.0,0.0,0.2352941176470588,0.3598615916955017,0.4241825029957634,0.0,0.0,0.0,0.0,0.0,0.0,0.0,0.1764705882352941,0.3114186851211073,0.5128116404165498,-36,10.0,0,0.0,-23,10.0,10.0,5,9,0,2,2,2,15,5.0,4↑
619,Jens,Cajuste,MID,IPS,?,"Cajuste (MID, ?)",19,686,0,16,0,0,0,0,0,0,2,0,0,12,6,2.0,0.0,1.6666666666666667,0.4444444444444443,0.4714045207910317,69.0,6.5,58.833333333333336,19.27777777777777,26.535615479745125,1.0,1.0,1.0555555555555556,0.8395061728395061,0.911178859269818,40.0,39.0,38.11111111111112,34.77777777777778,35.92103823185406,0.0,0.0,0.0,0.0,0.0,1.0,0.5,0.8888888888888888,0.6913580246913581,1.048220125784067,0.0,0.0,0.0,0.0,0.0,0.0,0.0,0.0,0.0,0.0,0.0,0.0,0.0,0.0,0.0,0.0,0.0,0.0,0.0,0.0,0.0,0.0,0.0,0.0,0.0,0.0,0.0,0.0,0.0,0.0,0.0,0.0,0.1111111111111111,0.1975308641975308,0.3142696805273545,0.0,0.0,0.0,0.0,0.0,0.0,0.0,0.0,0.0,0.0,2.0,0.0,1.5833333333333333,0.5555555555555557,0.6400954789890506,64.5,12.0,57.16666666666666,23.58333333333333,29.088466595695436,0.0,0.0,0.0,0.0,0.0,1.0,0.0,1.3333333333333333,0.7222222222222222,1.0274023338281628,0.0,0.0,0.0,0.0,0.0,0.0,0.0,0.0,0.0,0.0,0.0,0.0,0.0,0.0,0.0,0.0,0.0,0.0,0.0,0.0,0.0,0.0,0.0,0.0,0.0,0.0,0.0,0.0,0.0,0.0,0.0,0.0,0.1666666666666666,0.2777777777777777,0.3726779962499649,0.0,0.0,0.0,0.0,0.0,0.0,0.0,0.0,0.0,0.0,-36,1.0,0,0.0,-23,2.4444444444444446,1.72222222222,5,3,2,2,2,0,9,7.27777777778,5↑
278,Sam,Morsy,MID,IPS,?,"Morsy (MID, ?)",41,1433,1,28,0,1,1,0,0,0,5,0,5,16,2,2.0,0.0,1.5,0.6666666666666666,0.7637626158259734,90.0,0.0,75.0,25.0,33.54101966249684,2.0,0.0,2.2777777777777777,1.382716049382716,2.304718723632393,90.0,0.0,79.61111111111111,17.691358024691354,28.192077076308927,0.0,0.0,0.0555555555555555,0.1049382716049382,0.2290614236454256,1.0,1.0,1.5555555555555556,1.0123456790123455,1.2570787221094175,0.0,0.0,0.0,0.0,0.0,0.0,0.0,0.0555555555555555,0.1049382716049382,0.2290614236454256,0.0,0.0,0.0555555555555555,0.1049382716049382,0.2290614236454256,0.0,0.0,0.0,0.0,0.0,0.0,0.0,0.0,0.0,0.0,0.0,0.0,0.0,0.0,0.0,0.0,0.0,0.2777777777777778,0.4012345679012345,0.4479032082388083,0.0,0.0,0.0,0.0,0.0,0.0,0.0,0.2777777777777778,0.4938271604938272,0.8031573497111645,2.0,0.0,2.5625,1.484375,2.290435275226087,90.0,0.0,89.5625,0.8203125,1.6944302139657448,0.0,0.0,0.0625,0.1171875,0.2420614591379635,1.0,0.5,1.75,0.96875,1.1989578808281798,0.0,0.0,0.0,0.0,0.0,0.0,0.0,0.0625,0.1171875,0.2420614591379635,0.0,0.0,0.0625,0.1171875,0.2420614591379635,0.0,0.0,0.0,0.0,0.0,0.0,0.0,0.0,0.0,0.0,0.0,0.0,0.0,0.0,0.0,0.0,0.0,0.3125,0.4296875,0.4635124054434789,0.0,0.0,0.0,0.0,0.0,0.0,0.0,0.3125,0.546875,0.8454843286542927,-36,10.0,0,0.0,-23,10.0,10.0,5,2,1,1,2,2,8,-2.0,2↓
611,Sam,Szmodics,MID,IPS,?,"Szmodics (MID, ?)",44,890,3,16,0,0,2,0,0,0,2,0,2,16,2,2.0,0.0,1.3333333333333333,0.888888888888889,0.9428090415820634,66.5,11.5,48.16666666666666,32.111111111111114,34.44520608476922,2.0,1.0,2.4444444444444446,1.691358024691358,2.362254625052144,63.5,11.5,49.44444444444444,27.07407407407408,29.67831648082152,0.0,0.0,0.1666666666666666,0.2777777777777778,0.3726779962499649,0.5,0.5,0.8888888888888888,0.8888888888888888,1.1967032904743342,0.0,0.0,0.0,0.0,0.0,0.0,0.0,0.0,0.0,0.0,0.0,0.0,0.1111111111111111,0.1975308641975308,0.3142696805273545,0.0,0.0,0.0,0.0,0.0,0.0,0.0,0.0,0.0,0.0,0.0,0.0,0.0,0.0,0.0,0.0,0.0,0.1111111111111111,0.1975308641975308,0.3142696805273545,0.0,0.0,0.0,0.0,0.0,0.0,0.0,0.1111111111111111,0.2098765432098765,0.4581228472908512,2.0,1.0,2.75,1.75,2.331844763272204,67.0,8.0,55.625,21.1875,25.438344580573634,0.0,0.0,0.1875,0.3046875,0.3903123748998999,1.0,1.0,1.0,0.875,1.224744871391589,0.0,0.0,0.0,0.0,0.0,0.0,0.0,0.0,0.0,0.0,0.0,0.0,0.125,0.21875,0.3307189138830738,0.0,0.0,0.0,0.0,0.0,0.0,0.0,0.0,0.0,0.0,0.0,0.0,0.0,0.0,0.0,0.0,0.0,0.125,0.21875,0.3307189138830738,0.0,0.0,0.0,0.0,0.0,0.0,0.0,0.125,0.234375,0.4841229182759271,-36,6.0,0,0.0,-23,7.444444444444445,6.72222222222,5,1,7,0,0,0,8,1.27777777778,1↑
268,Liam,Delap,FWD,IPS,?,"Delap (FWD, ?)",61,1265,6,22,0,1,2,0,0,0,5,0,7,17,1,1.5,0.5,1.3333333333333333,0.6666666666666666,0.74535599249993,79.5,2.5,68.33333333333333,22.777777777777786,30.814859330452176,2.0,1.0,3.388888888888889,2.6728395061728394,3.368792874621229,78.5,4.5,70.27777777777777,15.234567901234572,23.15120720527827,0.0,0.0,0.3333333333333333,0.4814814814814815,0.5773502691896257,1.0,0.5,1.2222222222222223,0.7654320987654322,1.0304020550550783,0.0,0.0,0.0,0.0,0.0,0.0,0.0,0.0555555555555555,0.1049382716049382,0.2290614236454256,0.0,0.0,0.1111111111111111,0.1975308641975308,0.3142696805273545,0.0,0.0,0.0,0.0,0.0,0.0,0.0,0.0,0.0,0.0,0.0,0.0,0.0,0.0,0.0,0.0,0.0,0.2777777777777778,0.4012345679012346,0.4479032082388083,0.0,0.0,0.0,0.0,0.0,0.0,0.0,0.3888888888888889,0.6481481481481483,0.950957931590205,2.0,1.0,3.588235294117647,2.71280276816609,3.3617016617010704,79.0,4.0,74.41176470588235,9.82006920415225,16.12108164350027,0.0,0.0,0.3529411764705882,0.4982698961937716,0.5882352941176471,1.0,0.0,1.2941176470588236,0.768166089965398,1.0154515589195334,0.0,0.0,0.0,0.0,0.0,0.0,0.0,0.0588235294117647,0.1107266435986159,0.2352941176470588,0.0,0.0,0.1176470588235294,0.2076124567474048,0.3221897397089212,0.0,0.0,0.0,0.0,0.0,0.0,0.0,0.0,0.0,0.0,0.0,0.0,0.0,0.0,0.0,0.0,0.0,0.2941176470588235,0.4152249134948096,0.4556450995538137,0.0,0.0,0.0,0.0,0.0,0.0,0.0,0.4117647058823529,0.6782006920415224,0.9737026680733442,-36,6.0,0,0.0,-23,7.444444444444445,6.72222222222,5,11,8,1,2,1,23,16.27777777778,6↑
267,Leif,Davis,DEF,IPS,?,"Davis (DEF, ?)",42,1620,1,33,0,2,1,0,0,0,3,0,5,18,0,1.5,0.5,1.3333333333333333,0.6666666666666666,0.7453559924999299,90.0,0.0,90.0,0.0,0.0,2.0,1.0,2.333333333333333,1.7777777777777777,2.5819888974716108,90.0,0.0,90.0,0.0,0.0,0.0,0.0,0.0555555555555555,0.1049382716049382,0.2290614236454256,1.0,0.5,1.8333333333333333,1.0370370370370372,1.2583057392117918,0.0,0.0,0.0,0.0,0.0,0.0,0.0,0.1111111111111111,0.1975308641975308,0.3142696805273545,0.0,0.0,0.0555555555555555,0.1049382716049382,0.2290614236454256,0.0,0.0,0.0,0.0,0.0,0.0,0.0,0.0,0.0,0.0,0.0,0.0,0.0,0.0,0.0,0.0,0.0,0.1666666666666666,0.2777777777777778,0.372677996249965,0.0,0.0,0.0,0.0,0.0,0.0,0.0,0.2777777777777778,0.462962962962963,0.6502611061510903,2.0,1.0,2.333333333333333,1.7777777777777777,2.5819888974716108,90.0,0.0,90.0,0.0,0.0,0.0,0.0,0.0555555555555555,0.1049382716049382,0.2290614236454256,1.0,0.5,1.8333333333333333,1.0370370370370372,1.2583057392117918,0.0,0.0,0.0,0.0,0.0,0.0,0.0,0.1111111111111111,0.1975308641975308,0.3142696805273545,0.0,0.0,0.0555555555555555,0.1049382716049382,0.2290614236454256,0.0,0.0,0.0,0.0,0.0,0.0,0.0,0.0,0.0,0.0,0.0,0.0,0.0,0.0,0.0,0.0,0.0,0.1666666666666666,0.2777777777777778,0.372677996249965,0.0,0.0,0.0,0.0,0.0,0.0,0.0,0.2777777777777778,0.462962962962963,0.6502611061510903,-36,6.0,-15,8.333333333333334,0,0.0,7.16666666667,5,5,0,1,-1,0,5,-2.1666666666700003,2↓
264,Wes,Burns,MID,IPS,?,"Burns (MID, ?)",23,729,0,20,0,1,0,0,0,0,1,0,0,14,4,1.5,0.5,1.3333333333333333,0.6666666666666666,0.7453559924999299,40.5,38.0,40.333333333333336,34.666666666666664,35.4479273802511,1.0,1.0,1.2777777777777777,0.8950617283950617,1.1928283640879938,55.5,26.5,40.5,30.77777777777778,32.26668388429293,0.0,0.0,0.0,0.0,0.0,1.0,1.0,1.1111111111111112,1.0617283950617284,1.4098419489388356,0.0,0.0,0.0,0.0,0.0,0.0,0.0,0.0555555555555555,0.1049382716049382,0.2290614236454256,0.0,0.0,0.0,0.0,0.0,0.0,0.0,0.0,0.0,0.0,0.0,0.0,0.0,0.0,0.0,0.0,0.0,0.0,0.0,0.0,0.0,0.0,0.0555555555555555,0.1049382716049382,0.2290614236454256,0.0,0.0,0.0,0.0,0.0,0.0,0.0,0.0,0.0,0.0,1.5,0.5,1.6428571428571428,0.7857142857142857,1.10886962116143,60.0,15.0,52.07142857142857,23.040816326530614,27.13054231913937,0.0,0.0,0.0,0.0,0.0,1.0,1.0,1.4285714285714286,1.1836734693877553,1.4498416521560316,0.0,0.0,0.0,0.0,0.0,0.0,0.0,0.0714285714285714,0.1326530612244897,0.2575393768188563,0.0,0.0,0.0,0.0,0.0,0.0,0.0,0.0,0.0,0.0,0.0,0.0,0.0,0.0,0.0,0.0,0.0,0.0,0.0,0.0,0.0,0.0,0.0714285714285714,0.1326530612244897,0.2575393768188563,0.0,0.0,0.0,0.0,0.0,0.0,0.0,0.0,0.0,0.0,-36,1.0,0,0.0,-23,2.4444444444444446,1.72222222222,5,3,1,2,0,1,7,5.27777777778,4↑
281,Jack,Taylor,MID,IPS,?,"Taylor (MID, ?)",17,336,1,3,0,0,0,0,0,0,3,0,1,13,5,1.0,0.0,2.0,1.3333333333333333,1.8257418583505536,20.0,6.5,30.5,19.83333333333333,27.26261176043117,1.0,0.5,0.9444444444444444,0.7345679012345678,1.352866184653991,17.0,8.0,18.666666666666668,12.407407407407408,20.058248511107177,0.0,0.0,0.0555555555555555,0.1049382716049382,0.2290614236454256,0.0,0.0,0.1666666666666666,0.2777777777777778,0.372677996249965,0.0,0.0,0.0,0.0,0.0,0.0,0.0,0.0,0.0,0.0,0.0,0.0,0.0,0.0,0.0,0.0,0.0,0.0,0.0,0.0,0.0,0.0,0.0,0.0,0.0,0.0,0.0,0.0,0.0,0.0,0.0,0.0,0.1666666666666666,0.2777777777777778,0.3726779962499649,0.0,0.0,0.0,0.0,0.0,0.0,0.0,0.0555555555555555,0.1049382716049382,0.2290614236454256,1.0,0.0,1.3076923076923077,0.8284023668639053,1.4349813927828945,21.0,5.0,25.846153846153847,10.68639053254438,19.274719009609672,0.0,0.0,0.0769230769230769,0.1420118343195266,0.2664693550105965,0.0,0.0,0.2307692307692307,0.3550295857988166,0.4213250442347432,0.0,0.0,0.0,0.0,0.0,0.0,0.0,0.0,0.0,0.0,0.0,0.0,0.0,0.0,0.0,0.0,0.0,0.0,0.0,0.0,0.0,0.0,0.0,0.0,0.0,0.0,0.0,0.0,0.0,0.0,0.0,0.0,0.2307692307692307,0.3550295857988166,0.4213250442347431,0.0,0.0,0.0,0.0,0.0,0.0,0.0,0.0769230769230769,0.1420118343195266,0.2664693550105965,-36,3.0,0,0.0,-23,3.7222222222222223,3.36111111111,5,1,1,1,1,0,4,0.63888888889,~
631,Jack,Clarke,MID,IPS,?,"J.Clarke (MID, ?)",24,513,0,13,0,2,0,0,0,0,1,0,0,15,3,1.0,0.5,1.5,1.0,1.2583057392117916,17.0,8.0,22.5,15.333333333333334,20.61350689879494,1.0,0.0,1.3333333333333333,0.8518518518518519,1.2472191289246473,19.0,10.0,28.5,20.666666666666668,26.42021532421297,0.0,0.0,0.0,0.0,0.0,0.0,0.0,0.7222222222222222,0.882716049382716,1.095726829073112,0.0,0.0,0.0,0.0,0.0,0.0,0.0,0.1111111111111111,0.1975308641975308,0.3142696805273545,0.0,0.0,0.0,0.0,0.0,0.0,0.0,0.0,0.0,0.0,0.0,0.0,0.0,0.0,0.0,0.0,0.0,0.0,0.0,0.0,0.0,0.0,0.0555555555555555,0.1049382716049382,0.2290614236454256,0.0,0.0,0.0,0.0,0.0,0.0,0.0,0.0,0.0,0.0,1.0,0.0,1.6,0.88,1.2,25.0,9.0,34.2,21.36,25.35139706866928,0.0,0.0,0.0,0.0,0.0,0.0,0.0,0.8666666666666667,0.9244444444444444,1.14697670227235,0.0,0.0,0.0,0.0,0.0,0.0,0.0,0.1333333333333333,0.2311111111111111,0.339934634239519,0.0,0.0,0.0,0.0,0.0,0.0,0.0,0.0,0.0,0.0,0.0,0.0,0.0,0.0,0.0,0.0,0.0,0.0,0.0,0.0,0.0,0.0,0.0666666666666666,0.1244444444444444,0.2494438257849294,0.0,0.0,0.0,0.0,0.0,0.0,0.0,0.0,0.0,0.0,-36,5.0,0,0.0,-23,5.0,5.0,5,0,1,1,2,0,4,-1.0,~
263,Cameron,Burgess,DEF,IPS,?,"Burgess (DEF, ?)",15,810,0,17,0,1,0,0,0,0,0,0,0,9,9,1.0,1.0,1.3333333333333333,1.3333333333333333,1.49071198499986,90.0,0.0,60.0,40.0,42.42640687119285,0.0,0.0,0.8333333333333334,1.0185185185185184,1.1666666666666663,45.0,45.0,45.0,45.0,45.0,0.0,0.0,0.0,0.0,0.0,0.5,0.5,0.9444444444444444,0.9444444444444442,1.2680791345014808,0.0,0.0,0.0,0.0,0.0,0.0,0.0,0.0555555555555555,0.1049382716049382,0.2290614236454256,0.0,0.0,0.0,0.0,0.0,0.0,0.0,0.0,0.0,0.0,0.0,0.0,0.0,0.0,0.0,0.0,0.0,0.0,0.0,0.0,0.0,0.0,0.0,0.0,0.0,0.0,0.0,0.0,0.0,0.0,0.0,0.0,0.0,0.0,0.0,2.0,0.0,1.6666666666666667,0.8888888888888888,1.1547005383792517,90.0,0.0,90.0,0.0,0.0,0.0,0.0,0.0,0.0,0.0,1.0,0.0,1.8888888888888888,0.9876543209876544,1.1967032904743342,0.0,0.0,0.0,0.0,0.0,0.0,0.0,0.1111111111111111,0.1975308641975308,0.3142696805273544,0.0,0.0,0.0,0.0,0.0,0.0,0.0,0.0,0.0,0.0,0.0,0.0,0.0,0.0,0.0,0.0,0.0,0.0,0.0,0.0,0.0,0.0,0.0,0.0,0.0,0.0,0.0,0.0,0.0,0.0,0.0,0.0,0.0,0.0,0.0,-36,0.0,-15,0.0,0,0.0,0.0,5,0,0,0,-1,0,-1,-1.0,~
630,Dara,O'Shea,DEF,IPS,?,"O'Shea (DEF, ?)",23,1322,0,26,0,0,1,0,0,0,3,0,1,15,3,1.0,0.5,1.1666666666666667,0.5555555555555555,0.6871842709362768,90.0,0.0,90.0,0.0,0.0,1.0,1.0,1.2777777777777777,1.0370370370370372,1.5918387535438228,90.0,0.0,73.44444444444444,25.75308641975309,33.45846882035203,0.0,0.0,0.0,0.0,0.0,1.0,1.0,1.4444444444444444,1.037037037037037,1.3005222123021805,0.0,0.0,0.0,0.0,0.0,0.0,0.0,0.0,0.0,0.0,0.0,0.0,0.0555555555555555,0.1049382716049382,0.2290614236454256,0.0,0.0,0.0,0.0,0.0,0.0,0.0,0.0,0.0,0.0,0.0,0.0,0.0,0.0,0.0,0.0,0.0,0.1666666666666666,0.2777777777777778,0.3726779962499649,0.0,0.0,0.0,0.0,0.0,0.0,0.0,0.0555555555555555,0.1049382716049382,0.2290614236454256,1.0,1.0,1.5333333333333334,1.04,1.6275407487644935,90.0,0.0,88.13333333333334,3.484444444444439,6.984427121978024,0.0,0.0,0.0,0.0,0.0,1.0,0.0,1.7333333333333334,1.0133333333333334,1.2364824660660938,0.0,0.0,0.0,0.0,0.0,0.0,0.0,0.0,0.0,0.0,0.0,0.0,0.0666666666666666,0.1244444444444444,0.2494438257849294,0.0,0.0,0.0,0.0,0.0,0.0,0.0,0.0,0.0,0.0,0.0,0.0,0.0,0.0,0.0,0.0,0.0,0.2,0.32,0.4000000000000001,0.0,0.0,0.0,0.0,0.0,0.0,0.0,0.0666666666666666,0.1244444444444444,0.2494438257849294,-36,1.0,-15,3.333333333333333,0,0.0,2.16666666667,5,5,0,1,-1,0,5,2.83333333333,3↑
275,Ben,Johnson,DEF,IPS,?,"Johnson (DEF, ?)",12,588,0,15,0,1,0,0,0,0,1,0,0,10,8,1.0,0.5,0.8333333333333334,0.5555555555555555,0.6871842709362768,9.0,9.0,31.166666666666668,35.55555555555555,38.06317847415735,0.0,0.0,0.6666666666666666,0.7407407407407407,0.881917103688197,7.0,7.0,32.666666666666664,37.03703703703703,40.04580710469782,0.0,0.0,0.0,0.0,0.0,0.0,0.0,0.8333333333333334,1.0185185185185184,1.3017082793177757,0.0,0.0,0.0,0.0,0.0,0.0,0.0,0.0555555555555555,0.1049382716049382,0.2290614236454256,0.0,0.0,0.0,0.0,0.0,0.0,0.0,0.0,0.0,0.0,0.0,0.0,0.0,0.0,0.0,0.0,0.0,0.0,0.0,0.0,0.0,0.0,0.0555555555555555,0.1049382716049382,0.2290614236454256,0.0,0.0,0.0,0.0,0.0,0.0,0.0,0.0,0.0,0.0,1.0,0.5,1.2,0.68,0.8717797887081347,84.5,5.5,58.8,35.239999999999995,36.74180180666158,0.0,0.0,0.0,0.0,0.0,1.0,1.0,1.5,1.2,1.4317821063276353,0.0,0.0,0.0,0.0,0.0,0.0,0.0,0.1,0.18,0.3,0.0,0.0,0.0,0.0,0.0,0.0,0.0,0.0,0.0,0.0,0.0,0.0,0.0,0.0,0.0,0.0,0.0,0.0,0.0,0.0,0.0,0.0,0.1,0.18,0.3,0.0,0.0,0.0,0.0,0.0,0.0,0.0,0.0,0.0,0.0,-36,0.0,-15,0.0,0,0.0,0.0,5,1,1,0,-1,1,2,2.0,2↑
266,Harry,Clarke,DEF,IPS,?,"H.Clarke (DEF, ?)",1,377,0,10,1,0,0,0,0,0,1,1,0,7,11,1.0,0.5,0.8333333333333334,0.5555555555555555,0.6871842709362768,50.5,39.5,47.0,43.0,43.14317249963583,0.0,0.0,0.0555555555555555,0.6358024691358024,1.352866184653991,0.0,0.0,20.944444444444443,28.919753086419757,34.86397730581304,0.0,0.0,0.0,0.0,0.0,0.0,0.0,0.5555555555555556,0.8641975308641974,1.257078722109418,0.0,0.0,0.0555555555555555,0.1049382716049382,0.2290614236454256,0.0,0.0,0.0,0.0,0.0,0.0,0.0,0.0,0.0,0.0,0.0,0.0,0.0,0.0,0.0,0.0,0.0,0.0,0.0,0.0,0.0,0.0,0.0,0.0,0.0,0.0,0.0,0.0555555555555555,0.1049382716049382,0.2290614236454256,0.0,0.0,0.0555555555555555,0.1049382716049382,0.2290614236454256,0.0,0.0,0.0,0.0,0.0,1.0,0.0,0.1428571428571428,1.5102040816326532,2.1665358411575864,68.0,22.0,53.85714285714285,35.02040816326531,36.7828709025918,0.0,0.0,0.0,0.0,0.0,1.0,1.0,1.4285714285714286,1.469387755102041,1.6781914463529617,0.0,0.0,0.1428571428571428,0.2448979591836734,0.3499271061118826,0.0,0.0,0.0,0.0,0.0,0.0,0.0,0.0,0.0,0.0,0.0,0.0,0.0,0.0,0.0,0.0,0.0,0.0,0.0,0.0,0.0,0.0,0.0,0.0,0.0,0.0,0.0,0.1428571428571428,0.2448979591836734,0.3499271061118826,0.0,0.0,0.1428571428571428,0.2448979591836734,0.3499271061118826,0.0,0.0,0.0,0.0,0.0,-36,0.0,-15,0.0,0,0.0,0.0,5,0,0,0,0,0,0,0.0,~
260,Ali,Al-Hamadi,FWD,IPS,?,"Al-Hamadi (FWD, ?)",6,122,0,4,0,0,0,0,0,0,3,0,0,9,9,1.0,0.0,0.6666666666666666,0.4444444444444445,0.4714045207910317,9.5,2.5,13.5,10.5,14.545904349105742,0.0,0.0,0.3333333333333333,0.4444444444444444,0.4714045207910317,3.0,3.0,6.777777777777778,6.864197530864197,10.549120845704818,0.0,0.0,0.0,0.0,0.0,0.0,0.0,0.2222222222222222,0.3703703703703704,0.5328701692569688,0.0,0.0,0.0,0.0,0.0,0.0,0.0,0.0,0.0,0.0,0.0,0.0,0.0,0.0,0.0,0.0,0.0,0.0,0.0,0.0,0.0,0.0,0.0,0.0,0.0,0.0,0.0,0.0,0.0,0.0,0.0,0.0,0.1666666666666666,0.2777777777777778,0.3726779962499649,0.0,0.0,0.0,0.0,0.0,0.0,0.0,0.0,0.0,0.0,1.0,0.0,0.6666666666666666,0.4444444444444444,0.4714045207910317,9.0,2.0,13.555555555555555,7.530864197530865,11.432032103903984,0.0,0.0,0.0,0.0,0.0,0.0,0.0,0.4444444444444444,0.5925925925925927,0.6849348892187752,0.0,0.0,0.0,0.0,0.0,0.0,0.0,0.0,0.0,0.0,0.0,0.0,0.0,0.0,0.0,0.0,0.0,0.0,0.0,0.0,0.0,0.0,0.0,0.0,0.0,0.0,0.0,0.0,0.0,0.0,0.0,0.0,0.3333333333333333,0.4444444444444444,0.4714045207910317,0.0,0.0,0.0,0.0,0.0,0.0,0.0,0.0,0.0,0.0,-36,0.0,0,0.0,-23,0.0,0.0,5,1,1,0,0,0,2,2.0,2↑
262,Nathan,Broadhead,MID,IPS,?,"Broadhead (MID, ?)",4,57,0,0,0,0,0,0,0,0,0,0,0,4,14,1.0,0.0,0.6666666666666666,0.4444444444444445,0.4714045207910317,10.5,6.0,9.5,6.333333333333333,8.159861109929098,0.0,0.0,0.2222222222222222,0.345679012345679,0.415739709641549,0.0,0.0,3.1666666666666665,4.925925925925927,6.5,0.0,0.0,0.0,0.0,0.0,0.0,0.0,0.0,0.0,0.0,0.0,0.0,0.0,0.0,0.0,0.0,0.0,0.0,0.0,0.0,0.0,0.0,0.0,0.0,0.0,0.0,0.0,0.0,0.0,0.0,0.0,0.0,0.0,0.0,0.0,0.0,0.0,0.0,0.0,0.0,0.0,0.0,0.0,0.0,0.0,0.0,0.0,0.0,0.0,0.0,0.0,0.0,0.0,0.0,0.0,1.0,0.0,1.0,0.0,0.0,11.5,1.0,14.25,4.875,5.673402858955108,0.0,0.0,0.0,0.0,0.0,0.0,0.0,0.0,0.0,0.0,0.0,0.0,0.0,0.0,0.0,0.0,0.0,0.0,0.0,0.0,0.0,0.0,0.0,0.0,0.0,0.0,0.0,0.0,0.0,0.0,0.0,0.0,0.0,0.0,0.0,0.0,0.0,0.0,0.0,0.0,0.0,0.0,0.0,0.0,0.0,0.0,0.0,0.0,0.0,0.0,0.0,0.0,0.0,0.0,0.0,-36,0.0,0,0.0,-23,0.0,0.0,5,3,1,2,0,1,7,7.0,5↑
359,Kalvin,Phillips,MID,IPS,?,"Phillips (MID, ?)",14,654,0,15,0,0,1,0,0,0,1,1,0,9,9,0.0,0.0,0.5,0.6666666666666666,0.7637626158259734,0.0,0.0,19.666666666666668,26.222222222222214,33.07399112427904,0.0,0.5,0.7777777777777778,0.9753086419753088,1.0304020550550783,14.0,14.0,36.333333333333336,37.25925925925927,38.52272056851645,0.0,0.0,0.0,0.0,0.0,0.0,0.0,0.8333333333333334,1.0185185185185184,1.3017082793177757,0.0,0.0,0.0,0.0,0.0,0.0,0.0,0.0,0.0,0.0,0.0,0.0,0.0555555555555555,0.1049382716049382,0.2290614236454256,0.0,0.0,0.0,0.0,0.0,0.0,0.0,0.0,0.0,0.0,0.0,0.0,0.0,0.0,0.0,0.0,0.0,0.0555555555555555,0.1049382716049382,0.2290614236454256,0.0,0.0,0.0555555555555555,0.1049382716049382,0.2290614236454256,0.0,0.0,0.0,0.0,0.0,2.0,0.0,1.5555555555555556,0.691358024691358,0.955813918560292,73.0,5.0,72.66666666666667,12.37037037037037,18.10463415200036,0.0,0.0,0.0,0.0,0.0,1.0,1.0,1.6666666666666667,1.1851851851851851,1.414213562373095,0.0,0.0,0.0,0.0,0.0,0.0,0.0,0.0,0.0,0.0,0.0,0.0,0.1111111111111111,0.1975308641975308,0.3142696805273544,0.0,0.0,0.0,0.0,0.0,0.0,0.0,0.0,0.0,0.0,0.0,0.0,0.0,0.0,0.0,0.0,0.0,0.1111111111111111,0.1975308641975308,0.3142696805273544,0.0,0.0,0.1111111111111111,0.1975308641975308,0.3142696805273544,0.0,0.0,0.0,0.0,0.0,-36,-2.0,0,0.0,-23,-1.2777777777777777,-1.63888888889,5,1,1,2,0,2,6,7.6388888888899995,5↑
270,Jacob,Greaves,DEF,IPS,?,"Greaves (DEF, ?)",14,810,0,16,0,0,1,0,0,0,2,0,0,9,9,0.0,0.0,0.5,0.6666666666666666,0.7637626158259734,0.0,0.0,30.0,40.0,42.42640687119285,0.0,0.0,0.7777777777777778,1.0370370370370372,1.4740554623801778,45.0,45.0,45.0,45.0,45.0,0.0,0.0,0.0,0.0,0.0,0.0,0.0,0.8888888888888888,0.9876543209876544,1.286204100310025,0.0,0.0,0.0,0.0,0.0,0.0,0.0,0.0,0.0,0.0,0.0,0.0,0.0555555555555555,0.1049382716049382,0.2290614236454256,0.0,0.0,0.0,0.0,0.0,0.0,0.0,0.0,0.0,0.0,0.0,0.0,0.0,0.0,0.0,0.0,0.0,0.1111111111111111,0.1975308641975308,0.3142696805273545,0.0,0.0,0.0,0.0,0.0,0.0,0.0,0.0,0.0,0.0,1.0,1.0,1.5555555555555556,1.2839506172839503,1.7708197167232476,90.0,0.0,90.0,0.0,0.0,0.0,0.0,0.0,0.0,0.0,1.0,1.0,1.7777777777777777,1.08641975308642,1.314684396244359,0.0,0.0,0.0,0.0,0.0,0.0,0.0,0.0,0.0,0.0,0.0,0.0,0.1111111111111111,0.1975308641975308,0.3142696805273544,0.0,0.0,0.0,0.0,0.0,0.0,0.0,0.0,0.0,0.0,0.0,0.0,0.0,0.0,0.0,0.0,0.0,0.2222222222222222,0.345679012345679,0.415739709641549,0.0,0.0,0.0,0.0,0.0,0.0,0.0,0.0,0.0,0.0,-36,0.0,-15,0.0,0,0.0,0.0,5,6,1,1,0,6,14,14.0,6↑
284,Luke,Woolfenden,DEF,IPS,?,"Woolfenden (DEF, ?)",6,467,0,11,0,0,0,0,0,0,1,0,0,6,12,0.0,0.0,0.3333333333333333,0.5555555555555555,0.74535599249993,0.0,0.0,15.0,25.0,33.54101966249684,0.0,0.0,0.3333333333333333,0.5185185185185186,0.6666666666666666,0.0,0.0,25.944444444444443,35.58641975308642,39.91166944672562,0.0,0.0,0.0,0.0,0.0,0.0,0.0,0.6111111111111112,0.8148148148148148,1.061387398585711,0.0,0.0,0.0,0.0,0.0,0.0,0.0,0.0,0.0,0.0,0.0,0.0,0.0,0.0,0.0,0.0,0.0,0.0,0.0,0.0,0.0,0.0,0.0,0.0,0.0,0.0,0.0,0.0,0.0,0.0,0.0,0.0,0.0555555555555555,0.1049382716049382,0.2290614236454256,0.0,0.0,0.0,0.0,0.0,0.0,0.0,0.0,0.0,0.0,1.0,1.0,1.0,0.6666666666666666,0.816496580927726,90.0,0.0,77.83333333333333,20.277777777777786,27.205493726247443,0.0,0.0,0.0,0.0,0.0,1.5,0.5,1.8333333333333333,0.8333333333333334,1.0671873729054748,0.0,0.0,0.0,0.0,0.0,0.0,0.0,0.0,0.0,0.0,0.0,0.0,0.0,0.0,0.0,0.0,0.0,0.0,0.0,0.0,0.0,0.0,0.0,0.0,0.0,0.0,0.0,0.0,0.0,0.0,0.0,0.0,0.1666666666666666,0.2777777777777778,0.372677996249965,0.0,0.0,0.0,0.0,0.0,0.0,0.0,0.0,0.0,0.0,-36,0.0,-15,0.0,0,0.0,0.0,5,6,1,0,0,0,7,7.0,5↑
282,Axel,Tuanzebe,DEF,IPS,?,"Tuanzebe (DEF, ?)",15,770,0,13,0,0,1,0,0,0,3,0,0,9,9,0.0,0.0,0.1666666666666666,0.2777777777777778,0.372677996249965,0.0,0.0,13.0,21.666666666666668,29.068883707497267,0.0,0.0,0.8333333333333334,1.0185185185185184,1.4624940645653537,36.5,36.5,42.77777777777778,42.777777777777786,42.99813375220882,0.0,0.0,0.0,0.0,0.0,0.0,0.0,0.7222222222222222,0.802469135802469,1.0437941237808852,0.0,0.0,0.0,0.0,0.0,0.0,0.0,0.0,0.0,0.0,0.0,0.0,0.0555555555555555,0.1049382716049382,0.2290614236454256,0.0,0.0,0.0,0.0,0.0,0.0,0.0,0.0,0.0,0.0,0.0,0.0,0.0,0.0,0.0,0.0,0.0,0.1666666666666666,0.2777777777777778,0.3726779962499649,0.0,0.0,0.0,0.0,0.0,0.0,0.0,0.0,0.0,0.0,1.0,1.0,1.6666666666666667,1.1851851851851851,1.6996731711975948,90.0,0.0,85.55555555555556,5.481481481481481,6.148371258780854,0.0,0.0,0.0,0.0,0.0,1.0,0.0,1.4444444444444444,0.8148148148148149,1.0657403385139377,0.0,0.0,0.0,0.0,0.0,0.0,0.0,0.0,0.0,0.0,0.0,0.0,0.1111111111111111,0.1975308641975308,0.3142696805273544,0.0,0.0,0.0,0.0,0.0,0.0,0.0,0.0,0.0,0.0,0.0,0.0,0.0,0.0,0.0,0.0,0.0,0.3333333333333333,0.4444444444444444,0.4714045207910317,0.0,0.0,0.0,0.0,0.0,0.0,0.0,0.0,0.0,0.0,-36,0.0,-15,0.0,0,0.0,0.0,5,0,0,0,1,0,1,1.0,~
272,George,Hirst,FWD,IPS,?,"Hirst (FWD, ?)",17,174,1,4,0,1,0,0,0,0,1,0,2,8,10,0.0,0.0,0.0,0.0,0.0,0.0,0.0,0.0,0.0,0.0,0.0,0.0,0.9444444444444444,1.1543209876543208,2.482655885722703,0.0,0.0,9.666666666666666,11.999999999999998,17.55625877635159,0.0,0.0,0.0555555555555555,0.1049382716049382,0.2290614236454256,0.0,0.0,0.2222222222222222,0.3950617283950617,0.7114582486036499,0.0,0.0,0.0,0.0,0.0,0.0,0.0,0.0555555555555555,0.1049382716049382,0.2290614236454256,0.0,0.0,0.0,0.0,0.0,0.0,0.0,0.0,0.0,0.0,0.0,0.0,0.0,0.0,0.0,0.0,0.0,0.0,0.0,0.0,0.0,0.0,0.0555555555555555,0.1049382716049382,0.2290614236454256,0.0,0.0,0.0,0.0,0.0,0.0,0.0,0.1111111111111111,0.2098765432098765,0.4581228472908512,1.0,0.0,2.125,2.21875,3.370367190678191,16.0,7.0,21.75,14.875,20.753011829611623,0.0,0.0,0.125,0.21875,0.3307189138830738,0.0,0.0,0.5,0.75,1.0,0.0,0.0,0.0,0.0,0.0,0.0,0.0,0.125,0.21875,0.3307189138830738,0.0,0.0,0.0,0.0,0.0,0.0,0.0,0.0,0.0,0.0,0.0,0.0,0.0,0.0,0.0,0.0,0.0,0.0,0.0,0.0,0.0,0.0,0.125,0.21875,0.3307189138830738,0.0,0.0,0.0,0.0,0.0,0.0,0.0,0.25,0.4375,0.6614378277661477,-36,0.0,0,0.0,-23,0.0,0.0,5,0,0,1,1,1,3,3.0,3↑
277,Massimo,Luongo,MID,IPS,?,"Luongo (MID, ?)",7,143,0,4,0,0,0,0,0,0,0,0,0,5,13,0.0,0.0,0.0,0.0,0.0,0.0,0.0,0.0,0.0,0.0,0.0,0.0,0.3888888888888889,0.5617283950617283,0.6781419786518724,0.0,0.0,7.944444444444445,13.234567901234568,21.133102580817564,0.0,0.0,0.0,0.0,0.0,0.0,0.0,0.2222222222222222,0.3950617283950617,0.7114582486036499,0.0,0.0,0.0,0.0,0.0,0.0,0.0,0.0,0.0,0.0,0.0,0.0,0.0,0.0,0.0,0.0,0.0,0.0,0.0,0.0,0.0,0.0,0.0,0.0,0.0,0.0,0.0,0.0,0.0,0.0,0.0,0.0,0.0,0.0,0.0,0.0,0.0,0.0,0.0,0.0,0.0,0.0,0.0,0.0,0.0,1.0,0.0,1.4,0.48,0.4898979485566356,6.0,5.0,28.6,31.12,31.89106457928302,0.0,0.0,0.0,0.0,0.0,0.0,0.0,0.8,0.96,1.1661903789690604,0.0,0.0,0.0,0.0,0.0,0.0,0.0,0.0,0.0,0.0,0.0,0.0,0.0,0.0,0.0,0.0,0.0,0.0,0.0,0.0,0.0,0.0,0.0,0.0,0.0,0.0,0.0,0.0,0.0,0.0,0.0,0.0,0.0,0.0,0.0,0.0,0.0,0.0,0.0,0.0,0.0,0.0,0.0,0.0,0.0,-36,0.0,0,0.0,-23,0.0,0.0,5,0,0,0,1,0,1,1.0,~
632,Chiedozie,Ogbene,MID,IPS,?,"Ogbene (MID, ?)",7,237,0,3,0,0,0,0,0,0,0,0,0,5,13,0.0,0.0,0.0,0.0,0.0,0.0,0.0,0.0,0.0,0.0,0.0,0.0,0.3888888888888889,0.5617283950617283,0.6781419786518724,0.0,0.0,13.166666666666666,19.01851851851852,25.25261262611147,0.0,0.0,0.0,0.0,0.0,0.0,0.0,0.1666666666666666,0.2962962962962963,0.4999999999999999,0.0,0.0,0.0,0.0,0.0,0.0,0.0,0.0,0.0,0.0,0.0,0.0,0.0,0.0,0.0,0.0,0.0,0.0,0.0,0.0,0.0,0.0,0.0,0.0,0.0,0.0,0.0,0.0,0.0,0.0,0.0,0.0,0.0,0.0,0.0,0.0,0.0,0.0,0.0,0.0,0.0,0.0,0.0,0.0,0.0,1.0,0.0,1.4,0.48,0.4898979485566356,34.0,17.0,47.4,24.08,25.9430144740352,0.0,0.0,0.0,0.0,0.0,0.0,0.0,0.6,0.72,0.7999999999999999,0.0,0.0,0.0,0.0,0.0,0.0,0.0,0.0,0.0,0.0,0.0,0.0,0.0,0.0,0.0,0.0,0.0,0.0,0.0,0.0,0.0,0.0,0.0,0.0,0.0,0.0,0.0,0.0,0.0,0.0,0.0,0.0,0.0,0.0,0.0,0.0,0.0,0.0,0.0,0.0,0.0,0.0,0.0,0.0,0.0,-36,0.0,0,0.0,-23,0.0,0.0,5,0,0,0,0,0,0,0.0,~
283,Christian,Walton,GKP,IPS,?,"Walton (GKP, ?)",2,90,0,2,0,0,0,3,0,0,0,0,0,1,17,0.0,0.0,0.0,0.0,0.0,0.0,0.0,0.0,0.0,0.0,0.0,0.0,0.1111111111111111,0.2098765432098765,0.4581228472908512,0.0,0.0,5.0,9.444444444444445,20.615528128088304,0.0,0.0,0.0,0.0,0.0,0.0,0.0,0.1111111111111111,0.2098765432098765,0.4581228472908512,0.0,0.0,0.0,0.0,0.0,0.0,0.0,0.0,0.0,0.0,0.0,0.0,0.0,0.0,0.0,0.0,0.0,0.1666666666666666,0.3148148148148148,0.6871842709362769,0.0,0.0,0.0,0.0,0.0,0.0,0.0,0.0,0.0,0.0,0.0,0.0,0.0,0.0,0.0,0.0,0.0,0.0,0.0,0.0,0.0,0.0,0.0,0.0,0.0,2.0,0.0,2.0,0.0,0.0,90.0,0.0,90.0,0.0,0.0,0.0,0.0,0.0,0.0,0.0,2.0,0.0,2.0,0.0,0.0,0.0,0.0,0.0,0.0,0.0,0.0,0.0,0.0,0.0,0.0,0.0,0.0,0.0,0.0,0.0,3.0,0.0,3.0,0.0,0.0,0.0,0.0,0.0,0.0,0.0,0.0,0.0,0.0,0.0,0.0,0.0,0.0,0.0,0.0,0.0,0.0,0.0,0.0,0.0,0.0,0.0,0.0,0.0,0.0,0.0,-36,0.0,-15,0.0,0,0.0,0.0,5,9,1,2,0,0,12,12.0,6↑
271,Marcus,Myers-Harness,MID,IPS,?,"Harness (MID, ?)",2,43,0,2,0,0,0,0,0,0,0,0,0,2,16,0.0,0.0,0.0,0.0,0.0,0.0,0.0,0.0,0.0,0.0,0.0,0.0,0.1111111111111111,0.1975308641975308,0.3142696805273545,0.0,0.0,2.388888888888889,4.246913580246914,6.856780009506315,0.0,0.0,0.0,0.0,0.0,0.0,0.0,0.1111111111111111,0.1975308641975308,0.3142696805273545,0.0,0.0,0.0,0.0,0.0,0.0,0.0,0.0,0.0,0.0,0.0,0.0,0.0,0.0,0.0,0.0,0.0,0.0,0.0,0.0,0.0,0.0,0.0,0.0,0.0,0.0,0.0,0.0,0.0,0.0,0.0,0.0,0.0,0.0,0.0,0.0,0.0,0.0,0.0,0.0,0.0,0.0,0.0,0.0,0.0,1.0,0.0,1.0,0.0,0.0,21.5,3.5,21.5,3.5,3.5,0.0,0.0,0.0,0.0,0.0,1.0,0.0,1.0,0.0,0.0,0.0,0.0,0.0,0.0,0.0,0.0,0.0,0.0,0.0,0.0,0.0,0.0,0.0,0.0,0.0,0.0,0.0,0.0,0.0,0.0,0.0,0.0,0.0,0.0,0.0,0.0,0.0,0.0,0.0,0.0,0.0,0.0,0.0,0.0,0.0,0.0,0.0,0.0,0.0,0.0,0.0,0.0,0.0,0.0,0.0,-36,0.0,0,0.0,-23,0.0,0.0,5,0,0,0,0,0,0,0.0,~
269,George,Edmundson,DEF,IPS,?,"Edmundson (DEF, ?)",1,1,0,0,0,0,0,0,0,0,0,0,0,1,17,0.0,0.0,0.0,0.0,0.0,0.0,0.0,0.0,0.0,0.0,0.0,0.0,0.0555555555555555,0.1049382716049382,0.2290614236454256,0.0,0.0,0.0555555555555555,0.1049382716049382,0.2290614236454256,0.0,0.0,0.0,0.0,0.0,0.0,0.0,0.0,0.0,0.0,0.0,0.0,0.0,0.0,0.0,0.0,0.0,0.0,0.0,0.0,0.0,0.0,0.0,0.0,0.0,0.0,0.0,0.0,0.0,0.0,0.0,0.0,0.0,0.0,0.0,0.0,0.0,0.0,0.0,0.0,0.0,0.0,0.0,0.0,0.0,0.0,0.0,0.0,0.0,0.0,0.0,0.0,0.0,0.0,0.0,1.0,0.0,1.0,0.0,0.0,1.0,0.0,1.0,0.0,0.0,0.0,0.0,0.0,0.0,0.0,0.0,0.0,0.0,0.0,0.0,0.0,0.0,0.0,0.0,0.0,0.0,0.0,0.0,0.0,0.0,0.0,0.0,0.0,0.0,0.0,0.0,0.0,0.0,0.0,0.0,0.0,0.0,0.0,0.0,0.0,0.0,0.0,0.0,0.0,0.0,0.0,0.0,0.0,0.0,0.0,0.0,0.0,0.0,0.0,0.0,0.0,0.0,0.0,0.0,0.0,-36,0.0,-15,0.0,0,0.0,0.0,5,0,0,0,0,0,0,0.0,~
583,Conor,Townsend,DEF,IPS,?,"Townsend (DEF, ?)",1,1,0,1,0,0,0,0,0,0,0,0,0,1,17,0.0,0.0,0.0,0.0,0.0,0.0,0.0,0.0,0.0,0.0,0.0,0.0,0.0555555555555555,0.1049382716049382,0.2290614236454256,0.0,0.0,0.0555555555555555,0.1049382716049382,0.2290614236454256,0.0,0.0,0.0,0.0,0.0,0.0,0.0,0.0555555555555555,0.1049382716049382,0.2290614236454256,0.0,0.0,0.0,0.0,0.0,0.0,0.0,0.0,0.0,0.0,0.0,0.0,0.0,0.0,0.0,0.0,0.0,0.0,0.0,0.0,0.0,0.0,0.0,0.0,0.0,0.0,0.0,0.0,0.0,0.0,0.0,0.0,0.0,0.0,0.0,0.0,0.0,0.0,0.0,0.0,0.0,0.0,0.0,0.0,0.0,1.0,0.0,1.0,0.0,0.0,1.0,0.0,1.0,0.0,0.0,0.0,0.0,0.0,0.0,0.0,1.0,0.0,1.0,0.0,0.0,0.0,0.0,0.0,0.0,0.0,0.0,0.0,0.0,0.0,0.0,0.0,0.0,0.0,0.0,0.0,0.0,0.0,0.0,0.0,0.0,0.0,0.0,0.0,0.0,0.0,0.0,0.0,0.0,0.0,0.0,0.0,0.0,0.0,0.0,0.0,0.0,0.0,0.0,0.0,0.0,0.0,0.0,0.0,0.0,0.0,-36,0.0,-15,0.0,0,0.0,0.0,5,0,0,0,0,1,1,1.0,~
261,Elkan,Baggott,DEF,IPS,?,"Baggott (DEF, ?)",0,0,0,0,0,0,0,0,0,0,0,0,0,0,18,0.0,0.0,0.0,0.0,0.0,0.0,0.0,0.0,0.0,0.0,0.0,0.0,0.0,0.0,0.0,0.0,0.0,0.0,0.0,0.0,0.0,0.0,0.0,0.0,0.0,0.0,0.0,0.0,0.0,0.0,0.0,0.0,0.0,0.0,0.0,0.0,0.0,0.0,0.0,0.0,0.0,0.0,0.0,0.0,0.0,0.0,0.0,0.0,0.0,0.0,0.0,0.0,0.0,0.0,0.0,0.0,0.0,0.0,0.0,0.0,0.0,0.0,0.0,0.0,0.0,0.0,0.0,0.0,0.0,0.0,0.0,0.0,0.0,0.0,0.0,0.0,0.0,0.0,0.0,0.0,0.0,0.0,0.0,0.0,0.0,0.0,0.0,0.0,0.0,0.0,0.0,0.0,0.0,0.0,0.0,0.0,0.0,0.0,0.0,0.0,0.0,0.0,0.0,0.0,0.0,0.0,0.0,0.0,0.0,0.0,0.0,0.0,0.0,0.0,0.0,0.0,0.0,0.0,0.0,0.0,0.0,0.0,0.0,0.0,0.0,0.0,0.0,0.0,0.0,0.0,0.0,0.0,0.0,0.0,0.0,0.0,0.0,0.0,0.0,0.0,-36,0.0,-15,0.0,0,0.0,0.0,5,0,0,0,0,0,0,0.0,~
273,Cameron,Humphreys,MID,IPS,?,"Humphreys (MID, ?)",0,0,0,0,0,0,0,0,0,0,0,0,0,0,18,0.0,0.0,0.0,0.0,0.0,0.0,0.0,0.0,0.0,0.0,0.0,0.0,0.0,0.0,0.0,0.0,0.0,0.0,0.0,0.0,0.0,0.0,0.0,0.0,0.0,0.0,0.0,0.0,0.0,0.0,0.0,0.0,0.0,0.0,0.0,0.0,0.0,0.0,0.0,0.0,0.0,0.0,0.0,0.0,0.0,0.0,0.0,0.0,0.0,0.0,0.0,0.0,0.0,0.0,0.0,0.0,0.0,0.0,0.0,0.0,0.0,0.0,0.0,0.0,0.0,0.0,0.0,0.0,0.0,0.0,0.0,0.0,0.0,0.0,0.0,0.0,0.0,0.0,0.0,0.0,0.0,0.0,0.0,0.0,0.0,0.0,0.0,0.0,0.0,0.0,0.0,0.0,0.0,0.0,0.0,0.0,0.0,0.0,0.0,0.0,0.0,0.0,0.0,0.0,0.0,0.0,0.0,0.0,0.0,0.0,0.0,0.0,0.0,0.0,0.0,0.0,0.0,0.0,0.0,0.0,0.0,0.0,0.0,0.0,0.0,0.0,0.0,0.0,0.0,0.0,0.0,0.0,0.0,0.0,0.0,0.0,0.0,0.0,0.0,0.0,-36,0.0,0,0.0,-23,0.0,0.0,5,0,0,0,0,0,0,0.0,~
276,Freddie,Ladapo,FWD,IPS,?,"Ladapo (FWD, ?)",0,0,0,0,0,0,0,0,0,0,0,0,0,0,18,0.0,0.0,0.0,0.0,0.0,0.0,0.0,0.0,0.0,0.0,0.0,0.0,0.0,0.0,0.0,0.0,0.0,0.0,0.0,0.0,0.0,0.0,0.0,0.0,0.0,0.0,0.0,0.0,0.0,0.0,0.0,0.0,0.0,0.0,0.0,0.0,0.0,0.0,0.0,0.0,0.0,0.0,0.0,0.0,0.0,0.0,0.0,0.0,0.0,0.0,0.0,0.0,0.0,0.0,0.0,0.0,0.0,0.0,0.0,0.0,0.0,0.0,0.0,0.0,0.0,0.0,0.0,0.0,0.0,0.0,0.0,0.0,0.0,0.0,0.0,0.0,0.0,0.0,0.0,0.0,0.0,0.0,0.0,0.0,0.0,0.0,0.0,0.0,0.0,0.0,0.0,0.0,0.0,0.0,0.0,0.0,0.0,0.0,0.0,0.0,0.0,0.0,0.0,0.0,0.0,0.0,0.0,0.0,0.0,0.0,0.0,0.0,0.0,0.0,0.0,0.0,0.0,0.0,0.0,0.0,0.0,0.0,0.0,0.0,0.0,0.0,0.0,0.0,0.0,0.0,0.0,0.0,0.0,0.0,0.0,0.0,0.0,0.0,0.0,0.0,-36,0.0,0,0.0,-23,0.0,0.0,5,0,0,0,0,0,0,0.0,~
279,Corrie,Ndaba,DEF,IPS,?,"Ndaba (DEF, ?)",0,0,0,0,0,0,0,0,0,0,0,0,0,0,18,0.0,0.0,0.0,0.0,0.0,0.0,0.0,0.0,0.0,0.0,0.0,0.0,0.0,0.0,0.0,0.0,0.0,0.0,0.0,0.0,0.0,0.0,0.0,0.0,0.0,0.0,0.0,0.0,0.0,0.0,0.0,0.0,0.0,0.0,0.0,0.0,0.0,0.0,0.0,0.0,0.0,0.0,0.0,0.0,0.0,0.0,0.0,0.0,0.0,0.0,0.0,0.0,0.0,0.0,0.0,0.0,0.0,0.0,0.0,0.0,0.0,0.0,0.0,0.0,0.0,0.0,0.0,0.0,0.0,0.0,0.0,0.0,0.0,0.0,0.0,0.0,0.0,0.0,0.0,0.0,0.0,0.0,0.0,0.0,0.0,0.0,0.0,0.0,0.0,0.0,0.0,0.0,0.0,0.0,0.0,0.0,0.0,0.0,0.0,0.0,0.0,0.0,0.0,0.0,0.0,0.0,0.0,0.0,0.0,0.0,0.0,0.0,0.0,0.0,0.0,0.0,0.0,0.0,0.0,0.0,0.0,0.0,0.0,0.0,0.0,0.0,0.0,0.0,0.0,0.0,0.0,0.0,0.0,0.0,0.0,0.0,0.0,0.0,0.0,0.0,-36,0.0,-15,0.0,0,0.0,0.0,5,0,0,0,0,0,0,0.0,~
280,Cieran,Slicker,GKP,IPS,?,"Slicker (GKP, ?)",0,0,0,0,0,0,0,0,0,0,0,0,0,0,18,0.0,0.0,0.0,0.0,0.0,0.0,0.0,0.0,0.0,0.0,0.0,0.0,0.0,0.0,0.0,0.0,0.0,0.0,0.0,0.0,0.0,0.0,0.0,0.0,0.0,0.0,0.0,0.0,0.0,0.0,0.0,0.0,0.0,0.0,0.0,0.0,0.0,0.0,0.0,0.0,0.0,0.0,0.0,0.0,0.0,0.0,0.0,0.0,0.0,0.0,0.0,0.0,0.0,0.0,0.0,0.0,0.0,0.0,0.0,0.0,0.0,0.0,0.0,0.0,0.0,0.0,0.0,0.0,0.0,0.0,0.0,0.0,0.0,0.0,0.0,0.0,0.0,0.0,0.0,0.0,0.0,0.0,0.0,0.0,0.0,0.0,0.0,0.0,0.0,0.0,0.0,0.0,0.0,0.0,0.0,0.0,0.0,0.0,0.0,0.0,0.0,0.0,0.0,0.0,0.0,0.0,0.0,0.0,0.0,0.0,0.0,0.0,0.0,0.0,0.0,0.0,0.0,0.0,0.0,0.0,0.0,0.0,0.0,0.0,0.0,0.0,0.0,0.0,0.0,0.0,0.0,0.0,0.0,0.0,0.0,0.0,0.0,0.0,0.0,0.0,-36,0.0,-15,0.0,0,0.0,0.0,5,0,0,0,0,0,0,0.0,~
306,Jamie,Vardy,FWD,LEI,?,"Vardy (FWD, ?)",69,1281,6,32,0,3,1,0,0,0,4,0,10,16,2,3.0,2.0,4.0,3.0,3.958114029012639,61.0,16.0,60.0,21.0,30.03886371574886,2.0,2.0,3.8333333333333335,2.814814814814815,3.304037933599835,80.0,10.0,71.16666666666667,19.666666666666668,27.45754298306144,0.0,0.0,0.3333333333333333,0.4444444444444444,0.4714045207910317,2.0,1.0,1.7777777777777777,1.0493827160493827,1.2717247935843996,0.0,0.0,0.0,0.0,0.0,0.0,0.0,0.1666666666666666,0.2777777777777778,0.3726779962499649,0.0,0.0,0.0555555555555555,0.1049382716049382,0.2290614236454256,0.0,0.0,0.0,0.0,0.0,0.0,0.0,0.0,0.0,0.0,0.0,0.0,0.0,0.0,0.0,0.0,0.0,0.2222222222222222,0.345679012345679,0.415739709641549,0.0,0.0,0.0,0.0,0.0,0.0,0.0,0.5555555555555556,0.802469135802469,0.955813918560292,3.0,2.0,4.3125,2.7265625,3.196066918886399,86.0,4.0,80.0625,10.1796875,11.659056297574002,0.0,0.0,0.375,0.46875,0.4841229182759271,2.0,1.0,2.0,0.875,1.1726039399558574,0.0,0.0,0.0,0.0,0.0,0.0,0.0,0.1875,0.3046875,0.3903123748998999,0.0,0.0,0.0625,0.1171875,0.2420614591379635,0.0,0.0,0.0,0.0,0.0,0.0,0.0,0.0,0.0,0.0,0.0,0.0,0.0,0.0,0.0,0.0,0.0,0.25,0.375,0.4330127018922193,0.0,0.0,0.0,0.0,0.0,0.0,0.0,0.625,0.859375,0.9921567416492216,-20,5.555555555555555,0,0.0,-3,9.333333333333334,7.44444444444,5,2,5,2,2,9,20,12.55555555556,6↑
635,Bilal,El Khannouss,MID,LEI,?,"El Khannouss (MID, ?)",31,625,1,19,0,1,1,0,0,0,0,0,3,13,5,2.0,0.5,3.5,3.5,4.752192476461084,68.0,12.5,58.333333333333336,21.222222222222214,27.842812757015444,1.0,1.0,1.7222222222222223,1.5185185185185184,3.069664396342512,22.0,22.0,34.72222222222222,30.246913580246915,32.00139850339106,0.0,0.0,0.0555555555555555,0.1049382716049382,0.2290614236454256,0.5,0.5,1.0555555555555556,1.067901234567901,1.2234841969747356,0.0,0.0,0.0,0.0,0.0,0.0,0.0,0.0555555555555555,0.1049382716049382,0.2290614236454256,0.0,0.0,0.0555555555555555,0.1049382716049382,0.2290614236454256,0.0,0.0,0.0,0.0,0.0,0.0,0.0,0.0,0.0,0.0,0.0,0.0,0.0,0.0,0.0,0.0,0.0,0.0,0.0,0.0,0.0,0.0,0.0,0.0,0.0,0.0,0.0,0.1666666666666666,0.3148148148148148,0.6871842709362769,1.0,0.0,2.3846153846153846,1.7869822485207096,3.386363185085405,55.0,25.0,48.07692307692308,25.44378698224852,27.85528961908875,0.0,0.0,0.0769230769230769,0.1420118343195266,0.2664693550105965,2.0,1.0,1.4615384615384617,1.0414201183431953,1.2162606385262995,0.0,0.0,0.0,0.0,0.0,0.0,0.0,0.0769230769230769,0.1420118343195266,0.2664693550105965,0.0,0.0,0.0769230769230769,0.1420118343195266,0.2664693550105965,0.0,0.0,0.0,0.0,0.0,0.0,0.0,0.0,0.0,0.0,0.0,0.0,0.0,0.0,0.0,0.0,0.0,0.0,0.0,0.0,0.0,0.0,0.0,0.0,0.0,0.0,0.0,0.2307692307692307,0.4260355029585799,0.7994080650317895,-20,2.7777777777777777,0,0.0,-3,4.666666666666667,3.72222222222,5,1,2,2,2,9,16,12.277777777779999,6↑
192,Jordan,Ayew,MID,LEI,?,"J.Ayew (MID, ?)",45,845,4,24,0,0,1,0,0,0,5,0,3,17,1,2.0,0.5,2.333333333333333,1.5555555555555556,2.2110831935702664,70.0,16.5,52.333333333333336,34.55555555555555,37.681413042624726,2.0,1.0,2.5,1.8888888888888888,2.386303510546059,44.0,38.5,46.94444444444444,33.611111111111114,35.04040877206744,0.0,0.0,0.2222222222222222,0.345679012345679,0.415739709641549,1.0,1.0,1.3333333333333333,1.0,1.2018504251546631,0.0,0.0,0.0,0.0,0.0,0.0,0.0,0.0,0.0,0.0,0.0,0.0,0.0555555555555555,0.1049382716049382,0.2290614236454256,0.0,0.0,0.0,0.0,0.0,0.0,0.0,0.0,0.0,0.0,0.0,0.0,0.0,0.0,0.0,0.0,0.0,0.2777777777777778,0.4012345679012346,0.4479032082388083,0.0,0.0,0.0,0.0,0.0,0.0,0.0,0.1666666666666666,0.2777777777777778,0.372677996249965,2.0,1.0,2.647058823529412,1.9307958477508649,2.3748975574336884,61.0,29.0,49.70588235294117,32.66435986159169,34.099792488384224,0.0,0.0,0.2352941176470588,0.3598615916955017,0.4241825029957634,1.0,1.0,1.411764705882353,1.003460207612457,1.1910856900774462,0.0,0.0,0.0,0.0,0.0,0.0,0.0,0.0,0.0,0.0,0.0,0.0,0.0588235294117647,0.1107266435986159,0.2352941176470588,0.0,0.0,0.0,0.0,0.0,0.0,0.0,0.0,0.0,0.0,0.0,0.0,0.0,0.0,0.0,0.0,0.0,0.2941176470588235,0.4152249134948097,0.4556450995538137,0.0,0.0,0.0,0.0,0.0,0.0,0.0,0.1764705882352941,0.2906574394463668,0.3812200410828153,-20,7.777777777777779,0,0.0,-3,9.666666666666668,8.72222222222,5,0,2,1,2,2,7,-1.7222222222199992,2↓
290,Bobby,De Cordova-Reid,MID,LEI,?,"De Cordova-Reid (MID, ?)",28,271,1,6,0,2,0,0,0,0,0,0,2,13,5,1.0,0.0,2.6666666666666665,2.777777777777778,3.7267799624996494,13.0,7.5,16.833333333333332,10.111111111111107,11.610579466829188,1.0,0.5,1.5555555555555556,1.4197530864197532,2.4770552010675506,5.5,5.5,15.055555555555555,16.858024691358022,23.20074764653124,0.0,0.0,0.0555555555555555,0.1049382716049382,0.2290614236454256,0.0,0.0,0.3333333333333333,0.4814814814814815,0.5773502691896257,0.0,0.0,0.0,0.0,0.0,0.0,0.0,0.1111111111111111,0.1975308641975308,0.3142696805273545,0.0,0.0,0.0,0.0,0.0,0.0,0.0,0.0,0.0,0.0,0.0,0.0,0.0,0.0,0.0,0.0,0.0,0.0,0.0,0.0,0.0,0.0,0.0,0.0,0.0,0.0,0.0,0.0,0.0,0.0,0.0,0.0,0.1111111111111111,0.2098765432098765,0.4581228472908512,1.0,0.0,2.1538461538461537,1.6449704142011834,2.684604364094638,10.0,8.0,20.846153846153847,19.633136094674555,24.99183298552412,0.0,0.0,0.0769230769230769,0.1420118343195266,0.2664693550105965,0.0,0.0,0.4615384615384615,0.5680473372781065,0.6343239424027171,0.0,0.0,0.0,0.0,0.0,0.0,0.0,0.1538461538461538,0.2603550295857988,0.3608012122941099,0.0,0.0,0.0,0.0,0.0,0.0,0.0,0.0,0.0,0.0,0.0,0.0,0.0,0.0,0.0,0.0,0.0,0.0,0.0,0.0,0.0,0.0,0.0,0.0,0.0,0.0,0.0,0.0,0.0,0.0,0.0,0.0,0.1538461538461538,0.2840236686390532,0.5329387100211931,-20,3.888888888888889,0,0.0,-3,4.833333333333334,4.36111111111,5,0,1,0,0,7,8,3.6388888888900004,3↑
117,Facundo,Buonanotte,MID,LEI,?,"Buonanotte (MID, ?)",52,945,4,20,0,2,2,0,0,0,5,0,4,15,3,1.0,0.5,2.333333333333333,2.111111111111111,2.6874192494328497,28.5,25.5,36.0,27.0,31.533051443419385,1.5,1.5,2.888888888888889,2.530864197530864,3.0711722135745005,66.5,23.5,52.5,33.44444444444444,35.56722898649511,0.0,0.0,0.2222222222222222,0.345679012345679,0.415739709641549,1.0,1.0,1.1111111111111112,1.037037037037037,1.2422599874998832,0.0,0.0,0.0,0.0,0.0,0.0,0.0,0.1111111111111111,0.1975308641975308,0.3142696805273545,0.0,0.0,0.1111111111111111,0.1975308641975308,0.3142696805273545,0.0,0.0,0.0,0.0,0.0,0.0,0.0,0.0,0.0,0.0,0.0,0.0,0.0,0.0,0.0,0.0,0.0,0.2777777777777778,0.4012345679012345,0.4479032082388083,0.0,0.0,0.0,0.0,0.0,0.0,0.0,0.2222222222222222,0.3950617283950617,0.7114582486036499,2.0,1.0,3.466666666666667,2.5600000000000005,3.0521395046025592,78.0,12.0,63.0,26.133333333333333,29.2665907364239,0.0,0.0,0.2666666666666666,0.3911111111111111,0.4422166387140533,1.0,1.0,1.3333333333333333,1.0666666666666669,1.2472191289246473,0.0,0.0,0.0,0.0,0.0,0.0,0.0,0.1333333333333333,0.2311111111111111,0.3399346342395189,0.0,0.0,0.1333333333333333,0.2311111111111111,0.339934634239519,0.0,0.0,0.0,0.0,0.0,0.0,0.0,0.0,0.0,0.0,0.0,0.0,0.0,0.0,0.0,0.0,0.0,0.3333333333333333,0.4444444444444443,0.4714045207910317,0.0,0.0,0.0,0.0,0.0,0.0,0.0,0.2666666666666666,0.4622222222222222,0.7717224601860151,-20,4.166666666666666,0,0.0,-3,7.0,5.58333333333,5,2,1,2,1,0,6,0.4166666666700003,~
289,Patson,Daka,FWD,LEI,?,"Daka (FWD, ?)",13,197,1,5,0,0,0,0,0,0,0,0,2,6,12,1.0,0.5,2.0,1.6666666666666667,2.309401076758503,28.0,11.0,31.0,19.666666666666668,28.728615235220325,0.0,0.0,0.7222222222222222,0.9629629629629628,1.6263645742560495,0.0,0.0,10.944444444444445,14.80864197530864,21.963283053066903,0.0,0.0,0.0555555555555555,0.1049382716049382,0.2290614236454256,0.0,0.0,0.2777777777777778,0.462962962962963,0.7307192465536614,0.0,0.0,0.0,0.0,0.0,0.0,0.0,0.0,0.0,0.0,0.0,0.0,0.0,0.0,0.0,0.0,0.0,0.0,0.0,0.0,0.0,0.0,0.0,0.0,0.0,0.0,0.0,0.0,0.0,0.0,0.0,0.0,0.0,0.0,0.0,0.0,0.0,0.0,0.0,0.0,0.0,0.0,0.1111111111111111,0.2098765432098765,0.4581228472908512,1.0,0.0,2.1666666666666665,1.611111111111111,2.1921577396609844,28.0,10.0,32.833333333333336,19.05555555555556,26.99022456783608,0.0,0.0,0.1666666666666666,0.2777777777777778,0.372677996249965,0.5,0.5,0.8333333333333334,0.8333333333333334,1.0671873729054746,0.0,0.0,0.0,0.0,0.0,0.0,0.0,0.0,0.0,0.0,0.0,0.0,0.0,0.0,0.0,0.0,0.0,0.0,0.0,0.0,0.0,0.0,0.0,0.0,0.0,0.0,0.0,0.0,0.0,0.0,0.0,0.0,0.0,0.0,0.0,0.0,0.0,0.0,0.0,0.0,0.0,0.0,0.3333333333333333,0.5555555555555557,0.74535599249993,-20,0.0,0,0.0,-3,0.0,0.0,5,1,1,1,1,1,5,5.0,4↑
298,Stephy,Mavididi,MID,LEI,?,"Mavididi (MID, ?)",41,931,2,22,0,1,1,0,0,0,2,0,3,17,1,1.0,0.0,1.8333333333333333,1.1111111111111112,1.462494064565354,43.0,22.0,50.66666666666666,27.33333333333334,29.36362072739365,1.0,0.0,2.2777777777777777,1.7654320987654322,2.4901038701127742,62.5,27.5,51.72222222222222,30.19753086419753,31.951013817258087,0.0,0.0,0.1111111111111111,0.1975308641975308,0.3142696805273545,1.0,1.0,1.2222222222222223,0.9629629629629628,1.133115447465063,0.0,0.0,0.0,0.0,0.0,0.0,0.0,0.0555555555555555,0.1049382716049382,0.2290614236454256,0.0,0.0,0.0555555555555555,0.1049382716049382,0.2290614236454256,0.0,0.0,0.0,0.0,0.0,0.0,0.0,0.0,0.0,0.0,0.0,0.0,0.0,0.0,0.0,0.0,0.0,0.1111111111111111,0.1975308641975308,0.3142696805273545,0.0,0.0,0.0,0.0,0.0,0.0,0.0,0.1666666666666666,0.3148148148148148,0.6871842709362769,1.0,0.0,2.411764705882353,1.8062283737024225,2.498442421364153,67.0,23.0,54.76470588235294,28.394463667820077,30.23735401543381,0.0,0.0,0.1176470588235294,0.2076124567474048,0.3221897397089212,1.0,1.0,1.2941176470588236,0.9688581314878894,1.1253603805711172,0.0,0.0,0.0,0.0,0.0,0.0,0.0,0.0588235294117647,0.1107266435986159,0.2352941176470588,0.0,0.0,0.0588235294117647,0.1107266435986159,0.2352941176470588,0.0,0.0,0.0,0.0,0.0,0.0,0.0,0.0,0.0,0.0,0.0,0.0,0.0,0.0,0.0,0.0,0.0,0.1176470588235294,0.2076124567474048,0.3221897397089212,0.0,0.0,0.0,0.0,0.0,0.0,0.0,0.1764705882352941,0.3321799307958478,0.7058823529411765,-20,5.0,0,0.0,-3,5.0,5.0,5,2,7,2,2,0,13,8.0,5↑
299,Kasey,McAteer,MID,LEI,?,"McAteer (MID, ?)",17,330,0,6,0,1,1,0,0,0,0,0,0,9,9,1.0,1.0,1.6666666666666667,1.6666666666666663,2.1343747458109497,30.5,30.5,37.333333333333336,37.333333333333336,38.26951208933236,0.5,0.5,0.9444444444444444,0.9444444444444442,1.4326441064697364,0.5,0.5,18.33333333333333,24.59259259259259,30.23243291566195,0.0,0.0,0.0,0.0,0.0,0.0,0.0,0.3333333333333333,0.5555555555555556,0.9428090415820632,0.0,0.0,0.0,0.0,0.0,0.0,0.0,0.0555555555555555,0.1049382716049382,0.2290614236454256,0.0,0.0,0.0555555555555555,0.1049382716049382,0.2290614236454256,0.0,0.0,0.0,0.0,0.0,0.0,0.0,0.0,0.0,0.0,0.0,0.0,0.0,0.0,0.0,0.0,0.0,0.0,0.0,0.0,0.0,0.0,0.0,0.0,0.0,0.0,0.0,0.0,0.0,0.0,1.0,0.0,1.8888888888888888,0.9876543209876542,1.5234788000891206,19.0,18.0,36.66666666666666,32.74074074074073,33.99673186907497,0.0,0.0,0.0,0.0,0.0,0.0,0.0,0.6666666666666666,0.8888888888888888,1.2472191289246473,0.0,0.0,0.0,0.0,0.0,0.0,0.0,0.1111111111111111,0.1975308641975308,0.3142696805273544,0.0,0.0,0.1111111111111111,0.1975308641975308,0.3142696805273544,0.0,0.0,0.0,0.0,0.0,0.0,0.0,0.0,0.0,0.0,0.0,0.0,0.0,0.0,0.0,0.0,0.0,0.0,0.0,0.0,0.0,0.0,0.0,0.0,0.0,0.0,0.0,0.0,0.0,0.0,-20,1.3888888888888888,0,0.0,-3,2.333333333333333,1.86111111111,5,0,0,1,0,0,1,-0.86111111111,~
293,Mads,Hermansen,GKP,LEI,?,"Hermansen (GKP, ?)",38,1395,0,31,0,0,1,65,0,0,0,0,0,16,2,1.0,1.0,1.3333333333333333,1.3333333333333333,1.49071198499986,67.5,22.5,52.5,37.5,40.38873605350878,2.0,1.0,2.111111111111111,1.148148148148148,1.5234788000891208,90.0,0.0,77.5,20.83333333333333,29.261749776799064,0.0,0.0,0.0,0.0,0.0,2.0,1.0,1.7222222222222223,0.9753086419753084,1.1928283640879938,0.0,0.0,0.0,0.0,0.0,0.0,0.0,0.0,0.0,0.0,0.0,0.0,0.0555555555555555,0.1049382716049382,0.2290614236454256,3.5,1.5,3.611111111111111,2.166666666666667,2.984010889332397,0.0,0.0,0.0,0.0,0.0,0.0,0.0,0.0,0.0,0.0,0.0,0.0,0.0,0.0,0.0,0.0,0.0,0.0,0.0,0.0,0.0,0.0,0.0,0.0,0.0,2.0,1.0,2.375,1.09375,1.4086784586980805,90.0,0.0,87.1875,5.2734375,10.89276566120836,0.0,0.0,0.0,0.0,0.0,2.0,1.0,1.9375,0.828125,1.0879309490955758,0.0,0.0,0.0,0.0,0.0,0.0,0.0,0.0,0.0,0.0,0.0,0.0,0.0625,0.1171875,0.2420614591379635,4.0,2.0,4.0625,1.9609375,2.860698122836452,0.0,0.0,0.0,0.0,0.0,0.0,0.0,0.0,0.0,0.0,0.0,0.0,0.0,0.0,0.0,0.0,0.0,0.0,0.0,0.0,0.0,0.0,0.0,0.0,0.0,-20,7.777777777777779,-28,6.888888888888889,0,0.0,7.33333333333,5,0,0,0,0,0,0,-7.33333333333,5↓
296,Victor,Kristiansen,DEF,LEI,?,"Kristiansen (DEF, ?)",22,1397,0,33,1,1,1,0,0,0,1,0,0,16,2,1.0,0.5,1.3333333333333333,1.222222222222222,1.699673171197595,90.0,0.0,75.0,25.0,33.54101966249684,1.0,1.0,1.2222222222222223,1.2098765432098766,1.7177360926378118,90.0,0.0,77.61111111111111,19.425925925925924,28.404105510938788,0.0,0.0,0.0,0.0,0.0,2.0,1.0,1.8333333333333333,0.9814814814814816,1.2133516482134197,0.0,0.0,0.0555555555555555,0.1049382716049382,0.2290614236454256,0.0,0.0,0.0555555555555555,0.1049382716049382,0.2290614236454256,0.0,0.0,0.0555555555555555,0.1049382716049382,0.2290614236454256,0.0,0.0,0.0,0.0,0.0,0.0,0.0,0.0,0.0,0.0,0.0,0.0,0.0,0.0,0.0,0.0,0.0,0.0555555555555555,0.1049382716049382,0.2290614236454256,0.0,0.0,0.0,0.0,0.0,0.0,0.0,0.0,0.0,0.0,1.0,1.0,1.375,1.265625,1.7633419974582356,90.0,0.0,87.3125,4.3671875,7.78394782549318,0.0,0.0,0.0,0.0,0.0,2.0,1.0,2.0625,0.8359375,1.0879309490955758,0.0,0.0,0.0625,0.1171875,0.2420614591379635,0.0,0.0,0.0625,0.1171875,0.2420614591379635,0.0,0.0,0.0625,0.1171875,0.2420614591379635,0.0,0.0,0.0,0.0,0.0,0.0,0.0,0.0,0.0,0.0,0.0,0.0,0.0,0.0,0.0,0.0,0.0,0.0625,0.1171875,0.2420614591379635,0.0,0.0,0.0,0.0,0.0,0.0,0.0,0.0,0.0,0.0,-20,2.7777777777777777,-28,1.8888888888888888,0,0.0,2.33333333333,5,1,0,1,1,2,5,2.66666666667,3↑
285,Boubakary,Soumaré,MID,LEI,?,"B.Soumaré (MID, ?)",12,651,0,18,0,0,0,0,0,0,6,0,0,11,7,1.0,0.5,1.1666666666666667,0.5555555555555555,0.6871842709362768,90.0,0.0,70.5,26.0,33.03407331831786,0.5,0.5,0.6666666666666666,0.6666666666666666,0.7453559924999299,13.5,13.5,36.16666666666666,38.87037037037036,40.665642063595214,0.0,0.0,0.0,0.0,0.0,0.0,0.0,1.0,1.2222222222222223,1.3743685418725535,0.0,0.0,0.0,0.0,0.0,0.0,0.0,0.0,0.0,0.0,0.0,0.0,0.0,0.0,0.0,0.0,0.0,0.0,0.0,0.0,0.0,0.0,0.0,0.0,0.0,0.0,0.0,0.0,0.0,0.0,0.0,0.0,0.3333333333333333,0.4444444444444444,0.4714045207910317,0.0,0.0,0.0,0.0,0.0,0.0,0.0,0.0,0.0,0.0,1.0,0.0,1.0909090909090908,0.4958677685950413,0.6680426571226848,90.0,0.0,59.18181818181818,34.31404958677686,36.66015469346468,0.0,0.0,0.0,0.0,0.0,2.0,1.0,1.6363636363636365,1.305785123966942,1.431637795274875,0.0,0.0,0.0,0.0,0.0,0.0,0.0,0.0,0.0,0.0,0.0,0.0,0.0,0.0,0.0,0.0,0.0,0.0,0.0,0.0,0.0,0.0,0.0,0.0,0.0,0.0,0.0,0.0,0.0,0.0,1.0,0.0,0.5454545454545454,0.4958677685950414,0.4979295977319691,0.0,0.0,0.0,0.0,0.0,0.0,0.0,0.0,0.0,0.0,-20,1.3888888888888888,0,0.0,-3,2.333333333333333,1.86111111111,5,1,1,2,2,2,8,6.1388888888899995,4↑
501,Oliver,Skipp,MID,LEI,?,"Skipp (MID, ?)",15,704,0,19,0,0,1,0,0,0,4,0,0,12,6,1.0,0.0,0.8333333333333334,0.2777777777777777,0.372677996249965,32.0,10.0,37.333333333333336,20.33333333333333,27.408433414228952,1.0,0.0,0.8333333333333334,0.5555555555555556,0.7637626158259734,32.0,32.0,39.11111111111112,31.456790123456788,35.55260404416233,0.0,0.0,0.0,0.0,0.0,0.5,0.5,1.0555555555555556,1.067901234567901,1.2234841969747356,0.0,0.0,0.0,0.0,0.0,0.0,0.0,0.0,0.0,0.0,0.0,0.0,0.0555555555555555,0.1049382716049382,0.2290614236454256,0.0,0.0,0.0,0.0,0.0,0.0,0.0,0.0,0.0,0.0,0.0,0.0,0.0,0.0,0.0,0.0,0.0,0.2222222222222222,0.345679012345679,0.415739709641549,0.0,0.0,0.0,0.0,0.0,0.0,0.0,0.0,0.0,0.0,1.0,0.0,1.25,0.4166666666666667,0.5951190357119042,56.0,30.5,58.66666666666666,25.66666666666667,27.36278900664591,0.0,0.0,0.0,0.0,0.0,2.0,1.0,1.5833333333333333,0.9861111111111112,1.1873172373979175,0.0,0.0,0.0,0.0,0.0,0.0,0.0,0.0,0.0,0.0,0.0,0.0,0.0833333333333333,0.1527777777777777,0.2763853991962833,0.0,0.0,0.0,0.0,0.0,0.0,0.0,0.0,0.0,0.0,0.0,0.0,0.0,0.0,0.0,0.0,0.0,0.3333333333333333,0.4444444444444444,0.4714045207910317,0.0,0.0,0.0,0.0,0.0,0.0,0.0,0.0,0.0,0.0,-20,5.0,0,0.0,-3,5.0,5.0,5,0,0,1,1,1,3,-2.0,2↓
288,Conor,Coady,DEF,LEI,?,"Coady (DEF, ?)",5,547,0,18,0,0,0,0,0,0,1,0,0,7,11,1.0,0.5,0.8333333333333334,0.5555555555555555,0.6871842709362768,90.0,0.0,90.0,0.0,0.0,0.0,0.0,0.2777777777777778,0.4320987654320987,0.558326423395605,0.0,0.0,30.38888888888889,39.74074074074074,42.18101058913819,0.0,0.0,0.0,0.0,0.0,0.0,0.0,1.0,1.2222222222222223,1.4529663145135578,0.0,0.0,0.0,0.0,0.0,0.0,0.0,0.0,0.0,0.0,0.0,0.0,0.0,0.0,0.0,0.0,0.0,0.0,0.0,0.0,0.0,0.0,0.0,0.0,0.0,0.0,0.0,0.0,0.0,0.0,0.0,0.0,0.0555555555555555,0.1049382716049382,0.2290614236454256,0.0,0.0,0.0,0.0,0.0,0.0,0.0,0.0,0.0,0.0,1.0,1.0,0.7142857142857143,0.6122448979591837,0.6998542122237652,90.0,0.0,78.14285714285714,20.326530612244905,29.043949807286253,0.0,0.0,0.0,0.0,0.0,3.0,1.0,2.571428571428572,1.0612244897959184,1.178030178747903,0.0,0.0,0.0,0.0,0.0,0.0,0.0,0.0,0.0,0.0,0.0,0.0,0.0,0.0,0.0,0.0,0.0,0.0,0.0,0.0,0.0,0.0,0.0,0.0,0.0,0.0,0.0,0.0,0.0,0.0,0.0,0.0,0.1428571428571428,0.2448979591836734,0.3499271061118826,0.0,0.0,0.0,0.0,0.0,0.0,0.0,0.0,0.0,0.0,-20,0.0,-28,0.0,0,0.0,0.0,5,1,1,0,0,1,3,3.0,3↑
300,Wilfred,Ndidi,MID,LEI,?,"Ndidi (MID, ?)",37,1216,0,25,1,4,1,0,0,0,4,0,1,15,3,0.5,0.5,0.8333333333333334,0.8333333333333331,0.8975274678557507,25.5,25.5,38.5,38.5,40.635575546557725,2.0,0.0,2.055555555555556,0.9876543209876542,1.809610830544704,81.5,8.5,67.55555555555556,24.358024691358025,32.06975422111104,0.0,0.0,0.0,0.0,0.0,1.0,1.0,1.3888888888888888,0.9197530864197532,1.112499133027821,0.0,0.0,0.0555555555555555,0.1049382716049382,0.2290614236454256,0.0,0.0,0.2222222222222222,0.3703703703703703,0.5328701692569688,0.0,0.0,0.0555555555555555,0.1049382716049382,0.2290614236454256,0.0,0.0,0.0,0.0,0.0,0.0,0.0,0.0,0.0,0.0,0.0,0.0,0.0,0.0,0.0,0.0,0.0,0.2222222222222222,0.345679012345679,0.415739709641549,0.0,0.0,0.0,0.0,0.0,0.0,0.0,0.0555555555555555,0.1049382716049382,0.2290614236454256,2.0,0.0,2.466666666666667,1.0755555555555556,1.7074997966487595,90.0,0.0,81.06666666666666,10.453333333333337,11.783981594614875,0.0,0.0,0.0,0.0,0.0,1.0,1.0,1.6666666666666667,0.8444444444444443,1.0110500592068734,0.0,0.0,0.0666666666666666,0.1244444444444444,0.2494438257849294,0.0,0.0,0.2666666666666666,0.4266666666666666,0.573488351136175,0.0,0.0,0.0666666666666666,0.1244444444444444,0.2494438257849294,0.0,0.0,0.0,0.0,0.0,0.0,0.0,0.0,0.0,0.0,0.0,0.0,0.0,0.0,0.0,0.0,0.0,0.2666666666666666,0.3911111111111111,0.4422166387140533,0.0,0.0,0.0,0.0,0.0,0.0,0.0,0.0666666666666666,0.1244444444444444,0.2494438257849294,-20,10.0,0,0.0,-3,10.0,10.0,5,0,0,0,0,0,0,-10.0,5↓
295,James,Justin,DEF,LEI,?,"Justin (DEF, ?)",36,1484,2,39,0,1,1,0,0,0,2,0,2,17,1,0.5,0.5,0.5,0.8333333333333334,0.957427107756338,90.0,0.0,83.66666666666667,10.555555555555552,14.161763857498668,1.0,0.5,2.0,2.0,3.2829526005987018,90.0,0.0,82.44444444444444,12.592592592592592,21.83326265185053,0.0,0.0,0.1111111111111111,0.2098765432098765,0.4581228472908512,2.0,1.0,2.1666666666666665,0.9814814814814814,1.2133516482134197,0.0,0.0,0.0,0.0,0.0,0.0,0.0,0.0555555555555555,0.1049382716049382,0.2290614236454256,0.0,0.0,0.0555555555555555,0.1049382716049382,0.2290614236454256,0.0,0.0,0.0,0.0,0.0,0.0,0.0,0.0,0.0,0.0,0.0,0.0,0.0,0.0,0.0,0.0,0.0,0.1111111111111111,0.1975308641975308,0.3142696805273545,0.0,0.0,0.0,0.0,0.0,0.0,0.0,0.1111111111111111,0.2098765432098765,0.4581228472908512,1.0,0.0,2.117647058823529,2.089965397923875,3.3410521932148067,90.0,0.0,87.29411764705883,4.775086505190309,9.021312711849797,0.0,0.0,0.1176470588235294,0.2214532871972318,0.4705882352941177,2.0,1.0,2.294117647058824,0.9342560553633218,1.1253603805711172,0.0,0.0,0.0,0.0,0.0,0.0,0.0,0.0588235294117647,0.1107266435986159,0.2352941176470588,0.0,0.0,0.0588235294117647,0.1107266435986159,0.2352941176470588,0.0,0.0,0.0,0.0,0.0,0.0,0.0,0.0,0.0,0.0,0.0,0.0,0.0,0.0,0.0,0.0,0.0,0.1176470588235294,0.2076124567474048,0.3221897397089212,0.0,0.0,0.0,0.0,0.0,0.0,0.0,0.1176470588235294,0.2214532871972318,0.4705882352941177,-20,3.888888888888889,-28,3.4444444444444446,0,0.0,3.66666666667,5,2,1,1,1,1,6,2.33333333333,2↑
291,Wout,Faes,DEF,LEI,?,"Faes (DEF, ?)",26,1254,1,28,0,0,1,0,0,0,2,0,0,16,2,0.5,0.5,0.5,0.5,0.5,19.5,19.5,29.0,26.0,31.78049716414141,1.0,0.5,1.4444444444444444,1.2469135802469136,1.892154040658489,90.0,0.0,69.66666666666667,29.370370370370367,34.11093014790942,0.0,0.0,0.0555555555555555,0.1049382716049382,0.2290614236454256,1.5,1.0,1.5555555555555556,1.1111111111111114,1.300522212302181,0.0,0.0,0.0,0.0,0.0,0.0,0.0,0.0,0.0,0.0,0.0,0.0,0.0555555555555555,0.1049382716049382,0.2290614236454256,0.0,0.0,0.0,0.0,0.0,0.0,0.0,0.0,0.0,0.0,0.0,0.0,0.0,0.0,0.0,0.0,0.0,0.1111111111111111,0.1975308641975308,0.3142696805273545,0.0,0.0,0.0,0.0,0.0,0.0,0.0,0.0,0.0,0.0,1.0,0.0,1.625,1.3125,1.9324531042175384,90.0,0.0,78.375,18.890625,25.02966989394786,0.0,0.0,0.0625,0.1171875,0.2420614591379635,2.0,1.0,1.75,1.03125,1.25,0.0,0.0,0.0,0.0,0.0,0.0,0.0,0.0,0.0,0.0,0.0,0.0,0.0625,0.1171875,0.2420614591379635,0.0,0.0,0.0,0.0,0.0,0.0,0.0,0.0,0.0,0.0,0.0,0.0,0.0,0.0,0.0,0.0,0.0,0.125,0.21875,0.3307189138830738,0.0,0.0,0.0,0.0,0.0,0.0,0.0,0.0,0.0,0.0,-20,3.888888888888889,-28,3.4444444444444446,0,0.0,3.66666666667,5,0,1,1,0,2,4,0.33333333333000015,~
309,Harry,Winks,MID,LEI,?,"Winks (MID, ?)",26,974,0,21,0,2,0,0,0,0,3,0,0,13,5,0.0,0.0,0.5,0.6666666666666666,0.7637626158259734,0.0,0.0,18.166666666666668,24.222222222222214,26.27049464492225,2.0,1.0,1.4444444444444444,0.9506172839506172,1.11665284679121,77.0,13.0,54.11111111111112,36.98765432098765,39.75045616633976,0.0,0.0,0.0,0.0,0.0,1.0,1.0,1.1666666666666667,1.0925925925925928,1.2583057392117916,0.0,0.0,0.0,0.0,0.0,0.0,0.0,0.1111111111111111,0.1975308641975308,0.3142696805273545,0.0,0.0,0.0,0.0,0.0,0.0,0.0,0.0,0.0,0.0,0.0,0.0,0.0,0.0,0.0,0.0,0.0,0.0,0.0,0.0,0.0,0.0,0.1666666666666666,0.2777777777777778,0.3726779962499649,0.0,0.0,0.0,0.0,0.0,0.0,0.0,0.0,0.0,0.0,2.0,0.0,2.0,0.4615384615384615,0.7844645405527362,90.0,0.0,74.92307692307692,20.87573964497041,25.070551337748803,0.0,0.0,0.0,0.0,0.0,2.0,1.0,1.6153846153846154,1.029585798816568,1.2113858267710478,0.0,0.0,0.0,0.0,0.0,0.0,0.0,0.1538461538461538,0.2603550295857987,0.3608012122941099,0.0,0.0,0.0,0.0,0.0,0.0,0.0,0.0,0.0,0.0,0.0,0.0,0.0,0.0,0.0,0.0,0.0,0.0,0.0,0.0,0.0,0.0,0.2307692307692307,0.3550295857988166,0.4213250442347432,0.0,0.0,0.0,0.0,0.0,0.0,0.0,0.0,0.0,0.0,-20,7.777777777777779,0,0.0,-3,9.666666666666668,8.72222222222,5,2,2,2,2,1,9,0.2777777777800008,~
287,Hamza,Choudhury,MID,LEI,?,"Choudhury (MID, ?)",3,109,0,4,0,0,0,0,0,0,0,0,0,3,15,0.0,0.0,0.3333333333333333,0.4444444444444445,0.4714045207910317,0.0,0.0,15.833333333333334,21.111111111111107,23.19782077887681,0.0,0.0,0.1666666666666666,0.2777777777777778,0.3726779962499649,0.0,0.0,6.055555555555555,10.09259259259259,15.400116241344204,0.0,0.0,0.0,0.0,0.0,0.0,0.0,0.2222222222222222,0.3950617283950617,0.7114582486036499,0.0,0.0,0.0,0.0,0.0,0.0,0.0,0.0,0.0,0.0,0.0,0.0,0.0,0.0,0.0,0.0,0.0,0.0,0.0,0.0,0.0,0.0,0.0,0.0,0.0,0.0,0.0,0.0,0.0,0.0,0.0,0.0,0.0,0.0,0.0,0.0,0.0,0.0,0.0,0.0,0.0,0.0,0.0,0.0,0.0,1.0,0.0,1.0,0.0,0.0,37.0,21.0,36.333333333333336,14.888888888888888,17.96910929592474,0.0,0.0,0.0,0.0,0.0,1.0,1.0,1.3333333333333333,1.111111111111111,1.247219128924647,0.0,0.0,0.0,0.0,0.0,0.0,0.0,0.0,0.0,0.0,0.0,0.0,0.0,0.0,0.0,0.0,0.0,0.0,0.0,0.0,0.0,0.0,0.0,0.0,0.0,0.0,0.0,0.0,0.0,0.0,0.0,0.0,0.0,0.0,0.0,0.0,0.0,0.0,0.0,0.0,0.0,0.0,0.0,0.0,0.0,-20,0.0,0,0.0,-3,0.0,0.0,5,1,0,0,0,0,1,1.0,~
304,Jakub,Stolarczyk,GKP,LEI,?,"Stolarczyk (GKP, ?)",2,90,0,3,0,0,0,4,0,0,0,0,0,1,17,0.0,0.0,0.3333333333333333,0.5555555555555555,0.74535599249993,0.0,0.0,15.0,25.0,33.54101966249684,0.0,0.0,0.1111111111111111,0.2098765432098765,0.4581228472908512,0.0,0.0,5.0,9.444444444444445,20.615528128088304,0.0,0.0,0.0,0.0,0.0,0.0,0.0,0.1666666666666666,0.3148148148148148,0.6871842709362769,0.0,0.0,0.0,0.0,0.0,0.0,0.0,0.0,0.0,0.0,0.0,0.0,0.0,0.0,0.0,0.0,0.0,0.2222222222222222,0.4197530864197531,0.9162456945817024,0.0,0.0,0.0,0.0,0.0,0.0,0.0,0.0,0.0,0.0,0.0,0.0,0.0,0.0,0.0,0.0,0.0,0.0,0.0,0.0,0.0,0.0,0.0,0.0,0.0,2.0,0.0,2.0,0.0,0.0,90.0,0.0,90.0,0.0,0.0,0.0,0.0,0.0,0.0,0.0,3.0,0.0,3.0,0.0,0.0,0.0,0.0,0.0,0.0,0.0,0.0,0.0,0.0,0.0,0.0,0.0,0.0,0.0,0.0,0.0,4.0,0.0,4.0,0.0,0.0,0.0,0.0,0.0,0.0,0.0,0.0,0.0,0.0,0.0,0.0,0.0,0.0,0.0,0.0,0.0,0.0,0.0,0.0,0.0,0.0,0.0,0.0,0.0,0.0,0.0,-20,0.0,-28,0.0,0,0.0,0.0,5,2,2,1,1,2,8,8.0,5↑
308,Danny,Ward,GKP,LEI,?,"Ward (GKP, ?)",2,135,0,6,0,0,0,4,0,0,0,0,0,2,16,0.0,0.0,0.3333333333333333,0.4444444444444445,0.4714045207910317,0.0,0.0,22.5,30.0,34.3693177121688,0.0,0.0,0.1111111111111111,0.1975308641975308,0.3142696805273545,0.0,0.0,7.5,13.333333333333334,22.5,0.0,0.0,0.0,0.0,0.0,0.0,0.0,0.3333333333333333,0.5925925925925927,0.9428090415820634,0.0,0.0,0.0,0.0,0.0,0.0,0.0,0.0,0.0,0.0,0.0,0.0,0.0,0.0,0.0,0.0,0.0,0.2222222222222222,0.3950617283950617,0.7114582486036499,0.0,0.0,0.0,0.0,0.0,0.0,0.0,0.0,0.0,0.0,0.0,0.0,0.0,0.0,0.0,0.0,0.0,0.0,0.0,0.0,0.0,0.0,0.0,0.0,0.0,1.0,0.0,1.0,0.0,0.0,67.5,22.5,67.5,22.5,22.5,0.0,0.0,0.0,0.0,0.0,3.0,0.0,3.0,0.0,0.0,0.0,0.0,0.0,0.0,0.0,0.0,0.0,0.0,0.0,0.0,0.0,0.0,0.0,0.0,0.0,2.0,1.0,2.0,1.0,1.0,0.0,0.0,0.0,0.0,0.0,0.0,0.0,0.0,0.0,0.0,0.0,0.0,0.0,0.0,0.0,0.0,0.0,0.0,0.0,0.0,0.0,0.0,0.0,0.0,0.0,-20,0.0,-28,0.0,0,0.0,0.0,5,0,0,0,0,0,0,0.0,~
301,Caleb,Okoli,DEF,LEI,?,"Okoli (DEF, ?)",15,786,0,18,0,0,1,0,0,0,2,0,1,11,7,0.0,0.0,0.1666666666666666,0.2777777777777777,0.372677996249965,0.5,0.5,11.0,14.333333333333334,15.231546211727816,0.0,0.0,0.8333333333333334,0.925925925925926,1.607275126832159,32.5,32.5,43.66666666666666,41.18518518518518,42.554540167752826,0.0,0.0,0.0,0.0,0.0,0.5,0.5,1.0,1.0,1.1055415967851334,0.0,0.0,0.0,0.0,0.0,0.0,0.0,0.0,0.0,0.0,0.0,0.0,0.0555555555555555,0.1049382716049382,0.2290614236454256,0.0,0.0,0.0,0.0,0.0,0.0,0.0,0.0,0.0,0.0,0.0,0.0,0.0,0.0,0.0,0.0,0.0,0.1111111111111111,0.1975308641975308,0.3142696805273545,0.0,0.0,0.0,0.0,0.0,0.0,0.0,0.0555555555555555,0.1049382716049382,0.2290614236454256,1.0,0.0,1.3636363636363635,1.1404958677685948,1.871932752906728,90.0,0.0,71.45454545454545,26.975206611570243,31.268234349557424,0.0,0.0,0.0,0.0,0.0,2.0,1.0,1.6363636363636365,0.8264462809917354,0.9791208740244554,0.0,0.0,0.0,0.0,0.0,0.0,0.0,0.0,0.0,0.0,0.0,0.0,0.0909090909090909,0.165289256198347,0.2874797872880344,0.0,0.0,0.0,0.0,0.0,0.0,0.0,0.0,0.0,0.0,0.0,0.0,0.0,0.0,0.0,0.0,0.0,0.1818181818181818,0.2975206611570247,0.385694607919935,0.0,0.0,0.0,0.0,0.0,0.0,0.0,0.0909090909090909,0.165289256198347,0.2874797872880344,-20,0.0,-28,0.0,0,0.0,0.0,5,1,1,0,0,0,2,2.0,2↑
570,Abdul,Fatawu,MID,LEI,?,"A.Fatawu (MID, ?)",26,576,0,14,0,2,0,0,0,0,0,0,3,11,7,0.0,0.0,0.0,0.0,0.0,0.0,0.0,0.0,0.0,0.0,1.0,1.0,1.4444444444444444,1.3209876543209875,1.921290718421176,4.5,4.5,32.0,36.11111111111112,39.37568341558588,0.0,0.0,0.0,0.0,0.0,0.0,0.0,0.7777777777777778,0.8641975308641976,1.0304020550550783,0.0,0.0,0.0,0.0,0.0,0.0,0.0,0.1111111111111111,0.1975308641975308,0.3142696805273545,0.0,0.0,0.0,0.0,0.0,0.0,0.0,0.0,0.0,0.0,0.0,0.0,0.0,0.0,0.0,0.0,0.0,0.0,0.0,0.0,0.0,0.0,0.0,0.0,0.0,0.0,0.0,0.0,0.0,0.0,0.0,0.0,0.1666666666666666,0.3148148148148148,0.6871842709362769,2.0,1.0,2.363636363636364,1.322314049586777,1.9666643320712671,67.0,23.0,52.36363636363637,36.87603305785124,38.35070872231871,0.0,0.0,0.0,0.0,0.0,1.0,1.0,1.2727272727272727,0.8925619834710744,1.052348809344566,0.0,0.0,0.0,0.0,0.0,0.0,0.0,0.1818181818181818,0.2975206611570247,0.3856946079199349,0.0,0.0,0.0,0.0,0.0,0.0,0.0,0.0,0.0,0.0,0.0,0.0,0.0,0.0,0.0,0.0,0.0,0.0,0.0,0.0,0.0,0.0,0.0,0.0,0.0,0.0,0.0,0.0,0.0,0.0,0.0,0.0,0.2727272727272727,0.4958677685950413,0.8624393618641034,-20,2.7777777777777777,0,0.0,-3,4.666666666666667,3.72222222222,5,0,0,0,0,0,0,-3.72222222222,3↓
198,Odsonne,Edouard,FWD,LEI,?,"Edouard (FWD, ?)",7,141,0,3,0,0,0,0,0,0,0,0,0,6,12,0.0,0.0,0.0,0.0,0.0,0.0,0.0,0.0,0.0,0.0,0.0,0.0,0.3888888888888889,0.5185185185185186,0.5905636562630361,0.0,0.0,7.833333333333333,11.944444444444446,18.45489998166702,0.0,0.0,0.0,0.0,0.0,0.0,0.0,0.1666666666666666,0.2777777777777778,0.3726779962499649,0.0,0.0,0.0,0.0,0.0,0.0,0.0,0.0,0.0,0.0,0.0,0.0,0.0,0.0,0.0,0.0,0.0,0.0,0.0,0.0,0.0,0.0,0.0,0.0,0.0,0.0,0.0,0.0,0.0,0.0,0.0,0.0,0.0,0.0,0.0,0.0,0.0,0.0,0.0,0.0,0.0,0.0,0.0,0.0,0.0,1.0,0.0,1.1666666666666667,0.2777777777777778,0.3726779962499649,11.5,10.0,23.5,22.666666666666668,25.565275929145248,0.0,0.0,0.0,0.0,0.0,0.5,0.5,0.5,0.5,0.5,0.0,0.0,0.0,0.0,0.0,0.0,0.0,0.0,0.0,0.0,0.0,0.0,0.0,0.0,0.0,0.0,0.0,0.0,0.0,0.0,0.0,0.0,0.0,0.0,0.0,0.0,0.0,0.0,0.0,0.0,0.0,0.0,0.0,0.0,0.0,0.0,0.0,0.0,0.0,0.0,0.0,0.0,0.0,0.0,0.0,-20,0.0,0,0.0,-3,0.0,0.0,5,0,0,0,0,0,0,0.0,~
307,Jannik,Vestergaard,DEF,LEI,?,"Vestergaard (DEF, ?)",5,779,0,21,0,0,0,0,0,0,4,0,0,10,8,0.0,1.0,0.0,0.6666666666666666,0.816496580927726,69.5,17.5,69.83333333333333,16.833333333333332,17.658016750347574,0.0,0.0,0.2777777777777778,0.6234567901234569,0.8031573497111645,50.0,40.0,43.27777777777778,38.46913580246914,40.70053993029188,0.0,0.0,0.0,0.0,0.0,0.5,0.5,1.1666666666666667,1.203703703703704,1.3437096247164249,0.0,0.0,0.0,0.0,0.0,0.0,0.0,0.0,0.0,0.0,0.0,0.0,0.0,0.0,0.0,0.0,0.0,0.0,0.0,0.0,0.0,0.0,0.0,0.0,0.0,0.0,0.0,0.0,0.0,0.0,0.0,0.0,0.2222222222222222,0.345679012345679,0.415739709641549,0.0,0.0,0.0,0.0,0.0,0.0,0.0,0.0,0.0,0.0,0.5,0.5,0.5,0.9,1.02469507659596,90.0,0.0,77.9,14.939999999999998,16.87275911047153,0.0,0.0,0.0,0.0,0.0,2.0,1.0,2.1,0.9200000000000002,1.1357816691600546,0.0,0.0,0.0,0.0,0.0,0.0,0.0,0.0,0.0,0.0,0.0,0.0,0.0,0.0,0.0,0.0,0.0,0.0,0.0,0.0,0.0,0.0,0.0,0.0,0.0,0.0,0.0,0.0,0.0,0.0,0.0,0.0,0.4,0.48,0.4898979485566356,0.0,0.0,0.0,0.0,0.0,0.0,0.0,0.0,0.0,0.0,-20,0.0,-28,0.0,0,0.0,0.0,5,1,2,1,0,2,6,6.0,4↑
302,Ricardo,Barbosa Pereira,DEF,LEI,?,"Ricardo (DEF, ?)",2,146,0,4,0,0,0,0,0,0,1,0,0,2,16,0.0,0.0,0.0,0.0,0.0,0.0,0.0,0.0,0.0,0.0,0.0,0.0,0.1111111111111111,0.2098765432098765,0.4581228472908512,0.0,0.0,8.11111111111111,14.419753086419751,23.02869921759197,0.0,0.0,0.0,0.0,0.0,0.0,0.0,0.2222222222222222,0.3950617283950617,0.7114582486036499,0.0,0.0,0.0,0.0,0.0,0.0,0.0,0.0,0.0,0.0,0.0,0.0,0.0,0.0,0.0,0.0,0.0,0.0,0.0,0.0,0.0,0.0,0.0,0.0,0.0,0.0,0.0,0.0,0.0,0.0,0.0,0.0,0.0555555555555555,0.1049382716049382,0.2290614236454256,0.0,0.0,0.0,0.0,0.0,0.0,0.0,0.0,0.0,0.0,1.0,1.0,1.0,1.0,1.0,73.0,6.0,73.0,6.0,6.0,0.0,0.0,0.0,0.0,0.0,2.0,1.0,2.0,1.0,1.0,0.0,0.0,0.0,0.0,0.0,0.0,0.0,0.0,0.0,0.0,0.0,0.0,0.0,0.0,0.0,0.0,0.0,0.0,0.0,0.0,0.0,0.0,0.0,0.0,0.0,0.0,0.0,0.0,0.0,0.0,0.5,0.5,0.5,0.5,0.5,0.0,0.0,0.0,0.0,0.0,0.0,0.0,0.0,0.0,0.0,-20,0.0,-28,0.0,0,0.0,0.0,5,0,0,0,0,0,0,0.0,~
286,Tom,Cannon,FWD,LEI,?,"Cannon (FWD, ?)",0,0,0,0,0,0,0,0,0,0,0,0,0,0,18,0.0,0.0,0.0,0.0,0.0,0.0,0.0,0.0,0.0,0.0,0.0,0.0,0.0,0.0,0.0,0.0,0.0,0.0,0.0,0.0,0.0,0.0,0.0,0.0,0.0,0.0,0.0,0.0,0.0,0.0,0.0,0.0,0.0,0.0,0.0,0.0,0.0,0.0,0.0,0.0,0.0,0.0,0.0,0.0,0.0,0.0,0.0,0.0,0.0,0.0,0.0,0.0,0.0,0.0,0.0,0.0,0.0,0.0,0.0,0.0,0.0,0.0,0.0,0.0,0.0,0.0,0.0,0.0,0.0,0.0,0.0,0.0,0.0,0.0,0.0,0.0,0.0,0.0,0.0,0.0,0.0,0.0,0.0,0.0,0.0,0.0,0.0,0.0,0.0,0.0,0.0,0.0,0.0,0.0,0.0,0.0,0.0,0.0,0.0,0.0,0.0,0.0,0.0,0.0,0.0,0.0,0.0,0.0,0.0,0.0,0.0,0.0,0.0,0.0,0.0,0.0,0.0,0.0,0.0,0.0,0.0,0.0,0.0,0.0,0.0,0.0,0.0,0.0,0.0,0.0,0.0,0.0,0.0,0.0,0.0,0.0,0.0,0.0,0.0,0.0,-20,0.0,0,0.0,-3,0.0,0.0,5,0,0,0,0,0,0,0.0,~
292,Michael,Golding,MID,LEI,?,"Golding (MID, ?)",0,0,0,0,0,0,0,0,0,0,0,0,0,0,18,0.0,0.0,0.0,0.0,0.0,0.0,0.0,0.0,0.0,0.0,0.0,0.0,0.0,0.0,0.0,0.0,0.0,0.0,0.0,0.0,0.0,0.0,0.0,0.0,0.0,0.0,0.0,0.0,0.0,0.0,0.0,0.0,0.0,0.0,0.0,0.0,0.0,0.0,0.0,0.0,0.0,0.0,0.0,0.0,0.0,0.0,0.0,0.0,0.0,0.0,0.0,0.0,0.0,0.0,0.0,0.0,0.0,0.0,0.0,0.0,0.0,0.0,0.0,0.0,0.0,0.0,0.0,0.0,0.0,0.0,0.0,0.0,0.0,0.0,0.0,0.0,0.0,0.0,0.0,0.0,0.0,0.0,0.0,0.0,0.0,0.0,0.0,0.0,0.0,0.0,0.0,0.0,0.0,0.0,0.0,0.0,0.0,0.0,0.0,0.0,0.0,0.0,0.0,0.0,0.0,0.0,0.0,0.0,0.0,0.0,0.0,0.0,0.0,0.0,0.0,0.0,0.0,0.0,0.0,0.0,0.0,0.0,0.0,0.0,0.0,0.0,0.0,0.0,0.0,0.0,0.0,0.0,0.0,0.0,0.0,0.0,0.0,0.0,0.0,0.0,-20,0.0,0,0.0,-3,0.0,0.0,5,0,0,0,0,0,0,0.0,~
294,Daniel,Iversen,GKP,LEI,?,"Iversen (GKP, ?)",0,0,0,0,0,0,0,0,0,0,0,0,0,0,18,0.0,0.0,0.0,0.0,0.0,0.0,0.0,0.0,0.0,0.0,0.0,0.0,0.0,0.0,0.0,0.0,0.0,0.0,0.0,0.0,0.0,0.0,0.0,0.0,0.0,0.0,0.0,0.0,0.0,0.0,0.0,0.0,0.0,0.0,0.0,0.0,0.0,0.0,0.0,0.0,0.0,0.0,0.0,0.0,0.0,0.0,0.0,0.0,0.0,0.0,0.0,0.0,0.0,0.0,0.0,0.0,0.0,0.0,0.0,0.0,0.0,0.0,0.0,0.0,0.0,0.0,0.0,0.0,0.0,0.0,0.0,0.0,0.0,0.0,0.0,0.0,0.0,0.0,0.0,0.0,0.0,0.0,0.0,0.0,0.0,0.0,0.0,0.0,0.0,0.0,0.0,0.0,0.0,0.0,0.0,0.0,0.0,0.0,0.0,0.0,0.0,0.0,0.0,0.0,0.0,0.0,0.0,0.0,0.0,0.0,0.0,0.0,0.0,0.0,0.0,0.0,0.0,0.0,0.0,0.0,0.0,0.0,0.0,0.0,0.0,0.0,0.0,0.0,0.0,0.0,0.0,0.0,0.0,0.0,0.0,0.0,0.0,0.0,0.0,0.0,-20,0.0,-28,0.0,0,0.0,0.0,5,0,0,0,0,0,0,0.0,~
297,Wanya,Marçal-Madivádua,MID,LEI,?,"Marcal (MID, ?)",0,0,0,0,0,0,0,0,0,0,0,0,0,0,18,0.0,0.0,0.0,0.0,0.0,0.0,0.0,0.0,0.0,0.0,0.0,0.0,0.0,0.0,0.0,0.0,0.0,0.0,0.0,0.0,0.0,0.0,0.0,0.0,0.0,0.0,0.0,0.0,0.0,0.0,0.0,0.0,0.0,0.0,0.0,0.0,0.0,0.0,0.0,0.0,0.0,0.0,0.0,0.0,0.0,0.0,0.0,0.0,0.0,0.0,0.0,0.0,0.0,0.0,0.0,0.0,0.0,0.0,0.0,0.0,0.0,0.0,0.0,0.0,0.0,0.0,0.0,0.0,0.0,0.0,0.0,0.0,0.0,0.0,0.0,0.0,0.0,0.0,0.0,0.0,0.0,0.0,0.0,0.0,0.0,0.0,0.0,0.0,0.0,0.0,0.0,0.0,0.0,0.0,0.0,0.0,0.0,0.0,0.0,0.0,0.0,0.0,0.0,0.0,0.0,0.0,0.0,0.0,0.0,0.0,0.0,0.0,0.0,0.0,0.0,0.0,0.0,0.0,0.0,0.0,0.0,0.0,0.0,0.0,0.0,0.0,0.0,0.0,0.0,0.0,0.0,0.0,0.0,0.0,0.0,0.0,0.0,0.0,0.0,0.0,-20,0.0,0,0.0,-3,0.0,0.0,5,0,0,0,0,0,0,0.0,~
303,Harry,Souttar,DEF,LEI,?,"Souttar (DEF, ?)",0,0,0,0,0,0,0,0,0,0,0,0,0,0,18,0.0,0.0,0.0,0.0,0.0,0.0,0.0,0.0,0.0,0.0,0.0,0.0,0.0,0.0,0.0,0.0,0.0,0.0,0.0,0.0,0.0,0.0,0.0,0.0,0.0,0.0,0.0,0.0,0.0,0.0,0.0,0.0,0.0,0.0,0.0,0.0,0.0,0.0,0.0,0.0,0.0,0.0,0.0,0.0,0.0,0.0,0.0,0.0,0.0,0.0,0.0,0.0,0.0,0.0,0.0,0.0,0.0,0.0,0.0,0.0,0.0,0.0,0.0,0.0,0.0,0.0,0.0,0.0,0.0,0.0,0.0,0.0,0.0,0.0,0.0,0.0,0.0,0.0,0.0,0.0,0.0,0.0,0.0,0.0,0.0,0.0,0.0,0.0,0.0,0.0,0.0,0.0,0.0,0.0,0.0,0.0,0.0,0.0,0.0,0.0,0.0,0.0,0.0,0.0,0.0,0.0,0.0,0.0,0.0,0.0,0.0,0.0,0.0,0.0,0.0,0.0,0.0,0.0,0.0,0.0,0.0,0.0,0.0,0.0,0.0,0.0,0.0,0.0,0.0,0.0,0.0,0.0,0.0,0.0,0.0,0.0,0.0,0.0,0.0,0.0,-20,0.0,-28,0.0,0,0.0,0.0,5,0,0,0,0,0,0,0.0,~
305,Luke,Thomas,DEF,LEI,?,"Thomas (DEF, ?)",0,90,0,4,0,0,0,0,0,0,0,0,0,1,17,0.0,0.0,0.0,0.0,0.0,0.0,0.0,15.0,25.0,33.54101966249684,0.0,0.0,0.0,0.0,0.0,0.0,0.0,5.0,9.444444444444445,20.615528128088304,0.0,0.0,0.0,0.0,0.0,0.0,0.0,0.2222222222222222,0.4197530864197531,0.9162456945817024,0.0,0.0,0.0,0.0,0.0,0.0,0.0,0.0,0.0,0.0,0.0,0.0,0.0,0.0,0.0,0.0,0.0,0.0,0.0,0.0,0.0,0.0,0.0,0.0,0.0,0.0,0.0,0.0,0.0,0.0,0.0,0.0,0.0,0.0,0.0,0.0,0.0,0.0,0.0,0.0,0.0,0.0,0.0,0.0,0.0,0.0,0.0,0.0,0.0,0.0,90.0,0.0,90.0,0.0,0.0,0.0,0.0,0.0,0.0,0.0,4.0,0.0,4.0,0.0,0.0,0.0,0.0,0.0,0.0,0.0,0.0,0.0,0.0,0.0,0.0,0.0,0.0,0.0,0.0,0.0,0.0,0.0,0.0,0.0,0.0,0.0,0.0,0.0,0.0,0.0,0.0,0.0,0.0,0.0,0.0,0.0,0.0,0.0,0.0,0.0,0.0,0.0,0.0,0.0,0.0,0.0,0.0,0.0,0.0,0.0,-20,0.0,-28,0.0,0,0.0,0.0,5,0,1,0,0,0,1,1.0,~
606,Will,Alves,MID,LEI,?,"Alves (MID, ?)",0,0,0,0,0,0,0,0,0,0,0,0,0,0,18,0.0,0.0,0.0,0.0,0.0,0.0,0.0,0.0,0.0,0.0,0.0,0.0,0.0,0.0,0.0,0.0,0.0,0.0,0.0,0.0,0.0,0.0,0.0,0.0,0.0,0.0,0.0,0.0,0.0,0.0,0.0,0.0,0.0,0.0,0.0,0.0,0.0,0.0,0.0,0.0,0.0,0.0,0.0,0.0,0.0,0.0,0.0,0.0,0.0,0.0,0.0,0.0,0.0,0.0,0.0,0.0,0.0,0.0,0.0,0.0,0.0,0.0,0.0,0.0,0.0,0.0,0.0,0.0,0.0,0.0,0.0,0.0,0.0,0.0,0.0,0.0,0.0,0.0,0.0,0.0,0.0,0.0,0.0,0.0,0.0,0.0,0.0,0.0,0.0,0.0,0.0,0.0,0.0,0.0,0.0,0.0,0.0,0.0,0.0,0.0,0.0,0.0,0.0,0.0,0.0,0.0,0.0,0.0,0.0,0.0,0.0,0.0,0.0,0.0,0.0,0.0,0.0,0.0,0.0,0.0,0.0,0.0,0.0,0.0,0.0,0.0,0.0,0.0,0.0,0.0,0.0,0.0,0.0,0.0,0.0,0.0,0.0,0.0,0.0,0.0,-20,0.0,0,0.0,-3,0.0,0.0,5,1,0,0,0,0,1,1.0,~
616,Ben,Nelson,DEF,LEI,?,"Nelson (DEF, ?)",0,0,0,0,0,0,0,0,0,0,0,0,0,0,18,0.0,0.0,0.0,0.0,0.0,0.0,0.0,0.0,0.0,0.0,0.0,0.0,0.0,0.0,0.0,0.0,0.0,0.0,0.0,0.0,0.0,0.0,0.0,0.0,0.0,0.0,0.0,0.0,0.0,0.0,0.0,0.0,0.0,0.0,0.0,0.0,0.0,0.0,0.0,0.0,0.0,0.0,0.0,0.0,0.0,0.0,0.0,0.0,0.0,0.0,0.0,0.0,0.0,0.0,0.0,0.0,0.0,0.0,0.0,0.0,0.0,0.0,0.0,0.0,0.0,0.0,0.0,0.0,0.0,0.0,0.0,0.0,0.0,0.0,0.0,0.0,0.0,0.0,0.0,0.0,0.0,0.0,0.0,0.0,0.0,0.0,0.0,0.0,0.0,0.0,0.0,0.0,0.0,0.0,0.0,0.0,0.0,0.0,0.0,0.0,0.0,0.0,0.0,0.0,0.0,0.0,0.0,0.0,0.0,0.0,0.0,0.0,0.0,0.0,0.0,0.0,0.0,0.0,0.0,0.0,0.0,0.0,0.0,0.0,0.0,0.0,0.0,0.0,0.0,0.0,0.0,0.0,0.0,0.0,0.0,0.0,0.0,0.0,0.0,0.0,-20,0.0,-28,0.0,0,0.0,0.0,5,0,0,0,0,0,0,0.0,~
694,Henry,Cartwright,MID,LEI,?,"Cartwright (MID, ?)",0,0,0,0,0,0,0,0,0,0,0,0,0,0,18,0.0,0.0,0.0,0.0,0.0,0.0,0.0,0.0,0.0,0.0,0.0,0.0,0.0,0.0,0.0,0.0,0.0,0.0,0.0,0.0,0.0,0.0,0.0,0.0,0.0,0.0,0.0,0.0,0.0,0.0,0.0,0.0,0.0,0.0,0.0,0.0,0.0,0.0,0.0,0.0,0.0,0.0,0.0,0.0,0.0,0.0,0.0,0.0,0.0,0.0,0.0,0.0,0.0,0.0,0.0,0.0,0.0,0.0,0.0,0.0,0.0,0.0,0.0,0.0,0.0,0.0,0.0,0.0,0.0,0.0,0.0,0.0,0.0,0.0,0.0,0.0,0.0,0.0,0.0,0.0,0.0,0.0,0.0,0.0,0.0,0.0,0.0,0.0,0.0,0.0,0.0,0.0,0.0,0.0,0.0,0.0,0.0,0.0,0.0,0.0,0.0,0.0,0.0,0.0,0.0,0.0,0.0,0.0,0.0,0.0,0.0,0.0,0.0,0.0,0.0,0.0,0.0,0.0,0.0,0.0,0.0,0.0,0.0,0.0,0.0,0.0,0.0,0.0,0.0,0.0,0.0,0.0,0.0,0.0,0.0,0.0,0.0,0.0,0.0,0.0,-20,0.0,0,0.0,-3,0.0,0.0,5,0,0,0,0,0,0,0.0,~
328,Mohamed,Salah,MID,LIV,?,"M.Salah (MID, ?)",186,1493,16,17,0,11,7,0,0,0,1,0,33,17,0,11.0,6.5,11.0,6.333333333333333,7.234178138070235,88.0,2.0,73.16666666666667,24.38888888888889,32.82487200618187,10.0,4.0,10.941176470588236,4.055363321799308,5.023129891813928,90.0,0.0,87.82352941176471,3.3287197231833887,4.680815591547709,1.0,0.0,0.9411764705882352,0.4429065743944637,0.6389870877176598,1.0,1.0,1.0,0.8235294117647058,1.0289915108550531,0.0,0.0,0.0,0.0,0.0,1.0,1.0,0.6470588235294118,0.6089965397923875,0.6809315825170721,0.0,0.0,0.4117647058823529,0.4844290657439445,0.4921529567847503,0.0,0.0,0.0,0.0,0.0,0.0,0.0,0.0,0.0,0.0,0.0,0.0,0.0,0.0,0.0,0.0,0.0,0.0588235294117647,0.1107266435986159,0.2352941176470588,0.0,0.0,0.0,0.0,0.0,2.0,1.0,1.9411764705882355,0.9134948096885812,1.1616716269489116,10.0,4.0,10.941176470588236,4.055363321799308,5.023129891813928,90.0,0.0,87.82352941176471,3.3287197231833887,4.680815591547709,1.0,0.0,0.9411764705882352,0.4429065743944637,0.6389870877176598,1.0,1.0,1.0,0.8235294117647058,1.0289915108550531,0.0,0.0,0.0,0.0,0.0,1.0,1.0,0.6470588235294118,0.6089965397923875,0.6809315825170721,0.0,0.0,0.4117647058823529,0.4844290657439445,0.4921529567847503,0.0,0.0,0.0,0.0,0.0,0.0,0.0,0.0,0.0,0.0,0.0,0.0,0.0,0.0,0.0,0.0,0.0,0.0588235294117647,0.1107266435986159,0.2352941176470588,0.0,0.0,0.0,0.0,0.0,2.0,1.0,1.9411764705882355,0.9134948096885812,1.1616716269489116,28,62.44444444444444,0,0.0,23,60.22222222222222,61.33333333333,5,16,7,2,3,8,36,-25.333333333330003,7↓
321,Cody,Gakpo,FWD,LIV,?,"Gakpo (FWD, ?)",56,839,4,10,0,2,2,0,0,0,4,0,12,17,0,5.5,4.0,5.5,4.5,4.645786621588784,68.0,3.0,60.66666666666666,20.22222222222223,28.30586904198884,1.0,0.0,3.294117647058824,3.1211072664359865,3.722186357542677,61.0,29.0,49.35294117647059,26.567474048442904,28.136100270085485,0.0,0.0,0.2352941176470588,0.3598615916955017,0.4241825029957634,0.0,0.0,0.5882352941176471,0.6228373702422145,0.6910200073218077,0.0,0.0,0.0,0.0,0.0,0.0,0.0,0.1176470588235294,0.2076124567474048,0.3221897397089212,0.0,0.0,0.1176470588235294,0.2076124567474048,0.3221897397089212,0.0,0.0,0.0,0.0,0.0,0.0,0.0,0.0,0.0,0.0,0.0,0.0,0.0,0.0,0.0,0.0,0.0,0.2352941176470588,0.3598615916955017,0.4241825029957634,0.0,0.0,0.0,0.0,0.0,0.0,0.0,0.7058823529411765,1.0795847750865053,1.2725475089872904,1.0,0.0,3.294117647058824,3.1211072664359865,3.722186357542677,61.0,29.0,49.35294117647059,26.567474048442904,28.136100270085485,0.0,0.0,0.2352941176470588,0.3598615916955017,0.4241825029957634,0.0,0.0,0.5882352941176471,0.6228373702422145,0.6910200073218077,0.0,0.0,0.0,0.0,0.0,0.0,0.0,0.1176470588235294,0.2076124567474048,0.3221897397089212,0.0,0.0,0.1176470588235294,0.2076124567474048,0.3221897397089212,0.0,0.0,0.0,0.0,0.0,0.0,0.0,0.0,0.0,0.0,0.0,0.0,0.0,0.0,0.0,0.0,0.0,0.2352941176470588,0.3598615916955017,0.4241825029957634,0.0,0.0,0.0,0.0,0.0,0.0,0.0,0.7058823529411765,1.0795847750865053,1.2725475089872904,28,5.0,0,0.0,23,5.0,5.0,5,5,6,2,2,16,31,26.0,7↑
311,Trent,Alexander-Arnold,DEF,LIV,?,"Alexander-Arnold (DEF, ?)",68,1219,0,13,0,4,6,0,0,0,3,0,8,16,1,3.0,2.5,3.5,2.5,2.8136571693556887,75.0,15.0,58.833333333333336,31.555555555555557,34.710309067416205,2.0,2.0,4.0,2.9411764705882355,3.2719844670996188,80.0,10.0,71.70588235294117,19.861591695501733,27.23052937612132,0.0,0.0,0.0,0.0,0.0,1.0,1.0,0.7647058823529411,0.7197231833910034,0.8764508485736082,0.0,0.0,0.0,0.0,0.0,0.0,0.0,0.2352941176470588,0.3875432525951557,0.5455069703232767,0.0,0.0,0.3529411764705882,0.4567474048442906,0.4778846120374094,0.0,0.0,0.0,0.0,0.0,0.0,0.0,0.0,0.0,0.0,0.0,0.0,0.0,0.0,0.0,0.0,0.0,0.1764705882352941,0.2906574394463668,0.3812200410828153,0.0,0.0,0.0,0.0,0.0,0.0,0.0,0.4705882352941176,0.7197231833910035,0.8483650059915269,3.0,2.0,4.25,2.90625,3.2113081446662823,85.0,5.0,76.1875,14.515625,21.128235698940884,0.0,0.0,0.0,0.0,0.0,1.0,1.0,0.8125,0.7109375,0.8816709987291178,0.0,0.0,0.0,0.0,0.0,0.0,0.0,0.25,0.40625,0.5590169943749475,0.0,0.0,0.375,0.46875,0.4841229182759271,0.0,0.0,0.0,0.0,0.0,0.0,0.0,0.0,0.0,0.0,0.0,0.0,0.0,0.0,0.0,0.0,0.0,0.1875,0.3046875,0.3903123748998999,0.0,0.0,0.0,0.0,0.0,0.0,0.0,0.5,0.75,0.8660254037844386,28,16.22222222222222,33,17.333333333333332,0,0.0,16.77777777778,5,15,0,2,11,5,33,16.22222222222,6↑
329,Alexis,Mac Allister,MID,LIV,?,"Mac Allister (MID, ?)",40,1141,1,9,0,2,6,0,0,0,5,0,0,16,1,2.0,2.0,3.1666666666666665,2.8888888888888893,3.2360813064912666,78.5,11.5,56.16666666666666,37.44444444444445,40.53976100351632,2.0,1.0,2.3529411764705883,1.6678200692041525,2.194677424256192,86.0,4.0,67.11764705882354,23.757785467128027,29.249197782747068,0.0,0.0,0.0588235294117647,0.1107266435986159,0.2352941176470588,0.0,0.0,0.5294117647058824,0.6851211072664359,0.8483650059915269,0.0,0.0,0.0,0.0,0.0,0.0,0.0,0.1176470588235294,0.2214532871972318,0.4705882352941177,0.0,0.0,0.3529411764705882,0.4567474048442906,0.4778846120374094,0.0,0.0,0.0,0.0,0.0,0.0,0.0,0.0,0.0,0.0,0.0,0.0,0.0,0.0,0.0,0.0,0.0,0.2941176470588235,0.4152249134948097,0.4556450995538137,0.0,0.0,0.0,0.0,0.0,0.0,0.0,0.0,0.0,0.0,2.5,1.5,2.5,1.625,2.179449471770337,88.0,2.0,71.3125,20.5234375,24.69493558910409,0.0,0.0,0.0625,0.1171875,0.2420614591379635,0.0,0.0,0.5625,0.703125,0.8637671850678283,0.0,0.0,0.0,0.0,0.0,0.0,0.0,0.125,0.234375,0.4841229182759271,0.0,0.0,0.375,0.46875,0.4841229182759271,0.0,0.0,0.0,0.0,0.0,0.0,0.0,0.0,0.0,0.0,0.0,0.0,0.0,0.0,0.0,0.0,0.0,0.3125,0.4296875,0.4635124054434789,0.0,0.0,0.0,0.0,0.0,0.0,0.0,0.0,0.0,0.0,28,13.11111111111111,0,0.0,23,12.555555555555555,12.83333333333,5,3,10,2,3,3,21,8.16666666667,5↑
323,Ryan,Gravenberch,MID,LIV,?,"Gravenberch (MID, ?)",41,1502,0,16,0,1,7,0,0,0,4,0,1,17,0,2.0,0.0,1.5,0.6666666666666666,0.7637626158259734,88.0,2.0,70.33333333333333,24.888888888888896,32.58663666119732,2.0,1.0,2.411764705882353,0.7197231833910035,0.9112901991076274,90.0,0.0,88.3529411764706,2.9065743944636635,5.66663274296108,0.0,0.0,0.0,0.0,0.0,1.0,1.0,0.9411764705882352,0.7750865051903114,0.9374927912064251,0.0,0.0,0.0,0.0,0.0,0.0,0.0,0.0588235294117647,0.1107266435986159,0.2352941176470588,0.0,0.0,0.4117647058823529,0.4844290657439445,0.4921529567847503,0.0,0.0,0.0,0.0,0.0,0.0,0.0,0.0,0.0,0.0,0.0,0.0,0.0,0.0,0.0,0.0,0.0,0.2352941176470588,0.3598615916955017,0.4241825029957634,0.0,0.0,0.0,0.0,0.0,0.0,0.0,0.0588235294117647,0.1107266435986159,0.2352941176470588,2.0,1.0,2.411764705882353,0.7197231833910035,0.9112901991076274,90.0,0.0,88.3529411764706,2.9065743944636635,5.66663274296108,0.0,0.0,0.0,0.0,0.0,1.0,1.0,0.9411764705882352,0.7750865051903114,0.9374927912064251,0.0,0.0,0.0,0.0,0.0,0.0,0.0,0.0588235294117647,0.1107266435986159,0.2352941176470588,0.0,0.0,0.4117647058823529,0.4844290657439445,0.4921529567847503,0.0,0.0,0.0,0.0,0.0,0.0,0.0,0.0,0.0,0.0,0.0,0.0,0.0,0.0,0.0,0.0,0.0,0.2352941176470588,0.3598615916955017,0.4241825029957634,0.0,0.0,0.0,0.0,0.0,0.0,0.0,0.0588235294117647,0.1107266435986159,0.2352941176470588,28,13.11111111111111,0,0.0,23,12.555555555555555,12.83333333333,5,4,2,2,3,3,14,1.1666666666700003,1↑
336,Dominik,Szoboszlai,MID,LIV,?,"Szoboszlai (MID, ?)",60,1127,2,12,0,5,5,0,0,0,5,0,6,17,0,1.5,1.5,3.8333333333333335,4.388888888888888,5.983774357005413,50.5,39.0,48.833333333333336,37.16666666666666,37.96672519749659,2.0,1.0,3.5294117647058822,3.0449826989619377,4.216461397048806,78.0,12.0,66.29411764705883,24.359861591695505,27.89848131199207,0.0,0.0,0.1176470588235294,0.2076124567474048,0.3221897397089212,0.0,0.0,0.7058823529411765,0.7474048442906573,0.8921029934178295,0.0,0.0,0.0,0.0,0.0,0.0,0.0,0.2941176470588235,0.4844290657439447,0.7487012977269327,0.0,0.0,0.2941176470588235,0.4152249134948097,0.4556450995538137,0.0,0.0,0.0,0.0,0.0,0.0,0.0,0.0,0.0,0.0,0.0,0.0,0.0,0.0,0.0,0.0,0.0,0.2941176470588235,0.4152249134948097,0.4556450995538137,0.0,0.0,0.0,0.0,0.0,0.0,0.0,0.3529411764705882,0.5813148788927337,0.8360394355030527,2.0,1.0,3.5294117647058822,3.0449826989619377,4.216461397048806,78.0,12.0,66.29411764705883,24.359861591695505,27.89848131199207,0.0,0.0,0.1176470588235294,0.2076124567474048,0.3221897397089212,0.0,0.0,0.7058823529411765,0.7474048442906573,0.8921029934178295,0.0,0.0,0.0,0.0,0.0,0.0,0.0,0.2941176470588235,0.4844290657439447,0.7487012977269327,0.0,0.0,0.2941176470588235,0.4152249134948097,0.4556450995538137,0.0,0.0,0.0,0.0,0.0,0.0,0.0,0.0,0.0,0.0,0.0,0.0,0.0,0.0,0.0,0.0,0.0,0.2941176470588235,0.4152249134948097,0.4556450995538137,0.0,0.0,0.0,0.0,0.0,0.0,0.0,0.3529411764705882,0.5813148788927337,0.8360394355030527,28,13.11111111111111,0,0.0,23,12.555555555555555,12.83333333333,5,0,0,2,2,13,17,4.16666666667,3↑
327,Luis,Díaz,MID,LIV,?,"Luis Díaz (MID, ?)",86,963,7,9,0,3,7,0,0,0,1,0,9,16,1,1.0,1.0,3.5,4.0,4.716990566028302,54.5,35.5,48.16666666666666,40.5,41.24082389520795,3.0,2.0,5.0588235294117645,4.553633217993079,5.471536919639287,65.0,25.0,56.64705882352941,26.33910034602076,29.63888776287109,0.0,0.0,0.4117647058823529,0.629757785467128,0.7714633558002355,0.0,0.0,0.5294117647058824,0.7474048442906573,0.9150793638884732,0.0,0.0,0.0,0.0,0.0,0.0,0.0,0.1764705882352941,0.2906574394463668,0.3812200410828153,0.0,0.0,0.4117647058823529,0.4844290657439447,0.4921529567847503,0.0,0.0,0.0,0.0,0.0,0.0,0.0,0.0,0.0,0.0,0.0,0.0,0.0,0.0,0.0,0.0,0.0,0.0588235294117647,0.1107266435986159,0.2352941176470588,0.0,0.0,0.0,0.0,0.0,0.0,0.0,0.5294117647058824,0.8096885813148789,1.0356951095093534,3.0,2.0,5.375,4.640625,5.4872010169119925,68.0,22.0,60.1875,23.140625,26.837983228066896,0.0,0.0,0.4375,0.65625,0.7880950133074057,0.0,0.0,0.5625,0.7734375,0.9333240326917548,0.0,0.0,0.0,0.0,0.0,0.0,0.0,0.1875,0.3046875,0.3903123748998999,0.0,0.0,0.4375,0.4921875,0.4960783708246107,0.0,0.0,0.0,0.0,0.0,0.0,0.0,0.0,0.0,0.0,0.0,0.0,0.0,0.0,0.0,0.0,0.0,0.0625,0.1171875,0.2420614591379635,0.0,0.0,0.0,0.0,0.0,0.0,0.0,0.5625,0.84375,1.0588171466310885,28,21.22222222222222,0,0.0,23,20.11111111111111,20.66666666667,5,9,1,1,3,3,17,-3.6666666666700003,3↓
324,Curtis,Jones,MID,LIV,?,"Jones (MID, ?)",48,732,3,12,0,2,2,0,0,0,1,0,4,14,3,1.0,0.5,3.0,3.0,3.2145502536643185,45.5,35.5,44.0,34.666666666666664,35.809682117177935,1.0,1.0,2.823529411764706,2.477508650519031,3.382225061521188,29.0,29.0,43.05882352941177,32.297577854671275,34.11308285900483,0.0,0.0,0.1764705882352941,0.2906574394463668,0.3812200410828153,0.0,0.0,0.7058823529411765,0.8304498269896193,0.9557692240748188,0.0,0.0,0.0,0.0,0.0,0.0,0.0,0.1176470588235294,0.2076124567474048,0.3221897397089212,0.0,0.0,0.1176470588235294,0.2076124567474048,0.3221897397089212,0.0,0.0,0.0,0.0,0.0,0.0,0.0,0.0,0.0,0.0,0.0,0.0,0.0,0.0,0.0,0.0,0.0,0.0588235294117647,0.1107266435986159,0.2352941176470588,0.0,0.0,0.0,0.0,0.0,0.0,0.0,0.2352941176470588,0.4152249134948097,0.7299808027053445,2.0,1.0,3.4285714285714284,2.6122448979591835,3.4374884044331324,62.5,27.5,52.285714285714285,28.6734693877551,30.50627235604548,0.0,0.0,0.2142857142857142,0.336734693877551,0.4103259033241448,0.5,0.5,0.8571428571428571,0.857142857142857,0.989743318610787,0.0,0.0,0.0,0.0,0.0,0.0,0.0,0.1428571428571428,0.2448979591836734,0.3499271061118826,0.0,0.0,0.1428571428571428,0.2448979591836734,0.3499271061118826,0.0,0.0,0.0,0.0,0.0,0.0,0.0,0.0,0.0,0.0,0.0,0.0,0.0,0.0,0.0,0.0,0.0,0.0714285714285714,0.1326530612244897,0.2575393768188563,0.0,0.0,0.0,0.0,0.0,0.0,0.0,0.2857142857142857,0.4897959183673468,0.7953949089757173,28,8.11111111111111,0,0.0,23,7.555555555555555,7.83333333333,5,6,2,1,1,0,10,2.1666666666700003,2↑
339,Virgil,van Dijk,DEF,LIV,?,"Virgil (DEF, ?)",68,1530,1,17,0,1,7,0,0,0,1,0,3,17,0,1.0,0.5,1.8333333333333333,1.4444444444444444,1.9507833184532708,90.0,0.0,75.0,25.0,33.54101966249684,5.0,3.0,4.0,2.3529411764705883,2.4733877696033693,90.0,0.0,90.0,0.0,0.0,0.0,0.0,0.0588235294117647,0.1107266435986159,0.2352941176470588,1.0,1.0,1.0,0.8235294117647058,1.0289915108550531,0.0,0.0,0.0,0.0,0.0,0.0,0.0,0.0588235294117647,0.1107266435986159,0.2352941176470588,0.0,0.0,0.4117647058823529,0.4844290657439445,0.4921529567847503,0.0,0.0,0.0,0.0,0.0,0.0,0.0,0.0,0.0,0.0,0.0,0.0,0.0,0.0,0.0,0.0,0.0,0.0588235294117647,0.1107266435986159,0.2352941176470588,0.0,0.0,0.0,0.0,0.0,0.0,0.0,0.1764705882352941,0.3114186851211073,0.5128116404165498,5.0,3.0,4.0,2.3529411764705883,2.4733877696033693,90.0,0.0,90.0,0.0,0.0,0.0,0.0,0.0588235294117647,0.1107266435986159,0.2352941176470588,1.0,1.0,1.0,0.8235294117647058,1.0289915108550531,0.0,0.0,0.0,0.0,0.0,0.0,0.0,0.0588235294117647,0.1107266435986159,0.2352941176470588,0.0,0.0,0.4117647058823529,0.4844290657439445,0.4921529567847503,0.0,0.0,0.0,0.0,0.0,0.0,0.0,0.0,0.0,0.0,0.0,0.0,0.0,0.0,0.0,0.0,0.0,0.0588235294117647,0.1107266435986159,0.2352941176470588,0.0,0.0,0.0,0.0,0.0,0.0,0.0,0.1764705882352941,0.3114186851211073,0.5128116404165498,28,34.333333333333336,33,36.0,0,0.0,35.16666666667,5,6,1,2,6,2,17,-18.166666666669997,7↓
322,Joe,Gomez,DEF,LIV,?,"Gomez (DEF, ?)",13,481,0,8,0,0,1,0,0,0,1,0,0,8,9,1.0,0.0,1.6666666666666667,1.4444444444444444,1.9720265943665385,90.0,0.0,71.0,25.33333333333333,32.93933818400121,0.0,0.0,0.7647058823529411,0.809688581314879,1.394502304838788,0.0,0.0,28.294117647058822,35.43944636678201,38.54220712548525,0.0,0.0,0.0,0.0,0.0,0.0,0.0,0.4705882352941176,0.7197231833910035,0.9150793638884732,0.0,0.0,0.0,0.0,0.0,0.0,0.0,0.0,0.0,0.0,0.0,0.0,0.0588235294117647,0.1107266435986159,0.2352941176470588,0.0,0.0,0.0,0.0,0.0,0.0,0.0,0.0,0.0,0.0,0.0,0.0,0.0,0.0,0.0,0.0,0.0,0.0588235294117647,0.1107266435986159,0.2352941176470588,0.0,0.0,0.0,0.0,0.0,0.0,0.0,0.0,0.0,0.0,1.0,0.0,1.625,1.09375,1.653594569415369,78.0,12.0,60.125,31.34375,35.25421074141357,0.0,0.0,0.0,0.0,0.0,0.5,0.5,1.0,1.0,1.118033988749895,0.0,0.0,0.0,0.0,0.0,0.0,0.0,0.0,0.0,0.0,0.0,0.0,0.125,0.21875,0.3307189138830738,0.0,0.0,0.0,0.0,0.0,0.0,0.0,0.0,0.0,0.0,0.0,0.0,0.0,0.0,0.0,0.0,0.0,0.125,0.21875,0.3307189138830738,0.0,0.0,0.0,0.0,0.0,0.0,0.0,0.0,0.0,0.0,28,0.0,33,0.0,0,0.0,0.0,5,1,0,0,0,0,1,1.0,~
316,Darwin,Núñez Ribeiro,FWD,LIV,?,"Darwin (FWD, ?)",33,719,2,12,0,2,2,0,0,0,4,0,1,14,3,1.0,0.5,1.3333333333333333,0.7777777777777778,0.9428090415820634,18.5,17.0,34.5,32.666666666666664,35.556293395122054,1.0,1.0,1.9411764705882355,1.4602076124567474,1.954499732451312,30.0,30.0,42.294117647058826,32.78200692041522,34.53176662979168,0.0,0.0,0.1176470588235294,0.2076124567474048,0.3221897397089212,0.0,0.0,0.7058823529411765,0.7474048442906573,0.8921029934178295,0.0,0.0,0.0,0.0,0.0,0.0,0.0,0.1176470588235294,0.2076124567474048,0.3221897397089212,0.0,0.0,0.1176470588235294,0.2076124567474048,0.3221897397089212,0.0,0.0,0.0,0.0,0.0,0.0,0.0,0.0,0.0,0.0,0.0,0.0,0.0,0.0,0.0,0.0,0.0,0.2352941176470588,0.3598615916955017,0.4241825029957634,0.0,0.0,0.0,0.0,0.0,0.0,0.0,0.0588235294117647,0.1107266435986159,0.2352941176470588,1.5,0.5,2.357142857142857,1.5102040816326532,1.9126325484279836,62.0,28.0,51.35714285714285,29.448979591836736,31.3451001932112,0.0,0.0,0.1428571428571428,0.2448979591836734,0.3499271061118826,1.0,1.0,0.8571428571428571,0.7346938775510203,0.9147320339189784,0.0,0.0,0.0,0.0,0.0,0.0,0.0,0.1428571428571428,0.2448979591836734,0.3499271061118826,0.0,0.0,0.1428571428571428,0.2448979591836734,0.3499271061118826,0.0,0.0,0.0,0.0,0.0,0.0,0.0,0.0,0.0,0.0,0.0,0.0,0.0,0.0,0.0,0.0,0.0,0.2857142857142857,0.4081632653061224,0.4517539514526256,0.0,0.0,0.0,0.0,0.0,0.0,0.0,0.0714285714285714,0.1326530612244897,0.2575393768188563,28,8.11111111111111,0,0.0,23,7.555555555555555,7.83333333333,5,0,0,0,11,1,12,4.16666666667,3↑
335,Andrew,Robertson,DEF,LIV,?,"Robertson (DEF, ?)",46,1216,0,16,0,0,6,0,0,0,2,1,2,16,1,1.0,0.5,1.0,1.6666666666666667,2.6457513110645907,87.5,2.5,61.833333333333336,35.888888888888886,38.38583361374639,1.0,1.0,2.7058823529411766,2.560553633217993,2.905668008289052,88.0,2.0,71.52941176470588,23.190311418685123,29.99434779510932,0.0,0.0,0.0,0.0,0.0,1.0,1.0,0.9411764705882352,0.8858131487889274,1.055550496760374,0.0,0.0,0.0,0.0,0.0,0.0,0.0,0.0,0.0,0.0,0.0,0.0,0.3529411764705882,0.4567474048442906,0.4778846120374094,0.0,0.0,0.0,0.0,0.0,0.0,0.0,0.0,0.0,0.0,0.0,0.0,0.0,0.0,0.0,0.0,0.0,0.1176470588235294,0.2076124567474048,0.3221897397089212,0.0,0.0,0.0588235294117647,0.1107266435986159,0.2352941176470588,0.0,0.0,0.1176470588235294,0.2214532871972318,0.4705882352941177,1.5,0.5,2.875,2.59375,2.912795049432761,89.0,1.0,76.0,17.625,24.821865361007823,0.0,0.0,0.0,0.0,0.0,1.0,1.0,1.0,0.875,1.0606601717798212,0.0,0.0,0.0,0.0,0.0,0.0,0.0,0.0,0.0,0.0,0.0,0.0,0.375,0.46875,0.4841229182759271,0.0,0.0,0.0,0.0,0.0,0.0,0.0,0.0,0.0,0.0,0.0,0.0,0.0,0.0,0.0,0.0,0.0,0.125,0.21875,0.3307189138830738,0.0,0.0,0.0625,0.1171875,0.2420614591379635,0.0,0.0,0.125,0.234375,0.4841229182759271,28,8.11111111111111,33,8.666666666666666,0,0.0,8.38888888889,5,6,1,2,1,2,12,3.6111111111100005,3↑
319,Harvey,Elliott,MID,LIV,?,"Elliott (MID, ?)",5,23,0,0,0,0,0,0,0,0,0,0,0,5,12,1.0,0.0,0.6666666666666666,0.4444444444444445,0.4714045207910317,1.0,1.0,2.6666666666666665,2.8888888888888893,3.858612300930076,0.0,0.0,0.2941176470588235,0.4152249134948096,0.4556450995538137,0.0,0.0,1.3529411764705883,1.9930795847750864,2.969277520970344,0.0,0.0,0.0,0.0,0.0,0.0,0.0,0.0,0.0,0.0,0.0,0.0,0.0,0.0,0.0,0.0,0.0,0.0,0.0,0.0,0.0,0.0,0.0,0.0,0.0,0.0,0.0,0.0,0.0,0.0,0.0,0.0,0.0,0.0,0.0,0.0,0.0,0.0,0.0,0.0,0.0,0.0,0.0,0.0,0.0,0.0,0.0,0.0,0.0,0.0,0.0,0.0,0.0,0.0,0.0,1.0,0.0,1.0,0.0,0.0,3.0,2.0,4.6,3.5200000000000005,3.878143885933064,0.0,0.0,0.0,0.0,0.0,0.0,0.0,0.0,0.0,0.0,0.0,0.0,0.0,0.0,0.0,0.0,0.0,0.0,0.0,0.0,0.0,0.0,0.0,0.0,0.0,0.0,0.0,0.0,0.0,0.0,0.0,0.0,0.0,0.0,0.0,0.0,0.0,0.0,0.0,0.0,0.0,0.0,0.0,0.0,0.0,0.0,0.0,0.0,0.0,0.0,0.0,0.0,0.0,0.0,0.0,28,0.0,0,0.0,23,0.0,0.0,5,1,1,0,4,1,7,7.0,5↑
317,Diogo,Teixeira da Silva,MID,LIV,?,"Diogo J. (MID, ?)",45,537,3,3,0,3,4,0,0,0,1,0,3,10,7,0.5,0.5,1.6666666666666667,2.1111111111111107,2.867441755680876,5.5,5.5,7.5,7.5,8.281505499203229,1.0,1.0,2.647058823529412,2.9550173010380623,3.3066986641306344,12.0,12.0,31.58823529411765,32.17301038062284,35.19535200517486,0.0,0.0,0.1764705882352941,0.2906574394463668,0.3812200410828153,0.0,0.0,0.1764705882352941,0.3114186851211073,0.5128116404165498,0.0,0.0,0.0,0.0,0.0,0.0,0.0,0.1764705882352941,0.3114186851211073,0.5128116404165498,0.0,0.0,0.2352941176470588,0.3598615916955017,0.4241825029957634,0.0,0.0,0.0,0.0,0.0,0.0,0.0,0.0,0.0,0.0,0.0,0.0,0.0,0.0,0.0,0.0,0.0,0.0588235294117647,0.1107266435986159,0.2352941176470588,0.0,0.0,0.0,0.0,0.0,0.0,0.0,0.1764705882352941,0.3114186851211073,0.5128116404165498,4.5,3.5,4.5,3.1,3.2015621187164243,65.0,25.0,53.7,28.16,30.305280068001352,0.0,0.0,0.3,0.42,0.4582575694955839,0.0,0.0,0.3,0.48,0.6403124237432849,0.0,0.0,0.0,0.0,0.0,0.0,0.0,0.3,0.48,0.6403124237432849,0.0,0.0,0.4,0.4800000000000001,0.4898979485566356,0.0,0.0,0.0,0.0,0.0,0.0,0.0,0.0,0.0,0.0,0.0,0.0,0.0,0.0,0.0,0.0,0.0,0.1,0.18,0.3,0.0,0.0,0.0,0.0,0.0,0.0,0.0,0.3,0.48,0.6403124237432849,28,8.11111111111111,0,0.0,23,7.555555555555555,7.83333333333,5,6,1,7,0,0,14,6.16666666667,4↑
310,Alisson,Ramses Becker,GKP,LIV,?,"A.Becker (GKP, ?)",39,798,0,8,0,0,4,18,0,0,0,0,5,9,8,0.5,0.5,0.6666666666666666,0.6666666666666666,0.74535599249993,45.0,45.0,45.0,45.0,45.0,1.0,1.0,2.294117647058824,2.567474048442907,3.194935438588298,78.0,12.0,46.94117647058823,44.17993079584775,44.34154948105245,0.0,0.0,0.0,0.0,0.0,0.0,0.0,0.4705882352941176,0.6643598615916956,0.8483650059915268,0.0,0.0,0.0,0.0,0.0,0.0,0.0,0.0,0.0,0.0,0.0,0.0,0.2352941176470588,0.3598615916955017,0.4241825029957634,0.0,0.0,1.0588235294117647,1.1280276816608996,1.2588785034725116,0.0,0.0,0.0,0.0,0.0,0.0,0.0,0.0,0.0,0.0,0.0,0.0,0.0,0.0,0.0,0.0,0.0,0.0,0.0,0.0,0.0,0.0,0.2941176470588235,0.4844290657439447,0.7487012977269327,2.0,1.0,4.333333333333333,3.0370370370370368,3.231786571610886,90.0,0.0,88.66666666666667,2.3703703703703667,3.771236166328253,0.0,0.0,0.0,0.0,0.0,1.0,1.0,0.8888888888888888,0.7901234567901234,0.9938079899999066,0.0,0.0,0.0,0.0,0.0,0.0,0.0,0.0,0.0,0.0,0.0,0.0,0.4444444444444444,0.4938271604938272,0.4969039949999533,2.0,0.0,2.0,0.6666666666666666,1.0540925533894598,0.0,0.0,0.0,0.0,0.0,0.0,0.0,0.0,0.0,0.0,0.0,0.0,0.0,0.0,0.0,0.0,0.0,0.0,0.0,0.0,0.0,0.0,0.5555555555555556,0.7407407407407407,0.955813918560292,28,8.11111111111111,33,8.666666666666666,0,0.0,8.38888888889,5,6,1,2,9,2,20,11.61111111111,6↑
325,Caoimhin,Kelleher,GKP,LIV,?,"Kelleher (GKP, ?)",37,720,0,9,0,0,3,24,1,0,0,0,1,8,9,0.0,0.0,1.5,2.0,2.565800719723442,0.0,0.0,30.0,40.0,42.42640687119285,0.0,0.0,2.176470588235294,2.4844290657439445,2.994805190907731,0.0,0.0,42.35294117647059,44.84429065743944,44.92207786361596,0.0,0.0,0.0,0.0,0.0,0.0,0.0,0.5294117647058824,0.7474048442906573,0.9150793638884732,0.0,0.0,0.0,0.0,0.0,0.0,0.0,0.0,0.0,0.0,0.0,0.0,0.1764705882352941,0.2906574394463668,0.3812200410828153,0.0,0.0,1.411764705882353,1.5916955017301038,1.9420675316728444,0.0,0.0,0.0588235294117647,0.1107266435986159,0.2352941176470588,0.0,0.0,0.0,0.0,0.0,0.0,0.0,0.0,0.0,0.0,0.0,0.0,0.0,0.0,0.0,0.0,0.0,0.0588235294117647,0.1107266435986159,0.2352941176470588,4.5,2.5,4.625,2.625,2.7810744326608736,90.0,0.0,90.0,0.0,0.0,0.0,0.0,0.0,0.0,0.0,1.0,1.0,1.125,0.90625,1.0532687216470449,0.0,0.0,0.0,0.0,0.0,0.0,0.0,0.0,0.0,0.0,0.0,0.0,0.375,0.46875,0.4841229182759271,3.0,1.0,3.0,1.25,1.8027756377319943,0.0,0.0,0.125,0.21875,0.3307189138830738,0.0,0.0,0.0,0.0,0.0,0.0,0.0,0.0,0.0,0.0,0.0,0.0,0.0,0.0,0.0,0.0,0.0,0.125,0.21875,0.3307189138830738,28,0.0,33,0.0,0,0.0,0.0,5,0,0,0,0,0,0,0.0,~
333,Jarell,Quansah,DEF,LIV,?,"Quansah (DEF, ?)",3,172,0,4,0,0,0,0,0,0,1,0,0,4,13,0.0,0.0,0.3333333333333333,0.4444444444444445,0.4714045207910317,8.5,8.5,21.166666666666668,22.944444444444446,31.88738866002601,0.0,0.0,0.1764705882352941,0.2906574394463668,0.3812200410828152,0.0,0.0,10.117647058823527,15.474048442906575,23.103048825899645,0.0,0.0,0.0,0.0,0.0,0.0,0.0,0.2352941176470588,0.4152249134948097,0.7299808027053445,0.0,0.0,0.0,0.0,0.0,0.0,0.0,0.0,0.0,0.0,0.0,0.0,0.0,0.0,0.0,0.0,0.0,0.0,0.0,0.0,0.0,0.0,0.0,0.0,0.0,0.0,0.0,0.0,0.0,0.0,0.0,0.0,0.0588235294117647,0.1107266435986159,0.2352941176470588,0.0,0.0,0.0,0.0,0.0,0.0,0.0,0.0,0.0,0.0,1.0,0.0,0.75,0.375,0.4330127018922193,32.5,14.0,43.0,24.5,29.231831964486933,0.0,0.0,0.0,0.0,0.0,0.5,0.5,1.0,1.0,1.224744871391589,0.0,0.0,0.0,0.0,0.0,0.0,0.0,0.0,0.0,0.0,0.0,0.0,0.0,0.0,0.0,0.0,0.0,0.0,0.0,0.0,0.0,0.0,0.0,0.0,0.0,0.0,0.0,0.0,0.0,0.0,0.0,0.0,0.25,0.375,0.4330127018922193,0.0,0.0,0.0,0.0,0.0,0.0,0.0,0.0,0.0,0.0,28,0.0,33,0.0,0,0.0,0.0,5,1,0,0,0,0,1,1.0,~
337,Konstantinos,Tsimikas,DEF,LIV,?,"Tsimikas (DEF, ?)",14,232,0,1,0,0,1,0,0,0,0,0,1,7,10,0.0,0.0,0.1666666666666666,0.2777777777777777,0.372677996249965,0.0,0.0,0.6666666666666666,1.111111111111111,1.49071198499986,0.0,0.0,0.8235294117647058,0.9688581314878892,1.5043190414758143,0.0,0.0,13.647058823529411,18.28373702422145,26.742654134790182,0.0,0.0,0.0,0.0,0.0,0.0,0.0,0.0588235294117647,0.1107266435986159,0.2352941176470588,0.0,0.0,0.0,0.0,0.0,0.0,0.0,0.0,0.0,0.0,0.0,0.0,0.0588235294117647,0.1107266435986159,0.2352941176470588,0.0,0.0,0.0,0.0,0.0,0.0,0.0,0.0,0.0,0.0,0.0,0.0,0.0,0.0,0.0,0.0,0.0,0.0,0.0,0.0,0.0,0.0,0.0,0.0,0.0,0.0,0.0,0.0588235294117647,0.1107266435986159,0.2352941176470588,1.0,0.0,2.0,1.4285714285714286,1.772810520855837,15.0,11.0,33.142857142857146,29.06122448979592,33.02565483909472,0.0,0.0,0.0,0.0,0.0,0.0,0.0,0.1428571428571428,0.2448979591836734,0.3499271061118826,0.0,0.0,0.0,0.0,0.0,0.0,0.0,0.0,0.0,0.0,0.0,0.0,0.1428571428571428,0.2448979591836734,0.3499271061118826,0.0,0.0,0.0,0.0,0.0,0.0,0.0,0.0,0.0,0.0,0.0,0.0,0.0,0.0,0.0,0.0,0.0,0.0,0.0,0.0,0.0,0.0,0.0,0.0,0.0,0.0,0.0,0.1428571428571428,0.2448979591836734,0.3499271061118826,28,0.0,33,0.0,0,0.0,0.0,5,1,0,4,5,0,10,10.0,5↑
320,Endo,Wataru,MID,LIV,?,"Endo (MID, ?)",7,23,0,0,0,0,0,0,0,0,0,0,0,7,10,0.0,0.0,0.1666666666666666,0.2777777777777777,0.372677996249965,0.0,0.0,0.5,0.8333333333333334,1.118033988749895,0.0,0.0,0.4117647058823529,0.4844290657439445,0.4921529567847503,0.0,0.0,1.3529411764705883,1.7577854671280275,3.0667318582910763,0.0,0.0,0.0,0.0,0.0,0.0,0.0,0.0,0.0,0.0,0.0,0.0,0.0,0.0,0.0,0.0,0.0,0.0,0.0,0.0,0.0,0.0,0.0,0.0,0.0,0.0,0.0,0.0,0.0,0.0,0.0,0.0,0.0,0.0,0.0,0.0,0.0,0.0,0.0,0.0,0.0,0.0,0.0,0.0,0.0,0.0,0.0,0.0,0.0,0.0,0.0,0.0,0.0,0.0,0.0,1.0,0.0,1.0,0.0,0.0,1.0,0.0,3.2857142857142856,2.7755102040816326,4.060762972443399,0.0,0.0,0.0,0.0,0.0,0.0,0.0,0.0,0.0,0.0,0.0,0.0,0.0,0.0,0.0,0.0,0.0,0.0,0.0,0.0,0.0,0.0,0.0,0.0,0.0,0.0,0.0,0.0,0.0,0.0,0.0,0.0,0.0,0.0,0.0,0.0,0.0,0.0,0.0,0.0,0.0,0.0,0.0,0.0,0.0,0.0,0.0,0.0,0.0,0.0,0.0,0.0,0.0,0.0,0.0,28,0.0,0,0.0,23,0.0,0.0,5,1,0,0,0,1,2,2.0,2↑
326,Ibrahima,Konaté,DEF,LIV,?,"Konaté (DEF, ?)",46,974,1,8,0,1,5,0,0,0,4,0,1,12,5,0.0,0.0,0.0,0.0,0.0,0.0,0.0,0.0,0.0,0.0,1.0,1.0,2.7058823529411766,2.795847750865052,3.00518582928113,90.0,0.0,57.294117647058826,36.59515570934256,39.57236811639026,0.0,0.0,0.0588235294117647,0.1107266435986159,0.2352941176470588,0.0,0.0,0.4705882352941176,0.6089965397923875,0.6960093862470136,0.0,0.0,0.0,0.0,0.0,0.0,0.0,0.0588235294117647,0.1107266435986159,0.2352941176470588,0.0,0.0,0.2941176470588235,0.4152249134948097,0.4556450995538137,0.0,0.0,0.0,0.0,0.0,0.0,0.0,0.0,0.0,0.0,0.0,0.0,0.0,0.0,0.0,0.0,0.0,0.2352941176470588,0.3598615916955017,0.4241825029957634,0.0,0.0,0.0,0.0,0.0,0.0,0.0,0.0588235294117647,0.1107266435986159,0.2352941176470588,4.0,3.0,3.8333333333333335,2.833333333333333,2.91070819942883,90.0,0.0,81.16666666666667,13.249999999999996,16.757253819034776,0.0,0.0,0.0833333333333333,0.1527777777777777,0.2763853991962833,0.5,0.5,0.6666666666666666,0.6666666666666666,0.74535599249993,0.0,0.0,0.0,0.0,0.0,0.0,0.0,0.0833333333333333,0.1527777777777777,0.2763853991962833,0.0,0.0,0.4166666666666667,0.4861111111111111,0.4930066485916347,0.0,0.0,0.0,0.0,0.0,0.0,0.0,0.0,0.0,0.0,0.0,0.0,0.0,0.0,0.0,0.0,0.0,0.3333333333333333,0.4444444444444444,0.4714045207910317,0.0,0.0,0.0,0.0,0.0,0.0,0.0,0.0833333333333333,0.1527777777777777,0.2763853991962833,28,8.11111111111111,33,8.666666666666666,0,0.0,8.38888888889,5,0,1,2,6,5,14,5.6111111111100005,4↑
313,Conor,Bradley,DEF,LIV,?,"Bradley (DEF, ?)",11,231,0,3,0,0,1,0,0,0,1,0,0,7,10,0.0,0.0,0.0,0.0,0.0,0.0,0.0,0.0,0.0,0.0,0.0,0.0,0.6470588235294118,0.8373702422145328,1.4117647058823528,0.0,0.0,13.588235294117649,17.536332179930792,25.177157769621285,0.0,0.0,0.0,0.0,0.0,0.0,0.0,0.1764705882352941,0.3114186851211073,0.5128116404165498,0.0,0.0,0.0,0.0,0.0,0.0,0.0,0.0,0.0,0.0,0.0,0.0,0.0588235294117647,0.1107266435986159,0.2352941176470588,0.0,0.0,0.0,0.0,0.0,0.0,0.0,0.0,0.0,0.0,0.0,0.0,0.0,0.0,0.0,0.0,0.0,0.0588235294117647,0.1107266435986159,0.2352941176470588,0.0,0.0,0.0,0.0,0.0,0.0,0.0,0.0,0.0,0.0,1.0,0.0,1.5714285714285714,1.2653061224489797,1.840585532389304,18.0,12.0,33.0,25.428571428571427,29.980946330246866,0.0,0.0,0.0,0.0,0.0,0.0,0.0,0.4285714285714285,0.6122448979591837,0.7284313590846835,0.0,0.0,0.0,0.0,0.0,0.0,0.0,0.0,0.0,0.0,0.0,0.0,0.1428571428571428,0.2448979591836734,0.3499271061118826,0.0,0.0,0.0,0.0,0.0,0.0,0.0,0.0,0.0,0.0,0.0,0.0,0.0,0.0,0.0,0.0,0.0,0.1428571428571428,0.2448979591836734,0.3499271061118826,0.0,0.0,0.0,0.0,0.0,0.0,0.0,0.0,0.0,0.0,28,0.0,33,0.0,0,0.0,0.0,5,0,1,0,0,0,1,1.0,~
636,Federico,Chiesa,MID,LIV,?,"Chiesa (MID, ?)",1,18,0,0,0,0,0,0,0,0,0,0,0,1,16,0.0,0.0,0.0,0.0,0.0,0.0,0.0,0.0,0.0,0.0,0.0,0.0,0.0588235294117647,0.1107266435986159,0.2352941176470588,0.0,0.0,1.0588235294117647,1.9930795847750864,4.23529411764706,0.0,0.0,0.0,0.0,0.0,0.0,0.0,0.0,0.0,0.0,0.0,0.0,0.0,0.0,0.0,0.0,0.0,0.0,0.0,0.0,0.0,0.0,0.0,0.0,0.0,0.0,0.0,0.0,0.0,0.0,0.0,0.0,0.0,0.0,0.0,0.0,0.0,0.0,0.0,0.0,0.0,0.0,0.0,0.0,0.0,0.0,0.0,0.0,0.0,0.0,0.0,0.0,0.0,0.0,0.0,1.0,0.0,1.0,0.0,0.0,18.0,0.0,18.0,0.0,0.0,0.0,0.0,0.0,0.0,0.0,0.0,0.0,0.0,0.0,0.0,0.0,0.0,0.0,0.0,0.0,0.0,0.0,0.0,0.0,0.0,0.0,0.0,0.0,0.0,0.0,0.0,0.0,0.0,0.0,0.0,0.0,0.0,0.0,0.0,0.0,0.0,0.0,0.0,0.0,0.0,0.0,0.0,0.0,0.0,0.0,0.0,0.0,0.0,0.0,0.0,0.0,0.0,0.0,0.0,0.0,28,0.0,0,0.0,23,0.0,0.0,5,0,0,0,1,1,2,2.0,2↑
660,Vítezslav,Jaros,GKP,LIV,?,"Jaros (GKP, ?)",1,11,0,0,0,0,0,1,0,0,0,0,0,1,16,0.0,0.0,0.0,0.0,0.0,0.0,0.0,0.0,0.0,0.0,0.0,0.0,0.0588235294117647,0.1107266435986159,0.2352941176470588,0.0,0.0,0.6470588235294118,1.217993079584775,2.588235294117647,0.0,0.0,0.0,0.0,0.0,0.0,0.0,0.0,0.0,0.0,0.0,0.0,0.0,0.0,0.0,0.0,0.0,0.0,0.0,0.0,0.0,0.0,0.0,0.0,0.0,0.0,0.0,0.0588235294117647,0.1107266435986159,0.2352941176470588,0.0,0.0,0.0,0.0,0.0,0.0,0.0,0.0,0.0,0.0,0.0,0.0,0.0,0.0,0.0,0.0,0.0,0.0,0.0,0.0,0.0,0.0,0.0,0.0,0.0,1.0,0.0,1.0,0.0,0.0,11.0,0.0,11.0,0.0,0.0,0.0,0.0,0.0,0.0,0.0,0.0,0.0,0.0,0.0,0.0,0.0,0.0,0.0,0.0,0.0,0.0,0.0,0.0,0.0,0.0,0.0,0.0,0.0,0.0,0.0,1.0,0.0,1.0,0.0,0.0,0.0,0.0,0.0,0.0,0.0,0.0,0.0,0.0,0.0,0.0,0.0,0.0,0.0,0.0,0.0,0.0,0.0,0.0,0.0,0.0,0.0,0.0,0.0,0.0,0.0,28,0.0,33,0.0,0,0.0,0.0,5,0,0,0,0,0,0,0.0,~
312,Stefan,Bajčetić Maquieira,MID,LIV,?,"Bajcetic (MID, ?)",0,0,0,0,0,0,0,0,0,0,0,0,0,0,17,0.0,0.0,0.0,0.0,0.0,0.0,0.0,0.0,0.0,0.0,0.0,0.0,0.0,0.0,0.0,0.0,0.0,0.0,0.0,0.0,0.0,0.0,0.0,0.0,0.0,0.0,0.0,0.0,0.0,0.0,0.0,0.0,0.0,0.0,0.0,0.0,0.0,0.0,0.0,0.0,0.0,0.0,0.0,0.0,0.0,0.0,0.0,0.0,0.0,0.0,0.0,0.0,0.0,0.0,0.0,0.0,0.0,0.0,0.0,0.0,0.0,0.0,0.0,0.0,0.0,0.0,0.0,0.0,0.0,0.0,0.0,0.0,0.0,0.0,0.0,0.0,0.0,0.0,0.0,0.0,0.0,0.0,0.0,0.0,0.0,0.0,0.0,0.0,0.0,0.0,0.0,0.0,0.0,0.0,0.0,0.0,0.0,0.0,0.0,0.0,0.0,0.0,0.0,0.0,0.0,0.0,0.0,0.0,0.0,0.0,0.0,0.0,0.0,0.0,0.0,0.0,0.0,0.0,0.0,0.0,0.0,0.0,0.0,0.0,0.0,0.0,0.0,0.0,0.0,0.0,0.0,0.0,0.0,0.0,0.0,0.0,0.0,0.0,0.0,0.0,28,0.0,0,0.0,23,0.0,0.0,5,0,0,0,0,0,0,0.0,~
315,Bobby,Clark,MID,LIV,?,"Clark (MID, ?)",0,0,0,0,0,0,0,0,0,0,0,0,0,0,17,0.0,0.0,0.0,0.0,0.0,0.0,0.0,0.0,0.0,0.0,0.0,0.0,0.0,0.0,0.0,0.0,0.0,0.0,0.0,0.0,0.0,0.0,0.0,0.0,0.0,0.0,0.0,0.0,0.0,0.0,0.0,0.0,0.0,0.0,0.0,0.0,0.0,0.0,0.0,0.0,0.0,0.0,0.0,0.0,0.0,0.0,0.0,0.0,0.0,0.0,0.0,0.0,0.0,0.0,0.0,0.0,0.0,0.0,0.0,0.0,0.0,0.0,0.0,0.0,0.0,0.0,0.0,0.0,0.0,0.0,0.0,0.0,0.0,0.0,0.0,0.0,0.0,0.0,0.0,0.0,0.0,0.0,0.0,0.0,0.0,0.0,0.0,0.0,0.0,0.0,0.0,0.0,0.0,0.0,0.0,0.0,0.0,0.0,0.0,0.0,0.0,0.0,0.0,0.0,0.0,0.0,0.0,0.0,0.0,0.0,0.0,0.0,0.0,0.0,0.0,0.0,0.0,0.0,0.0,0.0,0.0,0.0,0.0,0.0,0.0,0.0,0.0,0.0,0.0,0.0,0.0,0.0,0.0,0.0,0.0,0.0,0.0,0.0,0.0,0.0,28,0.0,0,0.0,23,0.0,0.0,5,0,0,0,0,0,0,0.0,~
318,Ben,Doak,MID,LIV,?,"Doak (MID, ?)",0,0,0,0,0,0,0,0,0,0,0,0,0,0,17,0.0,0.0,0.0,0.0,0.0,0.0,0.0,0.0,0.0,0.0,0.0,0.0,0.0,0.0,0.0,0.0,0.0,0.0,0.0,0.0,0.0,0.0,0.0,0.0,0.0,0.0,0.0,0.0,0.0,0.0,0.0,0.0,0.0,0.0,0.0,0.0,0.0,0.0,0.0,0.0,0.0,0.0,0.0,0.0,0.0,0.0,0.0,0.0,0.0,0.0,0.0,0.0,0.0,0.0,0.0,0.0,0.0,0.0,0.0,0.0,0.0,0.0,0.0,0.0,0.0,0.0,0.0,0.0,0.0,0.0,0.0,0.0,0.0,0.0,0.0,0.0,0.0,0.0,0.0,0.0,0.0,0.0,0.0,0.0,0.0,0.0,0.0,0.0,0.0,0.0,0.0,0.0,0.0,0.0,0.0,0.0,0.0,0.0,0.0,0.0,0.0,0.0,0.0,0.0,0.0,0.0,0.0,0.0,0.0,0.0,0.0,0.0,0.0,0.0,0.0,0.0,0.0,0.0,0.0,0.0,0.0,0.0,0.0,0.0,0.0,0.0,0.0,0.0,0.0,0.0,0.0,0.0,0.0,0.0,0.0,0.0,0.0,0.0,0.0,0.0,28,0.0,0,0.0,23,0.0,0.0,5,0,0,0,0,0,0,0.0,~
330,James,McConnell,MID,LIV,?,"McConnell (MID, ?)",0,0,0,0,0,0,0,0,0,0,0,0,0,0,17,0.0,0.0,0.0,0.0,0.0,0.0,0.0,0.0,0.0,0.0,0.0,0.0,0.0,0.0,0.0,0.0,0.0,0.0,0.0,0.0,0.0,0.0,0.0,0.0,0.0,0.0,0.0,0.0,0.0,0.0,0.0,0.0,0.0,0.0,0.0,0.0,0.0,0.0,0.0,0.0,0.0,0.0,0.0,0.0,0.0,0.0,0.0,0.0,0.0,0.0,0.0,0.0,0.0,0.0,0.0,0.0,0.0,0.0,0.0,0.0,0.0,0.0,0.0,0.0,0.0,0.0,0.0,0.0,0.0,0.0,0.0,0.0,0.0,0.0,0.0,0.0,0.0,0.0,0.0,0.0,0.0,0.0,0.0,0.0,0.0,0.0,0.0,0.0,0.0,0.0,0.0,0.0,0.0,0.0,0.0,0.0,0.0,0.0,0.0,0.0,0.0,0.0,0.0,0.0,0.0,0.0,0.0,0.0,0.0,0.0,0.0,0.0,0.0,0.0,0.0,0.0,0.0,0.0,0.0,0.0,0.0,0.0,0.0,0.0,0.0,0.0,0.0,0.0,0.0,0.0,0.0,0.0,0.0,0.0,0.0,0.0,0.0,0.0,0.0,0.0,28,0.0,0,0.0,23,0.0,0.0,5,0,0,0,0,0,0,0.0,~
331,Tyler,Morton,MID,LIV,?,"Morton (MID, ?)",0,0,0,0,0,0,0,0,0,0,0,0,0,0,17,0.0,0.0,0.0,0.0,0.0,0.0,0.0,0.0,0.0,0.0,0.0,0.0,0.0,0.0,0.0,0.0,0.0,0.0,0.0,0.0,0.0,0.0,0.0,0.0,0.0,0.0,0.0,0.0,0.0,0.0,0.0,0.0,0.0,0.0,0.0,0.0,0.0,0.0,0.0,0.0,0.0,0.0,0.0,0.0,0.0,0.0,0.0,0.0,0.0,0.0,0.0,0.0,0.0,0.0,0.0,0.0,0.0,0.0,0.0,0.0,0.0,0.0,0.0,0.0,0.0,0.0,0.0,0.0,0.0,0.0,0.0,0.0,0.0,0.0,0.0,0.0,0.0,0.0,0.0,0.0,0.0,0.0,0.0,0.0,0.0,0.0,0.0,0.0,0.0,0.0,0.0,0.0,0.0,0.0,0.0,0.0,0.0,0.0,0.0,0.0,0.0,0.0,0.0,0.0,0.0,0.0,0.0,0.0,0.0,0.0,0.0,0.0,0.0,0.0,0.0,0.0,0.0,0.0,0.0,0.0,0.0,0.0,0.0,0.0,0.0,0.0,0.0,0.0,0.0,0.0,0.0,0.0,0.0,0.0,0.0,0.0,0.0,0.0,0.0,0.0,28,0.0,0,0.0,23,0.0,0.0,5,0,0,0,0,0,0,0.0,~
332,Nathaniel,Phillips,DEF,LIV,?,"N.Phillips (DEF, ?)",0,0,0,0,0,0,0,0,0,0,0,0,0,0,17,0.0,0.0,0.0,0.0,0.0,0.0,0.0,0.0,0.0,0.0,0.0,0.0,0.0,0.0,0.0,0.0,0.0,0.0,0.0,0.0,0.0,0.0,0.0,0.0,0.0,0.0,0.0,0.0,0.0,0.0,0.0,0.0,0.0,0.0,0.0,0.0,0.0,0.0,0.0,0.0,0.0,0.0,0.0,0.0,0.0,0.0,0.0,0.0,0.0,0.0,0.0,0.0,0.0,0.0,0.0,0.0,0.0,0.0,0.0,0.0,0.0,0.0,0.0,0.0,0.0,0.0,0.0,0.0,0.0,0.0,0.0,0.0,0.0,0.0,0.0,0.0,0.0,0.0,0.0,0.0,0.0,0.0,0.0,0.0,0.0,0.0,0.0,0.0,0.0,0.0,0.0,0.0,0.0,0.0,0.0,0.0,0.0,0.0,0.0,0.0,0.0,0.0,0.0,0.0,0.0,0.0,0.0,0.0,0.0,0.0,0.0,0.0,0.0,0.0,0.0,0.0,0.0,0.0,0.0,0.0,0.0,0.0,0.0,0.0,0.0,0.0,0.0,0.0,0.0,0.0,0.0,0.0,0.0,0.0,0.0,0.0,0.0,0.0,0.0,0.0,28,0.0,33,0.0,0,0.0,0.0,5,0,0,0,0,0,0,0.0,~
334,Rhys,Williams,DEF,LIV,?,"R.Williams (DEF, ?)",0,0,0,0,0,0,0,0,0,0,0,0,0,0,17,0.0,0.0,0.0,0.0,0.0,0.0,0.0,0.0,0.0,0.0,0.0,0.0,0.0,0.0,0.0,0.0,0.0,0.0,0.0,0.0,0.0,0.0,0.0,0.0,0.0,0.0,0.0,0.0,0.0,0.0,0.0,0.0,0.0,0.0,0.0,0.0,0.0,0.0,0.0,0.0,0.0,0.0,0.0,0.0,0.0,0.0,0.0,0.0,0.0,0.0,0.0,0.0,0.0,0.0,0.0,0.0,0.0,0.0,0.0,0.0,0.0,0.0,0.0,0.0,0.0,0.0,0.0,0.0,0.0,0.0,0.0,0.0,0.0,0.0,0.0,0.0,0.0,0.0,0.0,0.0,0.0,0.0,0.0,0.0,0.0,0.0,0.0,0.0,0.0,0.0,0.0,0.0,0.0,0.0,0.0,0.0,0.0,0.0,0.0,0.0,0.0,0.0,0.0,0.0,0.0,0.0,0.0,0.0,0.0,0.0,0.0,0.0,0.0,0.0,0.0,0.0,0.0,0.0,0.0,0.0,0.0,0.0,0.0,0.0,0.0,0.0,0.0,0.0,0.0,0.0,0.0,0.0,0.0,0.0,0.0,0.0,0.0,0.0,0.0,0.0,28,0.0,33,0.0,0,0.0,0.0,5,0,0,0,0,0,0,0.0,~
669,Harvey,Davies,GKP,LIV,?,"Davies (GKP, ?)",0,0,0,0,0,0,0,0,0,0,0,0,0,0,17,0.0,0.0,0.0,0.0,0.0,0.0,0.0,0.0,0.0,0.0,0.0,0.0,0.0,0.0,0.0,0.0,0.0,0.0,0.0,0.0,0.0,0.0,0.0,0.0,0.0,0.0,0.0,0.0,0.0,0.0,0.0,0.0,0.0,0.0,0.0,0.0,0.0,0.0,0.0,0.0,0.0,0.0,0.0,0.0,0.0,0.0,0.0,0.0,0.0,0.0,0.0,0.0,0.0,0.0,0.0,0.0,0.0,0.0,0.0,0.0,0.0,0.0,0.0,0.0,0.0,0.0,0.0,0.0,0.0,0.0,0.0,0.0,0.0,0.0,0.0,0.0,0.0,0.0,0.0,0.0,0.0,0.0,0.0,0.0,0.0,0.0,0.0,0.0,0.0,0.0,0.0,0.0,0.0,0.0,0.0,0.0,0.0,0.0,0.0,0.0,0.0,0.0,0.0,0.0,0.0,0.0,0.0,0.0,0.0,0.0,0.0,0.0,0.0,0.0,0.0,0.0,0.0,0.0,0.0,0.0,0.0,0.0,0.0,0.0,0.0,0.0,0.0,0.0,0.0,0.0,0.0,0.0,0.0,0.0,0.0,0.0,0.0,0.0,0.0,0.0,28,0.0,33,0.0,0,0.0,0.0,5,0,0,0,0,0,0,0.0,~
688,Treymaurice,Nyoni,MID,LIV,?,"Nyoni (MID, ?)",0,0,0,0,0,0,0,0,0,0,0,0,0,0,17,0.0,0.0,0.0,0.0,0.0,0.0,0.0,0.0,0.0,0.0,0.0,0.0,0.0,0.0,0.0,0.0,0.0,0.0,0.0,0.0,0.0,0.0,0.0,0.0,0.0,0.0,0.0,0.0,0.0,0.0,0.0,0.0,0.0,0.0,0.0,0.0,0.0,0.0,0.0,0.0,0.0,0.0,0.0,0.0,0.0,0.0,0.0,0.0,0.0,0.0,0.0,0.0,0.0,0.0,0.0,0.0,0.0,0.0,0.0,0.0,0.0,0.0,0.0,0.0,0.0,0.0,0.0,0.0,0.0,0.0,0.0,0.0,0.0,0.0,0.0,0.0,0.0,0.0,0.0,0.0,0.0,0.0,0.0,0.0,0.0,0.0,0.0,0.0,0.0,0.0,0.0,0.0,0.0,0.0,0.0,0.0,0.0,0.0,0.0,0.0,0.0,0.0,0.0,0.0,0.0,0.0,0.0,0.0,0.0,0.0,0.0,0.0,0.0,0.0,0.0,0.0,0.0,0.0,0.0,0.0,0.0,0.0,0.0,0.0,0.0,0.0,0.0,0.0,0.0,0.0,0.0,0.0,0.0,0.0,0.0,0.0,0.0,0.0,0.0,0.0,28,0.0,0,0.0,23,0.0,0.0,5,0,0,0,0,0,0,0.0,~
692,Amara,Nallo,DEF,LIV,?,"Nallo (DEF, ?)",0,0,0,0,0,0,0,0,0,0,0,0,0,0,17,0.0,0.0,0.0,0.0,0.0,0.0,0.0,0.0,0.0,0.0,0.0,0.0,0.0,0.0,0.0,0.0,0.0,0.0,0.0,0.0,0.0,0.0,0.0,0.0,0.0,0.0,0.0,0.0,0.0,0.0,0.0,0.0,0.0,0.0,0.0,0.0,0.0,0.0,0.0,0.0,0.0,0.0,0.0,0.0,0.0,0.0,0.0,0.0,0.0,0.0,0.0,0.0,0.0,0.0,0.0,0.0,0.0,0.0,0.0,0.0,0.0,0.0,0.0,0.0,0.0,0.0,0.0,0.0,0.0,0.0,0.0,0.0,0.0,0.0,0.0,0.0,0.0,0.0,0.0,0.0,0.0,0.0,0.0,0.0,0.0,0.0,0.0,0.0,0.0,0.0,0.0,0.0,0.0,0.0,0.0,0.0,0.0,0.0,0.0,0.0,0.0,0.0,0.0,0.0,0.0,0.0,0.0,0.0,0.0,0.0,0.0,0.0,0.0,0.0,0.0,0.0,0.0,0.0,0.0,0.0,0.0,0.0,0.0,0.0,0.0,0.0,0.0,0.0,0.0,0.0,0.0,0.0,0.0,0.0,0.0,0.0,0.0,0.0,0.0,0.0,28,0.0,33,0.0,0,0.0,0.0,5,0,0,0,0,0,0,0.0,~
342,Bernardo,Veiga de Carvalho e Silva,MID,MCI,?,"Bernardo (MID, ?)",62,1464,2,25,0,4,3,0,0,0,4,0,7,18,0,3.5,1.5,4.666666666666667,2.6666666666666665,2.9249881291307074,90.0,0.0,90.0,0.0,0.0,2.0,1.0,3.4444444444444446,2.2592592592592595,2.5651991956922657,90.0,0.0,81.33333333333333,15.407407407407412,24.59448899426229,0.0,0.0,0.1111111111111111,0.1975308641975308,0.3142696805273544,1.5,0.5,1.3888888888888888,0.8333333333333334,1.0076865081787252,0.0,0.0,0.0,0.0,0.0,0.0,0.0,0.2222222222222222,0.345679012345679,0.415739709641549,0.0,0.0,0.1666666666666666,0.2777777777777778,0.3726779962499649,0.0,0.0,0.0,0.0,0.0,0.0,0.0,0.0,0.0,0.0,0.0,0.0,0.0,0.0,0.0,0.0,0.0,0.2222222222222222,0.345679012345679,0.415739709641549,0.0,0.0,0.0,0.0,0.0,0.0,0.0,0.3888888888888889,0.6049382716049383,0.7556372504853025,2.0,1.0,3.4444444444444446,2.2592592592592595,2.5651991956922657,90.0,0.0,81.33333333333333,15.407407407407412,24.59448899426229,0.0,0.0,0.1111111111111111,0.1975308641975308,0.3142696805273544,1.5,0.5,1.3888888888888888,0.8333333333333334,1.0076865081787252,0.0,0.0,0.0,0.0,0.0,0.0,0.0,0.2222222222222222,0.345679012345679,0.415739709641549,0.0,0.0,0.1666666666666666,0.2777777777777778,0.3726779962499649,0.0,0.0,0.0,0.0,0.0,0.0,0.0,0.0,0.0,0.0,0.0,0.0,0.0,0.0,0.0,0.0,0.0,0.2222222222222222,0.345679012345679,0.415739709641549,0.0,0.0,0.0,0.0,0.0,0.0,0.0,0.3888888888888889,0.6049382716049383,0.7556372504853025,15,11.666666666666668,0,0.0,17,11.88888888888889,11.77777777778,5,3,2,2,0,1,8,-3.777777777780001,3↓
346,Jérémy,Doku,MID,MCI,?,"Doku (MID, ?)",46,692,2,8,0,3,3,0,0,0,0,0,2,14,4,2.0,1.0,4.0,3.333333333333333,4.281744192888376,53.5,29.0,48.16666666666666,31.5,32.91107547450993,1.5,1.5,2.555555555555556,2.185185185185185,3.095197394929804,30.5,30.5,38.44444444444444,32.49382716049383,34.30293512259106,0.0,0.0,0.1111111111111111,0.1975308641975308,0.3142696805273545,0.0,0.0,0.4444444444444444,0.54320987654321,0.5983516452371671,0.0,0.0,0.0,0.0,0.0,0.0,0.0,0.1666666666666666,0.2777777777777778,0.3726779962499649,0.0,0.0,0.1666666666666666,0.2777777777777778,0.3726779962499649,0.0,0.0,0.0,0.0,0.0,0.0,0.0,0.0,0.0,0.0,0.0,0.0,0.0,0.0,0.0,0.0,0.0,0.0,0.0,0.0,0.0,0.0,0.0,0.0,0.0,0.0,0.0,0.1111111111111111,0.2098765432098765,0.4581228472908512,2.0,1.0,3.2857142857142856,2.265306122448979,3.149343955006944,66.0,23.5,49.42857142857143,29.22448979591837,31.144167731269835,0.0,0.0,0.1428571428571428,0.2448979591836734,0.3499271061118826,0.5,0.5,0.5714285714285714,0.5714285714285714,0.6226998490772392,0.0,0.0,0.0,0.0,0.0,0.0,0.0,0.2142857142857142,0.336734693877551,0.4103259033241448,0.0,0.0,0.2142857142857142,0.336734693877551,0.410325903324145,0.0,0.0,0.0,0.0,0.0,0.0,0.0,0.0,0.0,0.0,0.0,0.0,0.0,0.0,0.0,0.0,0.0,0.0,0.0,0.0,0.0,0.0,0.0,0.0,0.0,0.0,0.0,0.1428571428571428,0.2653061224489795,0.5150787536377127,15,10.0,0,0.0,17,10.333333333333334,10.16666666667,5,0,0,0,12,0,12,1.8333333333299997,2↑
351,Erling,Haaland,FWD,MCI,?,"Haaland (FWD, ?)",102,1619,13,26,0,1,3,0,0,1,2,0,15,18,0,2.0,1.0,3.0,2.0,2.309401076758503,90.0,0.0,90.0,0.0,0.0,3.5,1.5,5.666666666666667,4.037037037037037,5.08811250749125,90.0,0.0,89.94444444444444,0.1049382716049396,0.2290614236454255,0.0,0.0,0.7222222222222222,0.802469135802469,0.9891385452647142,1.5,0.5,1.4444444444444444,0.7777777777777778,0.955813918560292,0.0,0.0,0.0,0.0,0.0,0.0,0.0,0.0555555555555555,0.1049382716049382,0.2290614236454256,0.0,0.0,0.1666666666666666,0.2777777777777778,0.3726779962499649,0.0,0.0,0.0,0.0,0.0,0.0,0.0,0.0,0.0,0.0,0.0,0.0,0.0555555555555555,0.1049382716049382,0.2290614236454256,0.0,0.0,0.1111111111111111,0.1975308641975308,0.3142696805273545,0.0,0.0,0.0,0.0,0.0,0.0,0.0,0.8333333333333334,1.1111111111111112,1.2583057392117916,3.5,1.5,5.666666666666667,4.037037037037037,5.08811250749125,90.0,0.0,89.94444444444444,0.1049382716049396,0.2290614236454255,0.0,0.0,0.7222222222222222,0.802469135802469,0.9891385452647142,1.5,0.5,1.4444444444444444,0.7777777777777778,0.955813918560292,0.0,0.0,0.0,0.0,0.0,0.0,0.0,0.0555555555555555,0.1049382716049382,0.2290614236454256,0.0,0.0,0.1666666666666666,0.2777777777777778,0.3726779962499649,0.0,0.0,0.0,0.0,0.0,0.0,0.0,0.0,0.0,0.0,0.0,0.0,0.0555555555555555,0.1049382716049382,0.2290614236454256,0.0,0.0,0.1111111111111111,0.1975308641975308,0.3142696805273545,0.0,0.0,0.0,0.0,0.0,0.0,0.0,0.8333333333333334,1.1111111111111112,1.2583057392117916,15,20.0,0,0.0,17,20.33333333333333,20.16666666667,5,8,13,2,6,12,41,20.83333333333,7↑
358,Stefan,Ortega Moreno,GKP,MCI,?,"Ortega Moreno (GKP, ?)",14,450,0,7,0,0,1,15,0,0,0,0,0,5,13,2.0,0.5,2.333333333333333,1.555555555555556,2.2110831935702664,90.0,0.0,75.0,25.0,33.54101966249684,0.0,0.0,0.7777777777777778,1.123456790123457,1.6850834320114558,0.0,0.0,25.0,36.11111111111112,40.311288741492746,0.0,0.0,0.0,0.0,0.0,0.0,0.0,0.3888888888888889,0.6049382716049383,0.7556372504853025,0.0,0.0,0.0,0.0,0.0,0.0,0.0,0.0,0.0,0.0,0.0,0.0,0.0555555555555555,0.1049382716049382,0.2290614236454256,0.0,0.0,0.8333333333333334,1.2037037037037035,1.5365907428821477,0.0,0.0,0.0,0.0,0.0,0.0,0.0,0.0,0.0,0.0,0.0,0.0,0.0,0.0,0.0,0.0,0.0,0.0,0.0,0.0,0.0,0.0,0.0,0.0,0.0,2.0,0.0,2.8,1.6799999999999995,2.1354156504062622,90.0,0.0,90.0,0.0,0.0,0.0,0.0,0.0,0.0,0.0,2.0,0.0,1.4,0.72,0.8,0.0,0.0,0.0,0.0,0.0,0.0,0.0,0.0,0.0,0.0,0.0,0.0,0.2,0.3199999999999999,0.4000000000000001,3.0,1.0,3.0,1.2,1.4142135623730951,0.0,0.0,0.0,0.0,0.0,0.0,0.0,0.0,0.0,0.0,0.0,0.0,0.0,0.0,0.0,0.0,0.0,0.0,0.0,0.0,0.0,0.0,0.0,0.0,0.0,15,0.0,-8,0.0,0,0.0,0.0,5,6,3,2,0,0,11,11.0,5↑
625,Ilkay,Gündogan,MID,MCI,?,"Gündogan (MID, ?)",33,1115,0,19,0,1,2,0,0,0,1,0,0,17,1,2.0,0.0,1.6666666666666667,0.4444444444444444,0.4714045207910317,80.0,10.0,67.0,24.0,30.18829795356693,2.0,0.0,1.8333333333333333,0.6666666666666667,1.0137937550497031,78.0,12.0,61.94444444444444,29.40740740740741,33.879643547616915,0.0,0.0,0.0,0.0,0.0,1.0,1.0,1.0555555555555556,0.8518518518518517,1.078693768830422,0.0,0.0,0.0,0.0,0.0,0.0,0.0,0.0555555555555555,0.1049382716049382,0.2290614236454256,0.0,0.0,0.1111111111111111,0.1975308641975308,0.3142696805273545,0.0,0.0,0.0,0.0,0.0,0.0,0.0,0.0,0.0,0.0,0.0,0.0,0.0,0.0,0.0,0.0,0.0,0.0555555555555555,0.1049382716049382,0.2290614236454256,0.0,0.0,0.0,0.0,0.0,0.0,0.0,0.0,0.0,0.0,2.0,0.0,1.9411764705882355,0.5536332179930796,0.9374927912064251,84.0,6.0,65.58823529411765,26.062283737024217,31.246757617258396,0.0,0.0,0.0,0.0,0.0,1.0,1.0,1.1176470588235294,0.8581314878892732,1.0782531046954915,0.0,0.0,0.0,0.0,0.0,0.0,0.0,0.0588235294117647,0.1107266435986159,0.2352941176470588,0.0,0.0,0.1176470588235294,0.2076124567474048,0.3221897397089212,0.0,0.0,0.0,0.0,0.0,0.0,0.0,0.0,0.0,0.0,0.0,0.0,0.0,0.0,0.0,0.0,0.0,0.0588235294117647,0.1107266435986159,0.2352941176470588,0.0,0.0,0.0,0.0,0.0,0.0,0.0,0.0,0.0,0.0,15,10.0,0,0.0,17,10.0,10.0,5,0,1,1,3,2,7,-3.0,3↓
345,Kevin,De Bruyne,MID,MCI,?,"De Bruyne (MID, ?)",43,639,2,8,0,3,3,0,0,0,2,0,5,11,7,1.5,1.0,4.0,4.0,4.864839839775475,41.0,31.0,41.833333333333336,33.166666666666664,33.88419821817965,1.0,1.0,2.388888888888889,2.82716049382716,4.043360660650837,15.5,15.5,35.5,36.94444444444444,38.66271531534685,0.0,0.0,0.1111111111111111,0.1975308641975308,0.3142696805273545,0.0,0.0,0.4444444444444444,0.5925925925925927,0.6849348892187752,0.0,0.0,0.0,0.0,0.0,0.0,0.0,0.1666666666666666,0.2777777777777778,0.3726779962499649,0.0,0.0,0.1666666666666666,0.2777777777777778,0.3726779962499649,0.0,0.0,0.0,0.0,0.0,0.0,0.0,0.0,0.0,0.0,0.0,0.0,0.0,0.0,0.0,0.0,0.0,0.1111111111111111,0.1975308641975308,0.3142696805273545,0.0,0.0,0.0,0.0,0.0,0.0,0.0,0.2777777777777778,0.4938271604938272,0.8031573497111645,2.0,1.0,3.909090909090909,3.6859504132231407,4.561788832834319,73.0,17.0,58.09090909090909,31.702479338842977,33.67074410024915,0.0,0.0,0.1818181818181818,0.2975206611570247,0.3856946079199349,1.0,1.0,0.7272727272727273,0.6611570247933884,0.7496555682941201,0.0,0.0,0.0,0.0,0.0,0.0,0.0,0.2727272727272727,0.396694214876033,0.4453617714151233,0.0,0.0,0.2727272727272727,0.396694214876033,0.4453617714151233,0.0,0.0,0.0,0.0,0.0,0.0,0.0,0.0,0.0,0.0,0.0,0.0,0.0,0.0,0.0,0.0,0.0,0.1818181818181818,0.2975206611570247,0.3856946079199349,0.0,0.0,0.0,0.0,0.0,0.0,0.0,0.4545454545454545,0.743801652892562,0.9875254992000194,15,6.666666666666667,0,0.0,17,6.888888888888888,6.77777777778,5,3,5,7,12,1,28,21.22222222222,7↑
350,Joško,Gvardiol,DEF,MCI,?,"Gvardiol (DEF, ?)",66,1482,4,23,0,0,3,0,0,0,1,0,7,17,1,1.5,1.5,2.6666666666666665,2.555555555555556,2.8087165910587863,90.0,0.0,75.0,25.0,33.54101966249684,2.0,2.0,3.6666666666666665,3.259259259259259,3.496029493900505,90.0,0.0,82.33333333333333,13.296296296296298,22.45489305746572,0.0,0.0,0.2222222222222222,0.345679012345679,0.415739709641549,1.0,1.0,1.2777777777777777,0.8641975308641976,1.0437941237808852,0.0,0.0,0.0,0.0,0.0,0.0,0.0,0.0,0.0,0.0,0.0,0.0,0.1666666666666666,0.2777777777777778,0.3726779962499649,0.0,0.0,0.0,0.0,0.0,0.0,0.0,0.0,0.0,0.0,0.0,0.0,0.0,0.0,0.0,0.0,0.0,0.0555555555555555,0.1049382716049382,0.2290614236454256,0.0,0.0,0.0,0.0,0.0,0.0,0.0,0.3888888888888889,0.6049382716049383,0.8258927081843614,2.0,2.0,3.882352941176471,3.273356401384083,3.479052490028528,90.0,0.0,87.17647058823529,4.98269896193772,10.567627003468145,0.0,0.0,0.2352941176470588,0.3598615916955017,0.4241825029957634,1.0,1.0,1.3529411764705883,0.8442906574394464,1.0256232808330996,0.0,0.0,0.0,0.0,0.0,0.0,0.0,0.0,0.0,0.0,0.0,0.0,0.1764705882352941,0.2906574394463668,0.3812200410828153,0.0,0.0,0.0,0.0,0.0,0.0,0.0,0.0,0.0,0.0,0.0,0.0,0.0,0.0,0.0,0.0,0.0,0.0588235294117647,0.1107266435986159,0.2352941176470588,0.0,0.0,0.0,0.0,0.0,0.0,0.0,0.4117647058823529,0.629757785467128,0.8442764761416073,15,13.333333333333334,-8,8.222222222222221,0,0.0,10.77777777778,5,6,2,1,6,8,23,12.22222222222,6↑
348,Phil,Foden,MID,MCI,?,"Foden (MID, ?)",32,898,1,16,0,1,1,0,0,0,2,0,3,13,5,1.5,1.0,2.333333333333333,2.2222222222222223,3.0912061651652345,84.0,6.0,58.0,38.66666666666666,41.23105625617661,1.5,0.5,1.7777777777777777,1.3333333333333333,2.069770667799684,61.0,29.0,49.888888888888886,37.333333333333336,39.07953270630561,0.0,0.0,0.0555555555555555,0.1049382716049382,0.2290614236454256,0.0,0.0,0.8888888888888888,0.9876543209876544,1.1493422703098446,0.0,0.0,0.0,0.0,0.0,0.0,0.0,0.0555555555555555,0.1049382716049382,0.2290614236454256,0.0,0.0,0.0555555555555555,0.1049382716049382,0.2290614236454256,0.0,0.0,0.0,0.0,0.0,0.0,0.0,0.0,0.0,0.0,0.0,0.0,0.0,0.0,0.0,0.0,0.0,0.1111111111111111,0.1975308641975308,0.3142696805273545,0.0,0.0,0.0,0.0,0.0,0.0,0.0,0.1666666666666666,0.2962962962962963,0.4999999999999999,2.0,1.0,2.4615384615384617,1.3254437869822486,2.0611940010729635,90.0,0.0,69.07692307692308,25.12426035502958,28.09177689278631,0.0,0.0,0.0769230769230769,0.1420118343195266,0.2664693550105965,1.0,1.0,1.2307692307692308,1.0177514792899411,1.186711432349347,0.0,0.0,0.0,0.0,0.0,0.0,0.0,0.0769230769230769,0.1420118343195266,0.2664693550105965,0.0,0.0,0.0769230769230769,0.1420118343195266,0.2664693550105965,0.0,0.0,0.0,0.0,0.0,0.0,0.0,0.0,0.0,0.0,0.0,0.0,0.0,0.0,0.0,0.0,0.0,0.1538461538461538,0.2603550295857988,0.36080121229411,0.0,0.0,0.0,0.0,0.0,0.0,0.0,0.2307692307692307,0.3905325443786983,0.5756395979652217,15,8.333333333333332,0,0.0,17,8.444444444444443,8.38888888889,5,6,8,15,19,7,55,46.61111111111,7↑
571,Sávio 'Savinho',Moreira de Oliveira,MID,MCI,?,"Sávio (MID, ?)",40,818,0,13,0,3,2,0,0,0,2,0,7,15,3,1.0,0.0,1.5,0.6666666666666666,0.7637626158259734,24.5,23.5,36.5,31.666666666666668,35.36830030785572,1.0,1.0,2.2222222222222223,1.8765432098765435,2.4845199749997664,57.5,32.5,45.44444444444444,33.77777777777778,35.98027580374531,0.0,0.0,0.0,0.0,0.0,0.5,0.5,0.7222222222222222,0.7222222222222221,0.8695819912499182,0.0,0.0,0.0,0.0,0.0,0.0,0.0,0.1666666666666666,0.2962962962962963,0.4999999999999999,0.0,0.0,0.1111111111111111,0.1975308641975308,0.3142696805273545,0.0,0.0,0.0,0.0,0.0,0.0,0.0,0.0,0.0,0.0,0.0,0.0,0.0,0.0,0.0,0.0,0.0,0.1111111111111111,0.1975308641975308,0.3142696805273545,0.0,0.0,0.0,0.0,0.0,0.0,0.0,0.3888888888888889,0.6049382716049383,0.8258927081843614,1.0,0.0,2.6666666666666665,1.955555555555556,2.494438257849294,72.0,18.0,54.53333333333333,29.626666666666665,32.52458898877723,0.0,0.0,0.0,0.0,0.0,1.0,1.0,0.8666666666666667,0.6933333333333332,0.8844332774281066,0.0,0.0,0.0,0.0,0.0,0.0,0.0,0.2,0.3466666666666667,0.5416025603090641,0.0,0.0,0.1333333333333333,0.2311111111111111,0.3399346342395189,0.0,0.0,0.0,0.0,0.0,0.0,0.0,0.0,0.0,0.0,0.0,0.0,0.0,0.0,0.0,0.0,0.0,0.1333333333333333,0.2311111111111111,0.3399346342395189,0.0,0.0,0.0,0.0,0.0,0.0,0.0,0.4666666666666667,0.6844444444444445,0.8844332774281066,15,6.666666666666667,0,0.0,17,6.888888888888888,6.77777777778,5,14,13,5,0,0,32,25.22222222222,7↑
361,Rúben,Gato Alves Dias,DEF,MCI,?,"Rúben (DEF, ?)",28,1086,0,14,1,0,3,0,0,0,3,0,1,13,5,1.0,0.5,1.5,1.5,2.0615528128088303,90.0,0.0,60.0,40.0,42.42640687119285,1.0,1.0,1.5555555555555556,1.6419753086419755,2.216659704806667,90.0,0.0,60.333333333333336,39.55555555555556,41.974860200945145,0.0,0.0,0.0,0.0,0.0,0.5,0.5,0.7777777777777778,0.7777777777777779,0.8534606386520677,0.0,0.0,0.0555555555555555,0.1049382716049382,0.2290614236454256,0.0,0.0,0.0,0.0,0.0,0.0,0.0,0.1666666666666666,0.2777777777777778,0.3726779962499649,0.0,0.0,0.0,0.0,0.0,0.0,0.0,0.0,0.0,0.0,0.0,0.0,0.0,0.0,0.0,0.0,0.0,0.1666666666666666,0.2777777777777778,0.3726779962499649,0.0,0.0,0.0,0.0,0.0,0.0,0.0,0.0555555555555555,0.1049382716049382,0.2290614236454256,1.0,0.0,2.1538461538461537,1.9289940828402363,2.348359618842115,90.0,0.0,83.53846153846153,11.928994082840235,22.383425820890107,0.0,0.0,0.0,0.0,0.0,1.0,1.0,1.0769230769230769,0.7100591715976331,0.8284868934053083,0.0,0.0,0.0769230769230769,0.1420118343195266,0.2664693550105965,0.0,0.0,0.0,0.0,0.0,0.0,0.0,0.2307692307692307,0.3550295857988166,0.4213250442347431,0.0,0.0,0.0,0.0,0.0,0.0,0.0,0.0,0.0,0.0,0.0,0.0,0.0,0.0,0.0,0.0,0.0,0.2307692307692307,0.3550295857988166,0.4213250442347432,0.0,0.0,0.0,0.0,0.0,0.0,0.0,0.0769230769230769,0.1420118343195266,0.2664693550105965,15,6.666666666666667,-8,4.111111111111111,0,0.0,5.38888888889,5,0,0,0,6,0,6,0.6111111111099996,~
355,Rico,Lewis,DEF,MCI,?,"Lewis (DEF, ?)",38,1202,1,19,0,2,2,0,0,0,3,1,1,16,2,1.0,1.0,1.3333333333333333,1.1111111111111112,1.3743685418725535,80.5,9.5,59.5,34.333333333333336,36.94026709883583,1.5,1.5,2.111111111111111,1.7160493827160492,2.105255035721824,86.5,3.5,66.77777777777777,28.4320987654321,33.25416524546721,0.0,0.0,0.0555555555555555,0.1049382716049382,0.2290614236454256,1.0,1.0,1.0555555555555556,0.7407407407407407,0.911178859269818,0.0,0.0,0.0,0.0,0.0,0.0,0.0,0.1111111111111111,0.1975308641975308,0.3142696805273545,0.0,0.0,0.1111111111111111,0.1975308641975308,0.3142696805273545,0.0,0.0,0.0,0.0,0.0,0.0,0.0,0.0,0.0,0.0,0.0,0.0,0.0,0.0,0.0,0.0,0.0,0.1666666666666666,0.2777777777777778,0.3726779962499649,0.0,0.0,0.0555555555555555,0.1049382716049382,0.2290614236454256,0.0,0.0,0.0555555555555555,0.1049382716049382,0.2290614236454256,2.0,1.5,2.375,1.765625,2.0879116360612584,90.0,0.0,75.125,18.6875,24.839170175350063,0.0,0.0,0.0625,0.1171875,0.2420614591379635,1.0,1.0,1.1875,0.734375,0.8816709987291178,0.0,0.0,0.0,0.0,0.0,0.0,0.0,0.125,0.21875,0.3307189138830738,0.0,0.0,0.125,0.21875,0.3307189138830738,0.0,0.0,0.0,0.0,0.0,0.0,0.0,0.0,0.0,0.0,0.0,0.0,0.0,0.0,0.0,0.0,0.0,0.1875,0.3046875,0.3903123748998999,0.0,0.0,0.0625,0.1171875,0.2420614591379635,0.0,0.0,0.0625,0.1171875,0.2420614591379635,15,10.0,-8,6.166666666666667,0,0.0,8.08333333333,5,6,2,0,1,0,9,0.9166666666700003,~
349,Jack,Grealish,MID,MCI,?,"Grealish (MID, ?)",23,566,0,9,0,1,1,0,0,0,3,0,3,13,5,1.0,0.0,1.1666666666666667,0.6111111111111113,0.8975274678557507,12.0,10.0,34.5,36.66666666666666,39.12693019732914,1.0,1.0,1.2777777777777777,1.067901234567901,1.6263645742560495,14.5,14.5,31.444444444444443,31.70370370370371,34.665420205511595,0.0,0.0,0.0,0.0,0.0,0.0,0.0,0.5,0.6111111111111112,0.6871842709362768,0.0,0.0,0.0,0.0,0.0,0.0,0.0,0.0555555555555555,0.1049382716049382,0.2290614236454256,0.0,0.0,0.0555555555555555,0.1049382716049382,0.2290614236454256,0.0,0.0,0.0,0.0,0.0,0.0,0.0,0.0,0.0,0.0,0.0,0.0,0.0,0.0,0.0,0.0,0.0,0.1666666666666666,0.2777777777777778,0.3726779962499649,0.0,0.0,0.0,0.0,0.0,0.0,0.0,0.1666666666666666,0.3148148148148148,0.6871842709362769,1.0,0.0,1.7692307692307692,1.1005917159763317,1.6711969986461868,19.0,15.0,43.53846153846154,32.73372781065089,33.724256015322005,0.0,0.0,0.0,0.0,0.0,1.0,1.0,0.6923076923076923,0.6390532544378699,0.7216024245882199,0.0,0.0,0.0,0.0,0.0,0.0,0.0,0.0769230769230769,0.1420118343195266,0.2664693550105965,0.0,0.0,0.0769230769230769,0.1420118343195266,0.2664693550105965,0.0,0.0,0.0,0.0,0.0,0.0,0.0,0.0,0.0,0.0,0.0,0.0,0.0,0.0,0.0,0.0,0.0,0.2307692307692307,0.3550295857988166,0.4213250442347431,0.0,0.0,0.0,0.0,0.0,0.0,0.0,0.2307692307692307,0.4260355029585799,0.7994080650317895,15,6.666666666666667,0,0.0,17,6.888888888888888,6.77777777778,5,0,1,0,1,0,2,-4.77777777778,4↓
363,Kyle,Walker,DEF,MCI,?,"Walker (DEF, ?)",12,917,0,20,0,0,0,0,0,0,2,0,0,13,5,1.0,0.0,0.6666666666666666,0.4444444444444444,0.4714045207910317,67.5,22.5,60.0,30.0,33.54101966249684,1.0,1.0,0.6666666666666666,0.5925925925925926,0.6666666666666666,61.0,29.0,50.94444444444444,37.61111111111112,40.03536245512935,0.0,0.0,0.0,0.0,0.0,1.0,1.0,1.1111111111111112,0.9135802469135802,1.0999438818457403,0.0,0.0,0.0,0.0,0.0,0.0,0.0,0.0,0.0,0.0,0.0,0.0,0.0,0.0,0.0,0.0,0.0,0.0,0.0,0.0,0.0,0.0,0.0,0.0,0.0,0.0,0.0,0.0,0.0,0.0,0.0,0.0,0.1111111111111111,0.1975308641975308,0.3142696805273545,0.0,0.0,0.0,0.0,0.0,0.0,0.0,0.0,0.0,0.0,1.0,0.0,0.9230769230769232,0.4260355029585798,0.6153846153846154,90.0,0.0,70.53846153846153,24.94674556213018,28.93391777193569,0.0,0.0,0.0,0.0,0.0,2.0,1.0,1.5384615384615383,0.8047337278106509,1.0088366960464616,0.0,0.0,0.0,0.0,0.0,0.0,0.0,0.0,0.0,0.0,0.0,0.0,0.0,0.0,0.0,0.0,0.0,0.0,0.0,0.0,0.0,0.0,0.0,0.0,0.0,0.0,0.0,0.0,0.0,0.0,0.0,0.0,0.1538461538461538,0.2603550295857988,0.3608012122941099,0.0,0.0,0.0,0.0,0.0,0.0,0.0,0.0,0.0,0.0,15,6.666666666666667,-8,4.111111111111111,0,0.0,5.38888888889,5,1,0,0,0,0,1,-4.38888888889,4↓
356,Matheus Luiz,Nunes,MID,MCI,?,"Matheus N. (MID, ?)",28,527,0,9,0,3,1,0,0,0,1,0,2,12,6,0.5,0.5,1.6666666666666667,1.8888888888888888,2.494438257849294,28.5,28.5,39.5,39.16666666666666,40.774787961843934,1.0,1.0,1.5555555555555556,1.5185185185185186,2.0336672464136805,1.0,1.0,29.27777777777778,36.14814814814815,39.2114007734649,0.0,0.0,0.0,0.0,0.0,0.0,0.0,0.5,0.7222222222222222,0.8333333333333334,0.0,0.0,0.0,0.0,0.0,0.0,0.0,0.1666666666666666,0.2777777777777778,0.3726779962499649,0.0,0.0,0.0555555555555555,0.1049382716049382,0.2290614236454256,0.0,0.0,0.0,0.0,0.0,0.0,0.0,0.0,0.0,0.0,0.0,0.0,0.0,0.0,0.0,0.0,0.0,0.0555555555555555,0.1049382716049382,0.2290614236454256,0.0,0.0,0.0,0.0,0.0,0.0,0.0,0.1111111111111111,0.2098765432098765,0.4581228472908512,1.5,0.5,2.333333333333333,1.6666666666666667,2.0949675149960894,37.0,36.0,43.91666666666666,39.583333333333336,40.78492027970904,0.0,0.0,0.0,0.0,0.0,0.0,0.0,0.75,0.875,0.924211375534118,0.0,0.0,0.0,0.0,0.0,0.0,0.0,0.25,0.375,0.4330127018922193,0.0,0.0,0.0833333333333333,0.1527777777777777,0.2763853991962833,0.0,0.0,0.0,0.0,0.0,0.0,0.0,0.0,0.0,0.0,0.0,0.0,0.0,0.0,0.0,0.0,0.0,0.0833333333333333,0.1527777777777777,0.2763853991962833,0.0,0.0,0.0,0.0,0.0,0.0,0.0,0.1666666666666666,0.3055555555555555,0.5527707983925666,15,6.666666666666667,0,0.0,17,6.888888888888888,6.77777777778,5,0,0,2,2,5,9,2.22222222222,2↑
341,Nathan,Aké,DEF,MCI,?,"Aké (DEF, ?)",11,382,0,7,0,0,1,0,0,0,0,0,0,6,12,0.5,0.5,1.5,1.6666666666666667,2.140872096444188,42.0,42.0,43.833333333333336,43.833333333333336,43.87260598090288,0.0,0.0,0.6111111111111112,0.8827160493827161,1.4196591487978485,0.0,0.0,21.22222222222222,30.43209876543209,35.10548478127591,0.0,0.0,0.0,0.0,0.0,0.0,0.0,0.3888888888888889,0.6049382716049383,0.7556372504853025,0.0,0.0,0.0,0.0,0.0,0.0,0.0,0.0,0.0,0.0,0.0,0.0,0.0555555555555555,0.1049382716049382,0.2290614236454256,0.0,0.0,0.0,0.0,0.0,0.0,0.0,0.0,0.0,0.0,0.0,0.0,0.0,0.0,0.0,0.0,0.0,0.0,0.0,0.0,0.0,0.0,0.0,0.0,0.0,0.0,0.0,0.0,0.0,0.0,1.0,0.5,1.8333333333333333,1.4444444444444444,1.950783318453271,78.0,11.5,63.66666666666666,26.777777777777786,31.54185931248963,0.0,0.0,0.0,0.0,0.0,1.5,0.5,1.1666666666666667,0.8333333333333334,0.8975274678557507,0.0,0.0,0.0,0.0,0.0,0.0,0.0,0.0,0.0,0.0,0.0,0.0,0.1666666666666666,0.2777777777777778,0.3726779962499649,0.0,0.0,0.0,0.0,0.0,0.0,0.0,0.0,0.0,0.0,0.0,0.0,0.0,0.0,0.0,0.0,0.0,0.0,0.0,0.0,0.0,0.0,0.0,0.0,0.0,0.0,0.0,0.0,0.0,0.0,15,0.0,-8,0.0,0,0.0,0.0,5,6,6,1,0,0,13,13.0,6↑
354,Mateo,Kovačić,MID,MCI,?,"Kovačić (MID, ?)",50,1067,3,18,0,1,2,0,0,0,3,0,8,14,4,0.5,0.5,0.8333333333333334,0.8333333333333334,0.8975274678557505,11.0,11.0,31.5,34.666666666666664,37.58434957975638,2.0,1.0,2.7777777777777777,2.654320987654321,3.9377878103709674,83.5,6.5,59.27777777777778,33.21604938271606,36.73600346550076,0.0,0.0,0.1666666666666666,0.2962962962962963,0.4999999999999999,1.0,1.0,1.0,0.6666666666666666,0.816496580927726,0.0,0.0,0.0,0.0,0.0,0.0,0.0,0.0555555555555555,0.1049382716049382,0.2290614236454256,0.0,0.0,0.1111111111111111,0.1975308641975308,0.3142696805273545,0.0,0.0,0.0,0.0,0.0,0.0,0.0,0.0,0.0,0.0,0.0,0.0,0.0,0.0,0.0,0.0,0.0,0.1666666666666666,0.2777777777777778,0.3726779962499649,0.0,0.0,0.0,0.0,0.0,0.0,0.0,0.4444444444444444,0.691358024691358,0.955813918560292,2.0,1.0,3.571428571428572,3.040816326530611,4.135461378894323,87.5,2.5,76.21428571428571,17.122448979591837,21.07869124233751,0.0,0.0,0.2142857142857142,0.3673469387755102,0.5578749768504754,1.0,1.0,1.2857142857142858,0.6122448979591838,0.6998542122237652,0.0,0.0,0.0,0.0,0.0,0.0,0.0,0.0714285714285714,0.1326530612244897,0.2575393768188563,0.0,0.0,0.1428571428571428,0.2448979591836734,0.3499271061118826,0.0,0.0,0.0,0.0,0.0,0.0,0.0,0.0,0.0,0.0,0.0,0.0,0.0,0.0,0.0,0.0,0.0,0.2142857142857142,0.336734693877551,0.410325903324145,0.0,0.0,0.0,0.0,0.0,0.0,0.0,0.5714285714285714,0.8163265306122448,1.049781318335648,15,11.666666666666668,0,0.0,17,11.88888888888889,11.77777777778,5,3,2,3,13,1,22,10.22222222222,5↑
340,Manuel,Akanji,DEF,MCI,?,"Akanji (DEF, ?)",26,1186,0,18,0,0,2,0,0,0,3,0,0,14,4,0.5,0.5,0.6666666666666666,0.6666666666666666,0.74535599249993,67.5,22.5,52.5,37.5,40.38873605350878,1.0,1.0,1.4444444444444444,1.3209876543209875,1.8324913891634047,90.0,0.0,65.88888888888889,32.14814814814815,37.11975947133651,0.0,0.0,0.0,0.0,0.0,1.0,1.0,1.0,0.7777777777777778,1.0540925533894598,0.0,0.0,0.0,0.0,0.0,0.0,0.0,0.0,0.0,0.0,0.0,0.0,0.1111111111111111,0.1975308641975308,0.3142696805273545,0.0,0.0,0.0,0.0,0.0,0.0,0.0,0.0,0.0,0.0,0.0,0.0,0.0,0.0,0.0,0.0,0.0,0.1666666666666666,0.2777777777777778,0.3726779962499649,0.0,0.0,0.0,0.0,0.0,0.0,0.0,0.0,0.0,0.0,1.5,0.5,1.8571428571428568,1.2857142857142858,1.8844151368961315,90.0,0.0,84.71428571428571,9.061224489795922,13.29569517566049,0.0,0.0,0.0,0.0,0.0,1.0,1.0,1.2857142857142858,0.7959183673469389,1.0301575072754257,0.0,0.0,0.0,0.0,0.0,0.0,0.0,0.0,0.0,0.0,0.0,0.0,0.1428571428571428,0.2448979591836734,0.3499271061118826,0.0,0.0,0.0,0.0,0.0,0.0,0.0,0.0,0.0,0.0,0.0,0.0,0.0,0.0,0.0,0.0,0.0,0.2142857142857142,0.336734693877551,0.410325903324145,0.0,0.0,0.0,0.0,0.0,0.0,0.0,0.0,0.0,0.0,15,6.666666666666667,-8,4.111111111111111,0,0.0,5.38888888889,5,7,2,1,6,2,18,12.611111111109999,6↑
347,Ederson,Santana de Moraes,GKP,MCI,?,"Ederson M. (GKP, ?)",34,1170,0,19,0,1,2,29,0,0,3,0,2,13,5,0.0,0.0,0.1666666666666666,0.2777777777777778,0.372677996249965,0.0,0.0,15.0,25.0,33.54101966249684,1.0,1.0,1.8888888888888888,1.7654320987654322,2.446968393949471,90.0,0.0,65.0,36.11111111111112,40.311288741492746,0.0,0.0,0.0,0.0,0.0,1.0,1.0,1.0555555555555556,0.8518518518518517,1.078693768830422,0.0,0.0,0.0,0.0,0.0,0.0,0.0,0.0555555555555555,0.1049382716049382,0.2290614236454256,0.0,0.0,0.1111111111111111,0.1975308641975308,0.3142696805273545,1.5,1.5,1.6111111111111112,1.2777777777777777,1.4958791130929177,0.0,0.0,0.0,0.0,0.0,0.0,0.0,0.0,0.0,0.0,0.0,0.0,0.1666666666666666,0.2777777777777778,0.3726779962499649,0.0,0.0,0.0,0.0,0.0,0.0,0.0,0.1111111111111111,0.1975308641975308,0.3142696805273545,2.0,1.0,2.6153846153846154,2.0236686390532546,2.527950265408459,90.0,0.0,90.0,0.0,0.0,0.0,0.0,0.0,0.0,0.0,1.0,1.0,1.4615384615384617,0.8047337278106509,1.0088366960464616,0.0,0.0,0.0,0.0,0.0,0.0,0.0,0.0769230769230769,0.1420118343195266,0.2664693550105965,0.0,0.0,0.1538461538461538,0.2603550295857987,0.3608012122941099,2.0,1.0,2.230769230769231,1.0532544378698223,1.3099527973789538,0.0,0.0,0.0,0.0,0.0,0.0,0.0,0.0,0.0,0.0,0.0,0.0,0.2307692307692307,0.3550295857988166,0.4213250442347432,0.0,0.0,0.0,0.0,0.0,0.0,0.0,0.1538461538461538,0.2603550295857987,0.3608012122941099,15,6.666666666666667,-8,4.111111111111111,0,0.0,5.38888888889,5,0,0,0,7,8,15,9.611111111109999,5↑
362,John,Stones,DEF,MCI,?,"Stones (DEF, ?)",21,328,2,6,0,0,0,0,0,0,1,0,1,8,10,0.0,0.0,0.1666666666666666,0.2777777777777778,0.3726779962499649,0.0,0.0,7.5,12.5,16.77050983124842,0.0,0.0,1.1666666666666667,1.5185185185185186,2.4776781245530843,0.0,0.0,18.22222222222222,23.54320987654321,28.820431709997287,0.0,0.0,0.1111111111111111,0.1975308641975308,0.3142696805273545,0.0,0.0,0.3333333333333333,0.4814814814814814,0.5773502691896257,0.0,0.0,0.0,0.0,0.0,0.0,0.0,0.0,0.0,0.0,0.0,0.0,0.0,0.0,0.0,0.0,0.0,0.0,0.0,0.0,0.0,0.0,0.0,0.0,0.0,0.0,0.0,0.0,0.0,0.0,0.0,0.0,0.0555555555555555,0.1049382716049382,0.2290614236454256,0.0,0.0,0.0,0.0,0.0,0.0,0.0,0.0555555555555555,0.1049382716049382,0.2290614236454256,1.0,0.0,2.625,2.6875,3.159806164941134,42.5,30.5,41.0,24.75,30.577769702841312,0.0,0.0,0.25,0.375,0.4330127018922193,1.0,0.5,0.75,0.5625,0.6614378277661477,0.0,0.0,0.0,0.0,0.0,0.0,0.0,0.0,0.0,0.0,0.0,0.0,0.0,0.0,0.0,0.0,0.0,0.0,0.0,0.0,0.0,0.0,0.0,0.0,0.0,0.0,0.0,0.0,0.0,0.0,0.0,0.0,0.125,0.21875,0.3307189138830738,0.0,0.0,0.0,0.0,0.0,0.0,0.0,0.125,0.21875,0.3307189138830738,15,0.0,-8,0.0,0,0.0,0.0,5,0,0,0,0,1,1,1.0,~
357,James,McAtee,MID,MCI,?,"McAtee (MID, ?)",2,2,0,0,0,0,0,0,0,0,0,0,0,2,16,0.0,0.0,0.1666666666666666,0.2777777777777778,0.372677996249965,0.0,0.0,0.1666666666666666,0.2777777777777778,0.372677996249965,0.0,0.0,0.1111111111111111,0.1975308641975308,0.3142696805273545,0.0,0.0,0.1111111111111111,0.1975308641975308,0.3142696805273545,0.0,0.0,0.0,0.0,0.0,0.0,0.0,0.0,0.0,0.0,0.0,0.0,0.0,0.0,0.0,0.0,0.0,0.0,0.0,0.0,0.0,0.0,0.0,0.0,0.0,0.0,0.0,0.0,0.0,0.0,0.0,0.0,0.0,0.0,0.0,0.0,0.0,0.0,0.0,0.0,0.0,0.0,0.0,0.0,0.0,0.0,0.0,0.0,0.0,0.0,0.0,0.0,0.0,0.0,0.0,1.0,0.0,1.0,0.0,0.0,1.0,0.0,1.0,0.0,0.0,0.0,0.0,0.0,0.0,0.0,0.0,0.0,0.0,0.0,0.0,0.0,0.0,0.0,0.0,0.0,0.0,0.0,0.0,0.0,0.0,0.0,0.0,0.0,0.0,0.0,0.0,0.0,0.0,0.0,0.0,0.0,0.0,0.0,0.0,0.0,0.0,0.0,0.0,0.0,0.0,0.0,0.0,0.0,0.0,0.0,0.0,0.0,0.0,0.0,0.0,0.0,0.0,0.0,0.0,0.0,15,0.0,0,0.0,17,0.0,0.0,5,1,1,1,6,0,9,9.0,5↑
672,Jahmai,Simpson-Pusey,DEF,MCI,?,"Simpson-Pusey (DEF, ?)",1,95,0,2,0,0,0,0,0,0,1,0,0,2,16,0.0,0.0,0.1666666666666666,0.2777777777777777,0.372677996249965,0.0,0.0,0.8333333333333334,1.388888888888889,1.863389981249825,0.0,0.0,0.0555555555555555,0.1049382716049382,0.2290614236454256,0.0,0.0,5.277777777777778,9.41358024691358,20.57994049110162,0.0,0.0,0.0,0.0,0.0,0.0,0.0,0.1111111111111111,0.2098765432098765,0.4581228472908512,0.0,0.0,0.0,0.0,0.0,0.0,0.0,0.0,0.0,0.0,0.0,0.0,0.0,0.0,0.0,0.0,0.0,0.0,0.0,0.0,0.0,0.0,0.0,0.0,0.0,0.0,0.0,0.0,0.0,0.0,0.0,0.0,0.0555555555555555,0.1049382716049382,0.2290614236454256,0.0,0.0,0.0,0.0,0.0,0.0,0.0,0.0,0.0,0.0,0.5,0.5,0.5,0.5,0.5,47.5,42.5,47.5,42.5,42.5,0.0,0.0,0.0,0.0,0.0,1.0,1.0,1.0,1.0,1.0,0.0,0.0,0.0,0.0,0.0,0.0,0.0,0.0,0.0,0.0,0.0,0.0,0.0,0.0,0.0,0.0,0.0,0.0,0.0,0.0,0.0,0.0,0.0,0.0,0.0,0.0,0.0,0.0,0.0,0.0,0.5,0.5,0.5,0.5,0.5,0.0,0.0,0.0,0.0,0.0,0.0,0.0,0.0,0.0,0.0,15,0.0,-8,0.0,0,0.0,0.0,5,0,0,0,0,0,0,0.0,~
360,Rodrigo 'Rodri',Hernandez,MID,MCI,?,"Rodrigo (MID, ?)",2,65,0,0,0,0,0,0,0,0,0,0,0,2,16,0.0,0.0,0.0,0.0,0.0,0.0,0.0,0.0,0.0,0.0,0.0,0.0,0.1111111111111111,0.1975308641975308,0.3142696805273545,0.0,0.0,3.611111111111111,6.419753086419753,11.030960917591544,0.0,0.0,0.0,0.0,0.0,0.0,0.0,0.0,0.0,0.0,0.0,0.0,0.0,0.0,0.0,0.0,0.0,0.0,0.0,0.0,0.0,0.0,0.0,0.0,0.0,0.0,0.0,0.0,0.0,0.0,0.0,0.0,0.0,0.0,0.0,0.0,0.0,0.0,0.0,0.0,0.0,0.0,0.0,0.0,0.0,0.0,0.0,0.0,0.0,0.0,0.0,0.0,0.0,0.0,0.0,1.0,0.0,1.0,0.0,0.0,32.5,12.5,32.5,12.5,12.5,0.0,0.0,0.0,0.0,0.0,0.0,0.0,0.0,0.0,0.0,0.0,0.0,0.0,0.0,0.0,0.0,0.0,0.0,0.0,0.0,0.0,0.0,0.0,0.0,0.0,0.0,0.0,0.0,0.0,0.0,0.0,0.0,0.0,0.0,0.0,0.0,0.0,0.0,0.0,0.0,0.0,0.0,0.0,0.0,0.0,0.0,0.0,0.0,0.0,0.0,0.0,0.0,0.0,0.0,0.0,15,0.0,0,0.0,17,0.0,0.0,5,0,0,0,0,0,0,0.0,~
343,Oscar,Bobb,MID,MCI,?,"Bobb (MID, ?)",0,0,0,0,0,0,0,0,0,0,0,0,0,0,18,0.0,0.0,0.0,0.0,0.0,0.0,0.0,0.0,0.0,0.0,0.0,0.0,0.0,0.0,0.0,0.0,0.0,0.0,0.0,0.0,0.0,0.0,0.0,0.0,0.0,0.0,0.0,0.0,0.0,0.0,0.0,0.0,0.0,0.0,0.0,0.0,0.0,0.0,0.0,0.0,0.0,0.0,0.0,0.0,0.0,0.0,0.0,0.0,0.0,0.0,0.0,0.0,0.0,0.0,0.0,0.0,0.0,0.0,0.0,0.0,0.0,0.0,0.0,0.0,0.0,0.0,0.0,0.0,0.0,0.0,0.0,0.0,0.0,0.0,0.0,0.0,0.0,0.0,0.0,0.0,0.0,0.0,0.0,0.0,0.0,0.0,0.0,0.0,0.0,0.0,0.0,0.0,0.0,0.0,0.0,0.0,0.0,0.0,0.0,0.0,0.0,0.0,0.0,0.0,0.0,0.0,0.0,0.0,0.0,0.0,0.0,0.0,0.0,0.0,0.0,0.0,0.0,0.0,0.0,0.0,0.0,0.0,0.0,0.0,0.0,0.0,0.0,0.0,0.0,0.0,0.0,0.0,0.0,0.0,0.0,0.0,0.0,0.0,0.0,0.0,15,0.0,0,0.0,17,0.0,0.0,5,0,0,0,0,0,0,0.0,~
344,Scott,Carson,GKP,MCI,?,"Carson (GKP, ?)",0,0,0,0,0,0,0,0,0,0,0,0,0,0,18,0.0,0.0,0.0,0.0,0.0,0.0,0.0,0.0,0.0,0.0,0.0,0.0,0.0,0.0,0.0,0.0,0.0,0.0,0.0,0.0,0.0,0.0,0.0,0.0,0.0,0.0,0.0,0.0,0.0,0.0,0.0,0.0,0.0,0.0,0.0,0.0,0.0,0.0,0.0,0.0,0.0,0.0,0.0,0.0,0.0,0.0,0.0,0.0,0.0,0.0,0.0,0.0,0.0,0.0,0.0,0.0,0.0,0.0,0.0,0.0,0.0,0.0,0.0,0.0,0.0,0.0,0.0,0.0,0.0,0.0,0.0,0.0,0.0,0.0,0.0,0.0,0.0,0.0,0.0,0.0,0.0,0.0,0.0,0.0,0.0,0.0,0.0,0.0,0.0,0.0,0.0,0.0,0.0,0.0,0.0,0.0,0.0,0.0,0.0,0.0,0.0,0.0,0.0,0.0,0.0,0.0,0.0,0.0,0.0,0.0,0.0,0.0,0.0,0.0,0.0,0.0,0.0,0.0,0.0,0.0,0.0,0.0,0.0,0.0,0.0,0.0,0.0,0.0,0.0,0.0,0.0,0.0,0.0,0.0,0.0,0.0,0.0,0.0,0.0,0.0,15,0.0,-8,0.0,0,0.0,0.0,5,0,0,0,0,0,0,0.0,~
352,Julián,Álvarez,FWD,MCI,?,"J.Alvarez (FWD, ?)",0,0,0,0,0,0,0,0,0,0,0,0,0,0,18,0.0,0.0,0.0,0.0,0.0,0.0,0.0,0.0,0.0,0.0,0.0,0.0,0.0,0.0,0.0,0.0,0.0,0.0,0.0,0.0,0.0,0.0,0.0,0.0,0.0,0.0,0.0,0.0,0.0,0.0,0.0,0.0,0.0,0.0,0.0,0.0,0.0,0.0,0.0,0.0,0.0,0.0,0.0,0.0,0.0,0.0,0.0,0.0,0.0,0.0,0.0,0.0,0.0,0.0,0.0,0.0,0.0,0.0,0.0,0.0,0.0,0.0,0.0,0.0,0.0,0.0,0.0,0.0,0.0,0.0,0.0,0.0,0.0,0.0,0.0,0.0,0.0,0.0,0.0,0.0,0.0,0.0,0.0,0.0,0.0,0.0,0.0,0.0,0.0,0.0,0.0,0.0,0.0,0.0,0.0,0.0,0.0,0.0,0.0,0.0,0.0,0.0,0.0,0.0,0.0,0.0,0.0,0.0,0.0,0.0,0.0,0.0,0.0,0.0,0.0,0.0,0.0,0.0,0.0,0.0,0.0,0.0,0.0,0.0,0.0,0.0,0.0,0.0,0.0,0.0,0.0,0.0,0.0,0.0,0.0,0.0,0.0,0.0,0.0,0.0,15,0.0,0,0.0,17,0.0,0.0,5,0,0,0,0,0,0,0.0,~
353,João,Cavaco Cancelo,DEF,MCI,?,"João Cancelo (DEF, ?)",0,0,0,0,0,0,0,0,0,0,0,0,0,0,18,0.0,0.0,0.0,0.0,0.0,0.0,0.0,0.0,0.0,0.0,0.0,0.0,0.0,0.0,0.0,0.0,0.0,0.0,0.0,0.0,0.0,0.0,0.0,0.0,0.0,0.0,0.0,0.0,0.0,0.0,0.0,0.0,0.0,0.0,0.0,0.0,0.0,0.0,0.0,0.0,0.0,0.0,0.0,0.0,0.0,0.0,0.0,0.0,0.0,0.0,0.0,0.0,0.0,0.0,0.0,0.0,0.0,0.0,0.0,0.0,0.0,0.0,0.0,0.0,0.0,0.0,0.0,0.0,0.0,0.0,0.0,0.0,0.0,0.0,0.0,0.0,0.0,0.0,0.0,0.0,0.0,0.0,0.0,0.0,0.0,0.0,0.0,0.0,0.0,0.0,0.0,0.0,0.0,0.0,0.0,0.0,0.0,0.0,0.0,0.0,0.0,0.0,0.0,0.0,0.0,0.0,0.0,0.0,0.0,0.0,0.0,0.0,0.0,0.0,0.0,0.0,0.0,0.0,0.0,0.0,0.0,0.0,0.0,0.0,0.0,0.0,0.0,0.0,0.0,0.0,0.0,0.0,0.0,0.0,0.0,0.0,0.0,0.0,0.0,0.0,15,0.0,-8,0.0,0,0.0,0.0,5,0,0,0,0,0,0,0.0,~
607,Nico,O'Reilly,MID,MCI,?,"O’Reilly (MID, ?)",0,0,0,0,0,0,0,0,0,0,0,0,0,0,18,0.0,0.0,0.0,0.0,0.0,0.0,0.0,0.0,0.0,0.0,0.0,0.0,0.0,0.0,0.0,0.0,0.0,0.0,0.0,0.0,0.0,0.0,0.0,0.0,0.0,0.0,0.0,0.0,0.0,0.0,0.0,0.0,0.0,0.0,0.0,0.0,0.0,0.0,0.0,0.0,0.0,0.0,0.0,0.0,0.0,0.0,0.0,0.0,0.0,0.0,0.0,0.0,0.0,0.0,0.0,0.0,0.0,0.0,0.0,0.0,0.0,0.0,0.0,0.0,0.0,0.0,0.0,0.0,0.0,0.0,0.0,0.0,0.0,0.0,0.0,0.0,0.0,0.0,0.0,0.0,0.0,0.0,0.0,0.0,0.0,0.0,0.0,0.0,0.0,0.0,0.0,0.0,0.0,0.0,0.0,0.0,0.0,0.0,0.0,0.0,0.0,0.0,0.0,0.0,0.0,0.0,0.0,0.0,0.0,0.0,0.0,0.0,0.0,0.0,0.0,0.0,0.0,0.0,0.0,0.0,0.0,0.0,0.0,0.0,0.0,0.0,0.0,0.0,0.0,0.0,0.0,0.0,0.0,0.0,0.0,0.0,0.0,0.0,0.0,0.0,15,0.0,0,0.0,17,0.0,0.0,5,0,0,0,1,0,1,1.0,~
626,Issa,Kaboré,DEF,MCI,?,"Kaboré (DEF, ?)",0,0,0,0,0,0,0,0,0,0,0,0,0,0,18,0.0,0.0,0.0,0.0,0.0,0.0,0.0,0.0,0.0,0.0,0.0,0.0,0.0,0.0,0.0,0.0,0.0,0.0,0.0,0.0,0.0,0.0,0.0,0.0,0.0,0.0,0.0,0.0,0.0,0.0,0.0,0.0,0.0,0.0,0.0,0.0,0.0,0.0,0.0,0.0,0.0,0.0,0.0,0.0,0.0,0.0,0.0,0.0,0.0,0.0,0.0,0.0,0.0,0.0,0.0,0.0,0.0,0.0,0.0,0.0,0.0,0.0,0.0,0.0,0.0,0.0,0.0,0.0,0.0,0.0,0.0,0.0,0.0,0.0,0.0,0.0,0.0,0.0,0.0,0.0,0.0,0.0,0.0,0.0,0.0,0.0,0.0,0.0,0.0,0.0,0.0,0.0,0.0,0.0,0.0,0.0,0.0,0.0,0.0,0.0,0.0,0.0,0.0,0.0,0.0,0.0,0.0,0.0,0.0,0.0,0.0,0.0,0.0,0.0,0.0,0.0,0.0,0.0,0.0,0.0,0.0,0.0,0.0,0.0,0.0,0.0,0.0,0.0,0.0,0.0,0.0,0.0,0.0,0.0,0.0,0.0,0.0,0.0,0.0,0.0,15,0.0,-8,0.0,0,0.0,0.0,5,0,0,0,0,0,0,0.0,~
671,Jacob,Wright,MID,MCI,?,"Wright (MID, ?)",0,0,0,0,0,0,0,0,0,0,0,0,0,0,18,0.0,0.0,0.0,0.0,0.0,0.0,0.0,0.0,0.0,0.0,0.0,0.0,0.0,0.0,0.0,0.0,0.0,0.0,0.0,0.0,0.0,0.0,0.0,0.0,0.0,0.0,0.0,0.0,0.0,0.0,0.0,0.0,0.0,0.0,0.0,0.0,0.0,0.0,0.0,0.0,0.0,0.0,0.0,0.0,0.0,0.0,0.0,0.0,0.0,0.0,0.0,0.0,0.0,0.0,0.0,0.0,0.0,0.0,0.0,0.0,0.0,0.0,0.0,0.0,0.0,0.0,0.0,0.0,0.0,0.0,0.0,0.0,0.0,0.0,0.0,0.0,0.0,0.0,0.0,0.0,0.0,0.0,0.0,0.0,0.0,0.0,0.0,0.0,0.0,0.0,0.0,0.0,0.0,0.0,0.0,0.0,0.0,0.0,0.0,0.0,0.0,0.0,0.0,0.0,0.0,0.0,0.0,0.0,0.0,0.0,0.0,0.0,0.0,0.0,0.0,0.0,0.0,0.0,0.0,0.0,0.0,0.0,0.0,0.0,0.0,0.0,0.0,0.0,0.0,0.0,0.0,0.0,0.0,0.0,0.0,0.0,0.0,0.0,0.0,0.0,15,0.0,0,0.0,17,0.0,0.0,5,0,0,0,0,0,0,0.0,~
675,Josh,Wilson-Esbrand,DEF,MCI,?,"Wilson-Esbrand (DEF, ?)",0,0,0,0,0,0,0,0,0,0,0,0,0,0,18,0.0,0.0,0.0,0.0,0.0,0.0,0.0,0.0,0.0,0.0,0.0,0.0,0.0,0.0,0.0,0.0,0.0,0.0,0.0,0.0,0.0,0.0,0.0,0.0,0.0,0.0,0.0,0.0,0.0,0.0,0.0,0.0,0.0,0.0,0.0,0.0,0.0,0.0,0.0,0.0,0.0,0.0,0.0,0.0,0.0,0.0,0.0,0.0,0.0,0.0,0.0,0.0,0.0,0.0,0.0,0.0,0.0,0.0,0.0,0.0,0.0,0.0,0.0,0.0,0.0,0.0,0.0,0.0,0.0,0.0,0.0,0.0,0.0,0.0,0.0,0.0,0.0,0.0,0.0,0.0,0.0,0.0,0.0,0.0,0.0,0.0,0.0,0.0,0.0,0.0,0.0,0.0,0.0,0.0,0.0,0.0,0.0,0.0,0.0,0.0,0.0,0.0,0.0,0.0,0.0,0.0,0.0,0.0,0.0,0.0,0.0,0.0,0.0,0.0,0.0,0.0,0.0,0.0,0.0,0.0,0.0,0.0,0.0,0.0,0.0,0.0,0.0,0.0,0.0,0.0,0.0,0.0,0.0,0.0,0.0,0.0,0.0,0.0,0.0,0.0,15,0.0,-8,0.0,0,0.0,0.0,5,0,0,0,0,0,0,0.0,~
698,Divin,Mubama,FWD,MCI,?,"Mubama (FWD, ?)",0,0,0,0,0,0,0,0,0,0,0,0,0,0,18,0.0,0.0,0.0,0.0,0.0,0.0,0.0,0.0,0.0,0.0,0.0,0.0,0.0,0.0,0.0,0.0,0.0,0.0,0.0,0.0,0.0,0.0,0.0,0.0,0.0,0.0,0.0,0.0,0.0,0.0,0.0,0.0,0.0,0.0,0.0,0.0,0.0,0.0,0.0,0.0,0.0,0.0,0.0,0.0,0.0,0.0,0.0,0.0,0.0,0.0,0.0,0.0,0.0,0.0,0.0,0.0,0.0,0.0,0.0,0.0,0.0,0.0,0.0,0.0,0.0,0.0,0.0,0.0,0.0,0.0,0.0,0.0,0.0,0.0,0.0,0.0,0.0,0.0,0.0,0.0,0.0,0.0,0.0,0.0,0.0,0.0,0.0,0.0,0.0,0.0,0.0,0.0,0.0,0.0,0.0,0.0,0.0,0.0,0.0,0.0,0.0,0.0,0.0,0.0,0.0,0.0,0.0,0.0,0.0,0.0,0.0,0.0,0.0,0.0,0.0,0.0,0.0,0.0,0.0,0.0,0.0,0.0,0.0,0.0,0.0,0.0,0.0,0.0,0.0,0.0,0.0,0.0,0.0,0.0,0.0,0.0,0.0,0.0,0.0,0.0,15,0.0,0,0.0,17,0.0,0.0,5,0,0,0,1,0,1,1.0,~
703,Max,Alleyne,DEF,MCI,?,"Alleyne (DEF, ?)",0,0,0,0,0,0,0,0,0,0,0,0,0,0,18,0.0,0.0,0.0,0.0,0.0,0.0,0.0,0.0,0.0,0.0,0.0,0.0,0.0,0.0,0.0,0.0,0.0,0.0,0.0,0.0,0.0,0.0,0.0,0.0,0.0,0.0,0.0,0.0,0.0,0.0,0.0,0.0,0.0,0.0,0.0,0.0,0.0,0.0,0.0,0.0,0.0,0.0,0.0,0.0,0.0,0.0,0.0,0.0,0.0,0.0,0.0,0.0,0.0,0.0,0.0,0.0,0.0,0.0,0.0,0.0,0.0,0.0,0.0,0.0,0.0,0.0,0.0,0.0,0.0,0.0,0.0,0.0,0.0,0.0,0.0,0.0,0.0,0.0,0.0,0.0,0.0,0.0,0.0,0.0,0.0,0.0,0.0,0.0,0.0,0.0,0.0,0.0,0.0,0.0,0.0,0.0,0.0,0.0,0.0,0.0,0.0,0.0,0.0,0.0,0.0,0.0,0.0,0.0,0.0,0.0,0.0,0.0,0.0,0.0,0.0,0.0,0.0,0.0,0.0,0.0,0.0,0.0,0.0,0.0,0.0,0.0,0.0,0.0,0.0,0.0,0.0,0.0,0.0,0.0,0.0,0.0,0.0,0.0,0.0,0.0,15,0.0,-8,0.0,0,0.0,0.0,5,0,0,0,0,0,0,0.0,~
704,Spike,Brits,GKP,MCI,?,"Brits (GKP, ?)",0,0,0,0,0,0,0,0,0,0,0,0,0,0,18,0.0,0.0,0.0,0.0,0.0,0.0,0.0,0.0,0.0,0.0,0.0,0.0,0.0,0.0,0.0,0.0,0.0,0.0,0.0,0.0,0.0,0.0,0.0,0.0,0.0,0.0,0.0,0.0,0.0,0.0,0.0,0.0,0.0,0.0,0.0,0.0,0.0,0.0,0.0,0.0,0.0,0.0,0.0,0.0,0.0,0.0,0.0,0.0,0.0,0.0,0.0,0.0,0.0,0.0,0.0,0.0,0.0,0.0,0.0,0.0,0.0,0.0,0.0,0.0,0.0,0.0,0.0,0.0,0.0,0.0,0.0,0.0,0.0,0.0,0.0,0.0,0.0,0.0,0.0,0.0,0.0,0.0,0.0,0.0,0.0,0.0,0.0,0.0,0.0,0.0,0.0,0.0,0.0,0.0,0.0,0.0,0.0,0.0,0.0,0.0,0.0,0.0,0.0,0.0,0.0,0.0,0.0,0.0,0.0,0.0,0.0,0.0,0.0,0.0,0.0,0.0,0.0,0.0,0.0,0.0,0.0,0.0,0.0,0.0,0.0,0.0,0.0,0.0,0.0,0.0,0.0,0.0,0.0,0.0,0.0,0.0,0.0,0.0,0.0,0.0,15,0.0,-8,0.0,0,0.0,0.0,5,0,0,0,0,0,0,0.0,~
366,Bruno,Borges Fernandes,MID,MUN,?,"B.Fernandes (MID, ?)",81,1475,4,23,0,6,6,0,0,0,1,2,10,18,0,5.5,3.5,4.833333333333333,4.166666666666667,4.374801582802229,82.5,7.5,76.0,14.0,16.380883167074153,3.0,1.5,4.5,3.611111111111111,4.573474244670748,90.0,0.0,81.94444444444444,11.635802469135804,15.207718150926675,0.0,0.0,0.2222222222222222,0.345679012345679,0.415739709641549,1.0,1.0,1.2777777777777777,1.0061728395061729,1.145307118227128,0.0,0.0,0.0,0.0,0.0,0.0,0.0,0.3333333333333333,0.5185185185185186,0.6666666666666666,0.0,0.0,0.3333333333333333,0.4444444444444444,0.4714045207910317,0.0,0.0,0.0,0.0,0.0,0.0,0.0,0.0,0.0,0.0,0.0,0.0,0.0,0.0,0.0,0.0,0.0,0.0555555555555555,0.1049382716049382,0.2290614236454256,0.0,0.0,0.1111111111111111,0.1975308641975308,0.3142696805273544,0.0,0.0,0.5555555555555556,0.8641975308641974,1.0657403385139377,3.0,1.5,4.5,3.611111111111111,4.573474244670748,90.0,0.0,81.94444444444444,11.635802469135804,15.207718150926675,0.0,0.0,0.2222222222222222,0.345679012345679,0.415739709641549,1.0,1.0,1.2777777777777777,1.0061728395061729,1.145307118227128,0.0,0.0,0.0,0.0,0.0,0.0,0.0,0.3333333333333333,0.5185185185185186,0.6666666666666666,0.0,0.0,0.3333333333333333,0.4444444444444444,0.4714045207910317,0.0,0.0,0.0,0.0,0.0,0.0,0.0,0.0,0.0,0.0,0.0,0.0,0.0,0.0,0.0,0.0,0.0,0.0555555555555555,0.1049382716049382,0.2290614236454256,0.0,0.0,0.1111111111111111,0.1975308641975308,0.3142696805273544,0.0,0.0,0.5555555555555556,0.8641975308641974,1.0657403385139377,-12,13.0,0,0.0,-21,11.5,12.25,5,0,7,4,8,3,22,9.75,5↑
364,Amad,Diallo,MID,MUN,?,"Amad (MID, ?)",69,1051,2,15,0,7,5,0,0,0,2,0,8,16,2,3.5,2.0,5.666666666666667,4.222222222222222,4.6785562825394,90.0,0.0,80.5,12.666666666666666,16.469669092000604,2.5,2.5,3.8333333333333335,3.12962962962963,3.7453675090407055,76.5,13.5,58.388888888888886,32.19135802469136,35.201229285493376,0.0,0.0,0.1111111111111111,0.1975308641975308,0.3142696805273545,0.5,0.5,0.8333333333333334,0.8333333333333334,1.0137937550497031,0.0,0.0,0.0,0.0,0.0,0.0,0.0,0.3888888888888889,0.5185185185185186,0.5905636562630361,0.0,0.0,0.2777777777777778,0.4012345679012346,0.4479032082388083,0.0,0.0,0.0,0.0,0.0,0.0,0.0,0.0,0.0,0.0,0.0,0.0,0.0,0.0,0.0,0.0,0.0,0.1111111111111111,0.1975308641975308,0.3142696805273545,0.0,0.0,0.0,0.0,0.0,0.0,0.0,0.4444444444444444,0.7407407407407407,1.0122703976827,3.0,2.0,4.3125,3.1015625,3.703355741756387,83.5,6.5,65.6875,26.890625,30.242186490893808,0.0,0.0,0.125,0.21875,0.3307189138830738,1.0,1.0,0.9375,0.8203125,1.0288798520721456,0.0,0.0,0.0,0.0,0.0,0.0,0.0,0.4375,0.546875,0.6091746465505602,0.0,0.0,0.3125,0.4296875,0.4635124054434789,0.0,0.0,0.0,0.0,0.0,0.0,0.0,0.0,0.0,0.0,0.0,0.0,0.0,0.0,0.0,0.0,0.0,0.125,0.21875,0.3307189138830738,0.0,0.0,0.0,0.0,0.0,0.0,0.0,0.5,0.8125,1.0606601717798212,-12,9.166666666666666,0,0.0,-21,6.666666666666666,7.91666666667,5,2,9,20,2,3,36,28.08333333333,7↑
378,Kobbie,Mainoo,MID,MUN,?,"Mainoo (MID, ?)",23,968,0,14,0,0,5,0,0,0,5,0,0,12,6,2.0,0.0,1.6666666666666667,0.5555555555555554,0.74535599249993,77.5,12.5,66.16666666666667,23.444444444444446,31.07204888999472,1.5,0.5,1.2777777777777777,0.9444444444444444,1.0437941237808852,77.5,12.5,53.77777777777778,36.93827160493827,39.64082569433179,0.0,0.0,0.0,0.0,0.0,0.0,0.0,0.7777777777777778,0.9506172839506172,1.133115447465063,0.0,0.0,0.0,0.0,0.0,0.0,0.0,0.0,0.0,0.0,0.0,0.0,0.2777777777777778,0.4012345679012345,0.4479032082388083,0.0,0.0,0.0,0.0,0.0,0.0,0.0,0.0,0.0,0.0,0.0,0.0,0.0,0.0,0.0,0.0,0.0,0.2777777777777778,0.4012345679012345,0.4479032082388083,0.0,0.0,0.0,0.0,0.0,0.0,0.0,0.0,0.0,0.0,2.0,0.0,1.9166666666666667,0.4583333333333332,0.6400954789890507,87.0,3.0,80.66666666666667,10.277777777777777,13.713334953816142,0.0,0.0,0.0,0.0,0.0,1.0,1.0,1.1666666666666667,1.0555555555555556,1.21335164821342,0.0,0.0,0.0,0.0,0.0,0.0,0.0,0.0,0.0,0.0,0.0,0.0,0.4166666666666667,0.4861111111111111,0.4930066485916347,0.0,0.0,0.0,0.0,0.0,0.0,0.0,0.0,0.0,0.0,0.0,0.0,0.0,0.0,0.0,0.0,0.0,0.4166666666666667,0.4861111111111111,0.4930066485916347,0.0,0.0,0.0,0.0,0.0,0.0,0.0,0.0,0.0,0.0,-12,6.833333333333333,0,0.0,-21,6.333333333333333,6.58333333333,5,1,2,1,2,1,7,0.4166666666700003,~
375,Rasmus,Højlund,FWD,MUN,?,"Højlund (FWD, ?)",36,795,2,14,0,1,2,0,0,0,1,0,4,13,5,1.5,0.5,2.333333333333333,1.888888888888889,2.6246692913372702,77.5,6.5,59.833333333333336,27.88888888888889,31.656577340086677,1.0,1.0,2.0,1.6666666666666667,2.42670329642684,49.5,33.0,44.16666666666666,34.27777777777778,35.833333333333336,0.0,0.0,0.1111111111111111,0.1975308641975308,0.3142696805273545,0.5,0.5,0.7777777777777778,0.7777777777777779,0.9162456945817024,0.0,0.0,0.0,0.0,0.0,0.0,0.0,0.0555555555555555,0.1049382716049382,0.2290614236454256,0.0,0.0,0.1111111111111111,0.1975308641975308,0.3142696805273545,0.0,0.0,0.0,0.0,0.0,0.0,0.0,0.0,0.0,0.0,0.0,0.0,0.0,0.0,0.0,0.0,0.0,0.0555555555555555,0.1049382716049382,0.2290614236454256,0.0,0.0,0.0,0.0,0.0,0.0,0.0,0.2222222222222222,0.3950617283950617,0.628539361054709,2.0,1.0,2.769230769230769,1.9526627218934915,2.4543163282375104,74.0,11.0,61.15384615384615,23.940828402366865,27.18553391857276,0.0,0.0,0.1538461538461538,0.2603550295857988,0.3608012122941099,1.0,1.0,1.0769230769230769,0.7218934911242604,0.9166442529086912,0.0,0.0,0.0,0.0,0.0,0.0,0.0,0.0769230769230769,0.1420118343195266,0.2664693550105965,0.0,0.0,0.1538461538461538,0.2603550295857987,0.3608012122941099,0.0,0.0,0.0,0.0,0.0,0.0,0.0,0.0,0.0,0.0,0.0,0.0,0.0,0.0,0.0,0.0,0.0,0.0769230769230769,0.1420118343195266,0.2664693550105965,0.0,0.0,0.0,0.0,0.0,0.0,0.0,0.3076923076923077,0.5207100591715976,0.7216024245882199,-12,3.666666666666667,0,0.0,-21,2.666666666666667,3.16666666667,5,2,2,1,1,1,7,3.83333333333,3↑
383,André,Onana,GKP,MUN,?,"Onana (GKP, ?)",69,1620,0,24,0,0,6,45,1,0,0,0,5,18,0,1.5,0.5,2.1666666666666665,1.2777777777777777,1.7716909687891085,90.0,0.0,90.0,0.0,0.0,2.0,1.0,3.8333333333333335,2.8888888888888893,3.452052529534663,90.0,0.0,90.0,0.0,0.0,0.0,0.0,0.0,0.0,0.0,1.0,1.0,1.3333333333333333,1.0370370370370372,1.1547005383792517,0.0,0.0,0.0,0.0,0.0,0.0,0.0,0.0,0.0,0.0,0.0,0.0,0.3333333333333333,0.4444444444444444,0.4714045207910317,2.0,1.0,2.5,1.4444444444444444,1.8027756377319943,0.0,0.0,0.0555555555555555,0.1049382716049382,0.2290614236454256,0.0,0.0,0.0,0.0,0.0,0.0,0.0,0.0,0.0,0.0,0.0,0.0,0.0,0.0,0.0,0.0,0.0,0.2777777777777778,0.462962962962963,0.6502611061510903,2.0,1.0,3.8333333333333335,2.8888888888888893,3.452052529534663,90.0,0.0,90.0,0.0,0.0,0.0,0.0,0.0,0.0,0.0,1.0,1.0,1.3333333333333333,1.0370370370370372,1.1547005383792517,0.0,0.0,0.0,0.0,0.0,0.0,0.0,0.0,0.0,0.0,0.0,0.0,0.3333333333333333,0.4444444444444444,0.4714045207910317,2.0,1.0,2.5,1.4444444444444444,1.8027756377319943,0.0,0.0,0.0555555555555555,0.1049382716049382,0.2290614236454256,0.0,0.0,0.0,0.0,0.0,0.0,0.0,0.0,0.0,0.0,0.0,0.0,0.0,0.0,0.0,0.0,0.0,0.2777777777777778,0.462962962962963,0.6502611061510903,-12,8.666666666666666,-5,9.444444444444445,0,0.0,9.05555555556,5,1,2,3,1,6,13,3.94444444444,3↑
389,Joshua,Zirkzee,FWD,MUN,?,"Zirkzee (FWD, ?)",42,661,3,9,0,1,3,0,0,0,1,0,6,18,0,1.0,0.0,3.0,3.333333333333333,4.47213595499958,22.5,11.0,35.166666666666664,24.222222222222214,28.608953532455924,1.0,0.0,2.333333333333333,2.0000000000000004,3.0912061651652345,27.5,16.5,36.72222222222222,23.438271604938272,27.559643513973175,0.0,0.0,0.1666666666666666,0.2962962962962963,0.4999999999999999,0.0,0.0,0.5,0.6111111111111112,0.7637626158259734,0.0,0.0,0.0,0.0,0.0,0.0,0.0,0.0555555555555555,0.1049382716049382,0.2290614236454256,0.0,0.0,0.1666666666666666,0.2777777777777778,0.3726779962499649,0.0,0.0,0.0,0.0,0.0,0.0,0.0,0.0,0.0,0.0,0.0,0.0,0.0,0.0,0.0,0.0,0.0,0.0555555555555555,0.1049382716049382,0.2290614236454256,0.0,0.0,0.0,0.0,0.0,0.0,0.0,0.3333333333333333,0.5925925925925927,0.9428090415820634,1.0,0.0,2.333333333333333,2.0000000000000004,3.0912061651652345,27.5,16.5,36.72222222222222,23.438271604938272,27.559643513973175,0.0,0.0,0.1666666666666666,0.2962962962962963,0.4999999999999999,0.0,0.0,0.5,0.6111111111111112,0.7637626158259734,0.0,0.0,0.0,0.0,0.0,0.0,0.0,0.0555555555555555,0.1049382716049382,0.2290614236454256,0.0,0.0,0.1666666666666666,0.2777777777777778,0.3726779962499649,0.0,0.0,0.0,0.0,0.0,0.0,0.0,0.0,0.0,0.0,0.0,0.0,0.0,0.0,0.0,0.0,0.0,0.0555555555555555,0.1049382716049382,0.2290614236454256,0.0,0.0,0.0,0.0,0.0,0.0,0.0,0.3333333333333333,0.5925925925925927,0.9428090415820634,-12,5.0,0,0.0,-21,5.0,5.0,5,1,1,1,5,1,9,4.0,3↑
380,Lisandro,Martínez,DEF,MUN,?,"Martinez (DEF, ?)",43,1336,0,21,0,1,5,0,0,0,5,0,2,15,3,1.0,0.5,2.333333333333333,2.111111111111111,2.2852182001336816,90.0,0.0,75.0,25.0,33.54101966249684,1.0,1.0,2.388888888888889,2.296296296296296,2.519675660099681,90.0,0.0,74.22222222222223,24.740740740740737,33.34592354822326,0.0,0.0,0.0,0.0,0.0,1.0,1.0,1.1666666666666667,1.0925925925925928,1.2133516482134197,0.0,0.0,0.0,0.0,0.0,0.0,0.0,0.0555555555555555,0.1049382716049382,0.2290614236454256,0.0,0.0,0.2777777777777778,0.4012345679012346,0.4479032082388083,0.0,0.0,0.0,0.0,0.0,0.0,0.0,0.0,0.0,0.0,0.0,0.0,0.0,0.0,0.0,0.0,0.0,0.2777777777777778,0.4012345679012345,0.4479032082388083,0.0,0.0,0.0,0.0,0.0,0.0,0.0,0.1111111111111111,0.1975308641975308,0.3142696805273545,1.0,1.0,2.8666666666666667,2.373333333333333,2.499777767900357,90.0,0.0,89.06666666666666,1.7422222222222254,3.492213560989011,0.0,0.0,0.0,0.0,0.0,1.0,1.0,1.4,1.0933333333333335,1.2000000000000002,0.0,0.0,0.0,0.0,0.0,0.0,0.0,0.0666666666666666,0.1244444444444444,0.2494438257849294,0.0,0.0,0.3333333333333333,0.4444444444444444,0.4714045207910317,0.0,0.0,0.0,0.0,0.0,0.0,0.0,0.0,0.0,0.0,0.0,0.0,0.0,0.0,0.0,0.0,0.0,0.3333333333333333,0.4444444444444443,0.4714045207910317,0.0,0.0,0.0,0.0,0.0,0.0,0.0,0.1333333333333333,0.2311111111111111,0.339934634239519,-12,3.666666666666667,-5,4.444444444444445,0,0.0,4.05555555556,5,0,7,1,0,15,23,18.944444444440002,7↑
369,Diogo,Dalot Teixeira,DEF,MUN,?,"Dalot (DEF, ?)",53,1586,0,24,0,1,5,0,0,0,3,0,6,18,0,1.0,0.0,2.0,1.3333333333333333,1.8257418583505536,90.0,0.0,90.0,0.0,0.0,1.0,0.0,2.9444444444444446,2.697530864197531,3.205415941500368,90.0,0.0,88.11111111111111,3.5679012345678984,7.78808840394447,0.0,0.0,0.0,0.0,0.0,1.0,1.0,1.3333333333333333,1.0370370370370372,1.1547005383792517,0.0,0.0,0.0,0.0,0.0,0.0,0.0,0.0555555555555555,0.1049382716049382,0.2290614236454256,0.0,0.0,0.2777777777777778,0.4012345679012345,0.4479032082388083,0.0,0.0,0.0,0.0,0.0,0.0,0.0,0.0,0.0,0.0,0.0,0.0,0.0,0.0,0.0,0.0,0.0,0.1666666666666666,0.2777777777777778,0.3726779962499649,0.0,0.0,0.0,0.0,0.0,0.0,0.0,0.3333333333333333,0.5555555555555556,0.816496580927726,1.0,0.0,2.9444444444444446,2.697530864197531,3.205415941500368,90.0,0.0,88.11111111111111,3.5679012345678984,7.78808840394447,0.0,0.0,0.0,0.0,0.0,1.0,1.0,1.3333333333333333,1.0370370370370372,1.1547005383792517,0.0,0.0,0.0,0.0,0.0,0.0,0.0,0.0555555555555555,0.1049382716049382,0.2290614236454256,0.0,0.0,0.2777777777777778,0.4012345679012345,0.4479032082388083,0.0,0.0,0.0,0.0,0.0,0.0,0.0,0.0,0.0,0.0,0.0,0.0,0.0,0.0,0.0,0.0,0.0,0.1666666666666666,0.2777777777777778,0.3726779962499649,0.0,0.0,0.0,0.0,0.0,0.0,0.0,0.3333333333333333,0.5555555555555556,0.816496580927726,-12,5.0,-5,5.0,0,0.0,5.0,5,1,0,0,1,7,9,4.0,3↑
372,Alejandro,Garnacho,MID,MUN,?,"Garnacho (MID, ?)",50,983,3,19,0,2,2,0,0,0,1,0,3,17,1,1.0,0.0,1.3333333333333333,0.8888888888888888,1.247219128924647,29.5,23.5,31.0,19.33333333333333,21.924111536540465,2.0,1.0,2.7777777777777777,1.8148148148148149,2.3934065809486684,58.0,32.0,54.61111111111112,29.209876543209877,31.85058675351539,0.0,0.0,0.1666666666666666,0.2777777777777778,0.3726779962499649,1.0,1.0,1.0555555555555556,0.8580246913580246,1.078693768830422,0.0,0.0,0.0,0.0,0.0,0.0,0.0,0.1111111111111111,0.1975308641975308,0.3142696805273545,0.0,0.0,0.1111111111111111,0.1975308641975308,0.3142696805273545,0.0,0.0,0.0,0.0,0.0,0.0,0.0,0.0,0.0,0.0,0.0,0.0,0.0,0.0,0.0,0.0,0.0,0.0555555555555555,0.1049382716049382,0.2290614236454256,0.0,0.0,0.0,0.0,0.0,0.0,0.0,0.1666666666666666,0.3148148148148148,0.6871842709362769,2.0,1.0,2.9411764705882355,1.8062283737024225,2.3632128737177256,58.0,32.0,57.8235294117647,27.14878892733564,29.80571460034753,0.0,0.0,0.1764705882352941,0.2906574394463668,0.3812200410828153,1.0,1.0,1.1176470588235294,0.8719723183391003,1.078253104695492,0.0,0.0,0.0,0.0,0.0,0.0,0.0,0.1176470588235294,0.2076124567474048,0.3221897397089212,0.0,0.0,0.1176470588235294,0.2076124567474048,0.3221897397089212,0.0,0.0,0.0,0.0,0.0,0.0,0.0,0.0,0.0,0.0,0.0,0.0,0.0,0.0,0.0,0.0,0.0,0.0588235294117647,0.1107266435986159,0.2352941176470588,0.0,0.0,0.0,0.0,0.0,0.0,0.0,0.1764705882352941,0.3321799307958478,0.7058823529411765,-12,8.666666666666666,0,0.0,-21,7.666666666666667,8.16666666667,5,1,1,3,1,3,9,0.8333333333299997,~
594,Noussair,Mazraoui,DEF,MUN,?,"Mazraoui (DEF, ?)",48,1338,0,19,0,1,4,0,0,0,1,0,4,18,0,1.0,0.0,1.1666666666666667,0.2777777777777778,0.3726779962499649,83.5,6.5,71.0,21.0,24.440403706431148,1.5,0.5,2.6666666666666665,2.074074074074074,2.494438257849294,90.0,0.0,74.33333333333333,19.296296296296298,25.512524157536607,0.0,0.0,0.0,0.0,0.0,1.0,1.0,1.0555555555555556,0.9629629629629628,1.1290223018278651,0.0,0.0,0.0,0.0,0.0,0.0,0.0,0.0555555555555555,0.1049382716049382,0.2290614236454256,0.0,0.0,0.2222222222222222,0.345679012345679,0.415739709641549,0.0,0.0,0.0,0.0,0.0,0.0,0.0,0.0,0.0,0.0,0.0,0.0,0.0,0.0,0.0,0.0,0.0,0.0555555555555555,0.1049382716049382,0.2290614236454256,0.0,0.0,0.0,0.0,0.0,0.0,0.0,0.2222222222222222,0.3950617283950617,0.628539361054709,1.5,0.5,2.6666666666666665,2.074074074074074,2.494438257849294,90.0,0.0,74.33333333333333,19.296296296296298,25.512524157536607,0.0,0.0,0.0,0.0,0.0,1.0,1.0,1.0555555555555556,0.9629629629629628,1.1290223018278651,0.0,0.0,0.0,0.0,0.0,0.0,0.0,0.0555555555555555,0.1049382716049382,0.2290614236454256,0.0,0.0,0.2222222222222222,0.345679012345679,0.415739709641549,0.0,0.0,0.0,0.0,0.0,0.0,0.0,0.0,0.0,0.0,0.0,0.0,0.0,0.0,0.0,0.0,0.0,0.0555555555555555,0.1049382716049382,0.2290614236454256,0.0,0.0,0.0,0.0,0.0,0.0,0.0,0.2222222222222222,0.3950617283950617,0.628539361054709,-12,6.833333333333333,-5,7.222222222222222,0,0.0,7.02777777778,5,1,1,2,1,6,11,3.97222222222,3↑
652,Manuel,Ugarte,MID,MUN,?,"Ugarte (MID, ?)",16,706,0,11,0,0,1,0,0,0,5,0,0,13,5,1.0,0.5,1.1666666666666667,0.5555555555555557,0.6871842709362768,68.5,18.0,65.83333333333333,19.166666666666668,22.9377176041752,1.0,0.5,0.8888888888888888,0.5925925925925927,0.8089010988089465,29.0,29.0,39.22222222222222,33.46913580246913,35.85860435338832,0.0,0.0,0.0,0.0,0.0,0.0,0.0,0.6111111111111112,0.7469135802469135,0.8906233078822999,0.0,0.0,0.0,0.0,0.0,0.0,0.0,0.0,0.0,0.0,0.0,0.0,0.0555555555555555,0.1049382716049382,0.2290614236454256,0.0,0.0,0.0,0.0,0.0,0.0,0.0,0.0,0.0,0.0,0.0,0.0,0.0,0.0,0.0,0.0,0.0,0.2777777777777778,0.4012345679012345,0.4479032082388083,0.0,0.0,0.0,0.0,0.0,0.0,0.0,0.0,0.0,0.0,1.0,0.0,1.2307692307692308,0.5088757396449705,0.696568087549032,62.0,28.0,54.30769230769231,27.82248520710059,31.00219499768615,0.0,0.0,0.0,0.0,0.0,1.0,1.0,0.8461538461538461,0.7810650887573962,0.94837138507215,0.0,0.0,0.0,0.0,0.0,0.0,0.0,0.0,0.0,0.0,0.0,0.0,0.0769230769230769,0.1420118343195266,0.2664693550105965,0.0,0.0,0.0,0.0,0.0,0.0,0.0,0.0,0.0,0.0,0.0,0.0,0.0,0.0,0.0,0.0,0.0,0.3846153846153846,0.4733727810650887,0.4865042554105199,0.0,0.0,0.0,0.0,0.0,0.0,0.0,0.0,0.0,0.0,-12,4.333333333333333,0,0.0,-21,3.8333333333333335,4.08333333333,5,0,2,-1,1,2,4,-0.0833333333299997,~
377,Harry,Maguire,DEF,MUN,?,"Maguire (DEF, ?)",14,627,0,8,0,0,1,0,0,0,4,0,0,11,7,1.0,0.0,1.0,0.3333333333333333,0.5773502691896257,74.0,16.0,64.5,25.5,27.33587386567329,0.0,0.0,0.7777777777777778,0.8641975308641976,1.227262335243029,23.0,23.0,34.833333333333336,31.90740740740741,35.59845502265512,0.0,0.0,0.0,0.0,0.0,0.0,0.0,0.4444444444444444,0.6419753086419753,0.8314794192830981,0.0,0.0,0.0,0.0,0.0,0.0,0.0,0.0,0.0,0.0,0.0,0.0,0.0555555555555555,0.1049382716049382,0.2290614236454256,0.0,0.0,0.0,0.0,0.0,0.0,0.0,0.0,0.0,0.0,0.0,0.0,0.0,0.0,0.0,0.0,0.0,0.2222222222222222,0.345679012345679,0.415739709641549,0.0,0.0,0.0,0.0,0.0,0.0,0.0,0.0,0.0,0.0,1.0,1.0,1.2727272727272727,0.9421487603305784,1.3545149477955762,58.0,32.0,57.0,26.181818181818183,28.463692982145133,0.0,0.0,0.0,0.0,0.0,0.0,0.0,0.7272727272727273,0.793388429752066,0.9620913858416692,0.0,0.0,0.0,0.0,0.0,0.0,0.0,0.0,0.0,0.0,0.0,0.0,0.0909090909090909,0.165289256198347,0.2874797872880344,0.0,0.0,0.0,0.0,0.0,0.0,0.0,0.0,0.0,0.0,0.0,0.0,0.0,0.0,0.0,0.0,0.0,0.3636363636363636,0.4628099173553718,0.4810456929208346,0.0,0.0,0.0,0.0,0.0,0.0,0.0,0.0,0.0,0.0,-12,0.0,-5,0.0,0,0.0,0.0,5,1,0,1,0,8,10,10.0,5↑
593,Matthijs,de Ligt,DEF,MUN,?,"De Ligt (DEF, ?)",42,1136,1,18,0,0,3,0,0,0,2,0,3,16,2,1.0,0.5,0.8333333333333334,0.5555555555555556,0.6871842709362768,59.5,24.5,47.833333333333336,31.88888888888889,35.5359755115229,1.0,1.0,2.333333333333333,2.2222222222222228,3.5118845842842465,82.0,8.0,63.11111111111112,28.740740740740737,33.79495177437155,0.0,0.0,0.0555555555555555,0.1049382716049382,0.2290614236454256,1.0,1.0,1.0,0.8888888888888888,1.1055415967851334,0.0,0.0,0.0,0.0,0.0,0.0,0.0,0.0,0.0,0.0,0.0,0.0,0.1666666666666666,0.2777777777777778,0.3726779962499649,0.0,0.0,0.0,0.0,0.0,0.0,0.0,0.0,0.0,0.0,0.0,0.0,0.0,0.0,0.0,0.0,0.0,0.1111111111111111,0.1975308641975308,0.3142696805273545,0.0,0.0,0.0,0.0,0.0,0.0,0.0,0.1666666666666666,0.3148148148148148,0.6871842709362769,1.0,1.0,2.625,2.390625,3.62068708949006,88.0,2.0,71.0,21.75,26.921181251943608,0.0,0.0,0.0625,0.1171875,0.2420614591379635,1.0,1.0,1.125,0.921875,1.1110243021644486,0.0,0.0,0.0,0.0,0.0,0.0,0.0,0.0,0.0,0.0,0.0,0.0,0.1875,0.3046875,0.3903123748998999,0.0,0.0,0.0,0.0,0.0,0.0,0.0,0.0,0.0,0.0,0.0,0.0,0.0,0.0,0.0,0.0,0.0,0.125,0.21875,0.3307189138830738,0.0,0.0,0.0,0.0,0.0,0.0,0.0,0.1875,0.3515625,0.7261843774138906,-12,3.666666666666667,-5,4.444444444444445,0,0.0,4.05555555556,5,1,0,2,1,1,5,0.9444444444400002,~
382,Mason,Mount,MID,MUN,?,"Mount (MID, ?)",8,243,0,4,0,0,1,0,0,0,2,0,0,8,10,1.0,0.0,0.6666666666666666,0.4444444444444444,0.4714045207910317,11.5,7.0,15.833333333333334,14.055555555555555,19.684314116123584,0.0,0.0,0.4444444444444444,0.54320987654321,0.5983516452371671,0.0,0.0,13.5,16.5,20.696886507663685,0.0,0.0,0.0,0.0,0.0,0.0,0.0,0.2222222222222222,0.3703703703703704,0.5328701692569688,0.0,0.0,0.0,0.0,0.0,0.0,0.0,0.0,0.0,0.0,0.0,0.0,0.0555555555555555,0.1049382716049382,0.2290614236454256,0.0,0.0,0.0,0.0,0.0,0.0,0.0,0.0,0.0,0.0,0.0,0.0,0.0,0.0,0.0,0.0,0.0,0.1111111111111111,0.1975308641975308,0.3142696805273545,0.0,0.0,0.0,0.0,0.0,0.0,0.0,0.0,0.0,0.0,1.0,0.0,1.0,0.25,0.5,26.5,17.5,30.375,20.125,21.2422780087259,0.0,0.0,0.0,0.0,0.0,0.0,0.0,0.5,0.625,0.7071067811865476,0.0,0.0,0.0,0.0,0.0,0.0,0.0,0.0,0.0,0.0,0.0,0.0,0.125,0.21875,0.3307189138830738,0.0,0.0,0.0,0.0,0.0,0.0,0.0,0.0,0.0,0.0,0.0,0.0,0.0,0.0,0.0,0.0,0.0,0.25,0.375,0.4330127018922193,0.0,0.0,0.0,0.0,0.0,0.0,0.0,0.0,0.0,0.0,-12,0.0,0,0.0,-21,0.0,0.0,5,0,0,0,0,0,0,0.0,~
572,Leny,Yoro,DEF,MUN,?,"Yoro (DEF, ?)",4,214,0,7,0,0,0,0,0,0,1,0,0,5,13,1.0,0.0,0.6666666666666666,0.4444444444444445,0.4714045207910317,38.0,25.5,35.666666666666664,21.666666666666668,24.30134884230823,0.0,0.0,0.2222222222222222,0.345679012345679,0.415739709641549,0.0,0.0,11.88888888888889,17.271604938271608,21.8984750582442,0.0,0.0,0.0,0.0,0.0,0.0,0.0,0.3888888888888889,0.6049382716049383,0.8258927081843614,0.0,0.0,0.0,0.0,0.0,0.0,0.0,0.0,0.0,0.0,0.0,0.0,0.0,0.0,0.0,0.0,0.0,0.0,0.0,0.0,0.0,0.0,0.0,0.0,0.0,0.0,0.0,0.0,0.0,0.0,0.0,0.0,0.0555555555555555,0.1049382716049382,0.2290614236454256,0.0,0.0,0.0,0.0,0.0,0.0,0.0,0.0,0.0,0.0,1.0,0.0,0.8,0.3199999999999999,0.4,45.0,17.0,42.8,17.44,20.083824337013105,0.0,0.0,0.0,0.0,0.0,1.0,1.0,1.4,0.8800000000000001,1.019803902718557,0.0,0.0,0.0,0.0,0.0,0.0,0.0,0.0,0.0,0.0,0.0,0.0,0.0,0.0,0.0,0.0,0.0,0.0,0.0,0.0,0.0,0.0,0.0,0.0,0.0,0.0,0.0,0.0,0.0,0.0,0.0,0.0,0.2,0.32,0.4,0.0,0.0,0.0,0.0,0.0,0.0,0.0,0.0,0.0,0.0,-12,0.0,-5,0.0,0,0.0,0.0,5,1,1,2,0,1,5,5.0,4↑
385,Marcus,Rashford,MID,MUN,?,"Rashford (MID, ?)",54,975,4,9,0,1,5,0,0,0,2,0,3,15,3,0.5,0.5,2.6666666666666665,3.777777777777778,5.08811250749125,15.5,15.5,25.33333333333333,25.33333333333333,32.07110156442332,2.0,1.0,3.0,2.6666666666666665,3.590109871423002,63.5,26.5,54.16666666666666,26.000000000000004,30.692471027562732,0.0,0.0,0.2222222222222222,0.3703703703703704,0.5328701692569688,0.0,0.0,0.5,0.6666666666666666,0.8333333333333334,0.0,0.0,0.0,0.0,0.0,0.0,0.0,0.0555555555555555,0.1049382716049382,0.2290614236454256,0.0,0.0,0.2777777777777778,0.4012345679012345,0.4479032082388083,0.0,0.0,0.0,0.0,0.0,0.0,0.0,0.0,0.0,0.0,0.0,0.0,0.0,0.0,0.0,0.0,0.0,0.1111111111111111,0.1975308641975308,0.3142696805273545,0.0,0.0,0.0,0.0,0.0,0.0,0.0,0.1666666666666666,0.2777777777777778,0.3726779962499649,2.0,1.0,3.6,2.8800000000000003,3.647830405414521,67.0,11.0,65.0,16.4,20.646226451016823,0.0,0.0,0.2666666666666666,0.4266666666666666,0.5734883511361751,0.0,0.0,0.6,0.72,0.8793937305515279,0.0,0.0,0.0,0.0,0.0,0.0,0.0,0.0666666666666666,0.1244444444444444,0.2494438257849294,0.0,0.0,0.3333333333333333,0.4444444444444444,0.4714045207910317,0.0,0.0,0.0,0.0,0.0,0.0,0.0,0.0,0.0,0.0,0.0,0.0,0.0,0.0,0.0,0.0,0.0,0.1333333333333333,0.2311111111111111,0.339934634239519,0.0,0.0,0.0,0.0,0.0,0.0,0.0,0.2,0.32,0.4,-12,8.666666666666666,0,0.0,-21,7.666666666666667,8.16666666667,5,0,0,0,0,0,0,-8.16666666667,5↓
365,Antony Matheus,dos Santos,MID,MUN,?,"Antony (MID, ?)",5,77,0,2,0,0,0,0,0,0,0,0,0,5,13,0.5,0.5,0.5,0.5,0.5,5.5,5.5,8.333333333333334,8.333333333333334,9.809292646374772,0.0,0.0,0.2777777777777778,0.4012345679012346,0.4479032082388083,0.0,0.0,4.277777777777778,6.54320987654321,8.633304733257361,0.0,0.0,0.0,0.0,0.0,0.0,0.0,0.1111111111111111,0.1975308641975308,0.3142696805273545,0.0,0.0,0.0,0.0,0.0,0.0,0.0,0.0,0.0,0.0,0.0,0.0,0.0,0.0,0.0,0.0,0.0,0.0,0.0,0.0,0.0,0.0,0.0,0.0,0.0,0.0,0.0,0.0,0.0,0.0,0.0,0.0,0.0,0.0,0.0,0.0,0.0,0.0,0.0,0.0,0.0,0.0,0.0,0.0,0.0,1.0,0.0,1.0,0.0,0.0,12.0,11.0,15.4,8.879999999999999,9.8508882848198,0.0,0.0,0.0,0.0,0.0,0.0,0.0,0.4,0.48,0.4898979485566356,0.0,0.0,0.0,0.0,0.0,0.0,0.0,0.0,0.0,0.0,0.0,0.0,0.0,0.0,0.0,0.0,0.0,0.0,0.0,0.0,0.0,0.0,0.0,0.0,0.0,0.0,0.0,0.0,0.0,0.0,0.0,0.0,0.0,0.0,0.0,0.0,0.0,0.0,0.0,0.0,0.0,0.0,0.0,0.0,0.0,-12,0.0,0,0.0,-21,0.0,0.0,5,1,0,1,1,0,3,3.0,3↑
368,Carlos Henrique,Casimiro,MID,MUN,?,"Casemiro (MID, ?)",30,770,1,12,0,0,3,0,0,0,1,0,3,13,5,0.0,0.0,0.6666666666666666,0.8888888888888888,1.1055415967851334,0.0,0.0,15.333333333333334,20.444444444444443,24.301348842308236,1.0,1.0,1.6666666666666667,1.4444444444444446,2.260776661041756,45.0,43.5,42.77777777777778,34.13580246913581,37.39957747170051,0.0,0.0,0.0555555555555555,0.1049382716049382,0.2290614236454256,0.0,0.0,0.6666666666666666,0.7407407407407407,0.816496580927726,0.0,0.0,0.0,0.0,0.0,0.0,0.0,0.0,0.0,0.0,0.0,0.0,0.1666666666666666,0.2777777777777778,0.3726779962499649,0.0,0.0,0.0,0.0,0.0,0.0,0.0,0.0,0.0,0.0,0.0,0.0,0.0,0.0,0.0,0.0,0.0,0.0555555555555555,0.1049382716049382,0.2290614236454256,0.0,0.0,0.0,0.0,0.0,0.0,0.0,0.1666666666666666,0.3148148148148148,0.6871842709362769,1.0,0.0,2.3076923076923075,1.5029585798816567,2.365931769112261,65.0,25.0,59.23076923076923,26.98224852071006,31.018986359855464,0.0,0.0,0.0769230769230769,0.1420118343195266,0.2664693550105965,1.0,1.0,0.9230769230769232,0.7100591715976331,0.8284868934053085,0.0,0.0,0.0,0.0,0.0,0.0,0.0,0.0,0.0,0.0,0.0,0.0,0.2307692307692307,0.3550295857988166,0.4213250442347432,0.0,0.0,0.0,0.0,0.0,0.0,0.0,0.0,0.0,0.0,0.0,0.0,0.0,0.0,0.0,0.0,0.0,0.0769230769230769,0.1420118343195266,0.2664693550105965,0.0,0.0,0.0,0.0,0.0,0.0,0.0,0.2307692307692307,0.4260355029585799,0.7994080650317895,-12,3.666666666666667,0,0.0,-21,2.666666666666667,3.16666666667,5,2,0,0,0,0,2,-1.1666666666699999,1↓
370,Christian,Eriksen,MID,MUN,?,"Eriksen (MID, ?)",17,532,0,5,0,0,3,0,0,0,2,0,0,10,8,0.0,0.0,0.1666666666666666,0.2777777777777777,0.372677996249965,0.0,0.0,4.5,7.5,10.062305898749054,1.0,1.0,0.9444444444444444,0.8395061728395061,0.9702360664762768,7.5,7.5,29.55555555555556,32.74074074074073,35.783643411515115,0.0,0.0,0.0,0.0,0.0,0.0,0.0,0.2777777777777778,0.4012345679012345,0.4479032082388083,0.0,0.0,0.0,0.0,0.0,0.0,0.0,0.0,0.0,0.0,0.0,0.0,0.1666666666666666,0.2777777777777778,0.3726779962499649,0.0,0.0,0.0,0.0,0.0,0.0,0.0,0.0,0.0,0.0,0.0,0.0,0.0,0.0,0.0,0.0,0.0,0.1111111111111111,0.1975308641975308,0.3142696805273545,0.0,0.0,0.0,0.0,0.0,0.0,0.0,0.0,0.0,0.0,2.0,0.5,1.7,0.5599999999999999,0.6403124237432849,69.5,20.5,53.2,30.56,32.356761271796046,0.0,0.0,0.0,0.0,0.0,0.5,0.5,0.5,0.5,0.5,0.0,0.0,0.0,0.0,0.0,0.0,0.0,0.0,0.0,0.0,0.0,0.0,0.3,0.42,0.4582575694955839,0.0,0.0,0.0,0.0,0.0,0.0,0.0,0.0,0.0,0.0,0.0,0.0,0.0,0.0,0.0,0.0,0.0,0.2,0.32,0.4000000000000001,0.0,0.0,0.0,0.0,0.0,0.0,0.0,0.0,0.0,0.0,-12,3.666666666666667,0,0.0,-21,2.666666666666667,3.16666666667,5,2,0,4,0,0,6,2.83333333333,3↑
376,Victor,Lindelöf,DEF,MUN,?,"Lindelof (DEF, ?)",4,59,0,1,0,0,0,0,0,0,1,0,0,5,13,0.0,0.0,0.1666666666666666,0.2777777777777778,0.372677996249965,0.0,0.0,0.1666666666666666,0.2777777777777778,0.372677996249965,0.0,0.0,0.2222222222222222,0.345679012345679,0.415739709641549,0.0,0.0,3.2777777777777777,5.24074074074074,10.289182861171108,0.0,0.0,0.0,0.0,0.0,0.0,0.0,0.0555555555555555,0.1049382716049382,0.2290614236454256,0.0,0.0,0.0,0.0,0.0,0.0,0.0,0.0,0.0,0.0,0.0,0.0,0.0,0.0,0.0,0.0,0.0,0.0,0.0,0.0,0.0,0.0,0.0,0.0,0.0,0.0,0.0,0.0,0.0,0.0,0.0,0.0,0.0555555555555555,0.1049382716049382,0.2290614236454256,0.0,0.0,0.0,0.0,0.0,0.0,0.0,0.0,0.0,0.0,1.0,0.0,0.8,0.3199999999999999,0.4000000000000001,6.0,5.0,11.8,13.279999999999998,16.749925372968086,0.0,0.0,0.0,0.0,0.0,0.0,0.0,0.2,0.32,0.4000000000000001,0.0,0.0,0.0,0.0,0.0,0.0,0.0,0.0,0.0,0.0,0.0,0.0,0.0,0.0,0.0,0.0,0.0,0.0,0.0,0.0,0.0,0.0,0.0,0.0,0.0,0.0,0.0,0.0,0.0,0.0,0.0,0.0,0.2,0.3199999999999999,0.4000000000000001,0.0,0.0,0.0,0.0,0.0,0.0,0.0,0.0,0.0,0.0,-12,0.0,-5,0.0,0,0.0,0.0,5,0,0,0,0,0,0,0.0,~
387,Luke,Shaw,DEF,MUN,?,"Shaw (DEF, ?)",2,68,0,0,0,0,0,0,0,0,0,0,0,2,16,0.0,0.0,0.1666666666666666,0.2777777777777778,0.372677996249965,0.0,0.0,5.666666666666667,9.444444444444445,12.671051872498806,0.0,0.0,0.1111111111111111,0.1975308641975308,0.3142696805273545,0.0,0.0,3.7777777777777777,6.716049382716049,10.68516913793005,0.0,0.0,0.0,0.0,0.0,0.0,0.0,0.0,0.0,0.0,0.0,0.0,0.0,0.0,0.0,0.0,0.0,0.0,0.0,0.0,0.0,0.0,0.0,0.0,0.0,0.0,0.0,0.0,0.0,0.0,0.0,0.0,0.0,0.0,0.0,0.0,0.0,0.0,0.0,0.0,0.0,0.0,0.0,0.0,0.0,0.0,0.0,0.0,0.0,0.0,0.0,0.0,0.0,0.0,0.0,1.0,0.0,1.0,0.0,0.0,34.0,0.0,34.0,0.0,0.0,0.0,0.0,0.0,0.0,0.0,0.0,0.0,0.0,0.0,0.0,0.0,0.0,0.0,0.0,0.0,0.0,0.0,0.0,0.0,0.0,0.0,0.0,0.0,0.0,0.0,0.0,0.0,0.0,0.0,0.0,0.0,0.0,0.0,0.0,0.0,0.0,0.0,0.0,0.0,0.0,0.0,0.0,0.0,0.0,0.0,0.0,0.0,0.0,0.0,0.0,0.0,0.0,0.0,0.0,0.0,-12,0.0,-5,0.0,0,0.0,0.0,5,0,0,0,0,0,0,0.0,~
379,Tyrell,Malacia,DEF,MUN,?,"Malacia (DEF, ?)",1,90,0,1,0,0,0,0,0,0,1,0,0,2,16,0.0,0.0,0.1666666666666666,0.2777777777777778,0.3726779962499649,0.0,0.0,15.0,20.0,21.213203435596427,0.0,0.0,0.0555555555555555,0.1049382716049382,0.2290614236454256,0.0,0.0,5.0,8.88888888888889,14.142135623730953,0.0,0.0,0.0,0.0,0.0,0.0,0.0,0.0555555555555555,0.1049382716049382,0.2290614236454256,0.0,0.0,0.0,0.0,0.0,0.0,0.0,0.0,0.0,0.0,0.0,0.0,0.0,0.0,0.0,0.0,0.0,0.0,0.0,0.0,0.0,0.0,0.0,0.0,0.0,0.0,0.0,0.0,0.0,0.0,0.0,0.0,0.0555555555555555,0.1049382716049382,0.2290614236454256,0.0,0.0,0.0,0.0,0.0,0.0,0.0,0.0,0.0,0.0,0.5,0.5,0.5,0.5,0.5,45.0,0.0,45.0,0.0,0.0,0.0,0.0,0.0,0.0,0.0,0.5,0.5,0.5,0.5,0.5,0.0,0.0,0.0,0.0,0.0,0.0,0.0,0.0,0.0,0.0,0.0,0.0,0.0,0.0,0.0,0.0,0.0,0.0,0.0,0.0,0.0,0.0,0.0,0.0,0.0,0.0,0.0,0.0,0.0,0.0,0.5,0.5,0.5,0.5,0.5,0.0,0.0,0.0,0.0,0.0,0.0,0.0,0.0,0.0,0.0,-12,0.0,-5,0.0,0,0.0,0.0,5,0,0,0,0,1,1,1.0,~
371,Jonny,Evans,DEF,MUN,?,"Evans (DEF, ?)",14,288,0,2,0,0,1,0,0,0,1,0,3,6,12,0.0,0.0,0.0,0.0,0.0,0.0,0.0,0.0,0.0,0.0,0.0,0.0,0.7777777777777778,1.0370370370370372,2.042752923427804,0.0,0.0,16.0,22.444444444444443,29.43920288775949,0.0,0.0,0.0,0.0,0.0,0.0,0.0,0.1111111111111111,0.1975308641975308,0.3142696805273545,0.0,0.0,0.0,0.0,0.0,0.0,0.0,0.0,0.0,0.0,0.0,0.0,0.0555555555555555,0.1049382716049382,0.2290614236454256,0.0,0.0,0.0,0.0,0.0,0.0,0.0,0.0,0.0,0.0,0.0,0.0,0.0,0.0,0.0,0.0,0.0,0.0555555555555555,0.1049382716049382,0.2290614236454256,0.0,0.0,0.0,0.0,0.0,0.0,0.0,0.1666666666666666,0.3148148148148148,0.6871842709362769,1.0,0.0,2.333333333333333,2.2222222222222223,2.981423969999719,44.0,33.0,48.0,29.666666666666668,32.61901286060018,0.0,0.0,0.0,0.0,0.0,0.0,0.0,0.3333333333333333,0.4444444444444445,0.4714045207910317,0.0,0.0,0.0,0.0,0.0,0.0,0.0,0.0,0.0,0.0,0.0,0.0,0.1666666666666666,0.2777777777777778,0.372677996249965,0.0,0.0,0.0,0.0,0.0,0.0,0.0,0.0,0.0,0.0,0.0,0.0,0.0,0.0,0.0,0.0,0.0,0.1666666666666666,0.2777777777777778,0.372677996249965,0.0,0.0,0.0,0.0,0.0,0.0,0.0,0.5,0.8333333333333334,1.118033988749895,-12,0.0,-5,0.0,0,0.0,0.0,5,0,0,0,0,0,0,0.0,~
381,Scott,McTominay,MID,MUN,?,"McTominay (MID, ?)",2,17,0,1,0,0,0,0,0,0,0,0,0,2,16,0.0,0.0,0.0,0.0,0.0,0.0,0.0,0.0,0.0,0.0,0.0,0.0,0.1111111111111111,0.1975308641975308,0.3142696805273545,0.0,0.0,0.9444444444444444,1.6790123456790125,2.798257835436228,0.0,0.0,0.0,0.0,0.0,0.0,0.0,0.0555555555555555,0.1049382716049382,0.2290614236454256,0.0,0.0,0.0,0.0,0.0,0.0,0.0,0.0,0.0,0.0,0.0,0.0,0.0,0.0,0.0,0.0,0.0,0.0,0.0,0.0,0.0,0.0,0.0,0.0,0.0,0.0,0.0,0.0,0.0,0.0,0.0,0.0,0.0,0.0,0.0,0.0,0.0,0.0,0.0,0.0,0.0,0.0,0.0,0.0,0.0,1.0,0.0,1.0,0.0,0.0,8.5,2.5,8.5,2.5,2.5,0.0,0.0,0.0,0.0,0.0,0.5,0.5,0.5,0.5,0.5,0.0,0.0,0.0,0.0,0.0,0.0,0.0,0.0,0.0,0.0,0.0,0.0,0.0,0.0,0.0,0.0,0.0,0.0,0.0,0.0,0.0,0.0,0.0,0.0,0.0,0.0,0.0,0.0,0.0,0.0,0.0,0.0,0.0,0.0,0.0,0.0,0.0,0.0,0.0,0.0,0.0,0.0,0.0,0.0,0.0,-12,0.0,0,0.0,-21,0.0,0.0,5,0,0,0,0,0,0,0.0,~
613,Toby,Collyer,MID,MUN,?,"Collyer (MID, ?)",1,45,0,1,0,0,0,0,0,0,0,0,0,1,17,0.0,0.0,0.0,0.0,0.0,0.0,0.0,0.0,0.0,0.0,0.0,0.0,0.0555555555555555,0.1049382716049382,0.2290614236454256,0.0,0.0,2.5,4.722222222222222,10.307764064044152,0.0,0.0,0.0,0.0,0.0,0.0,0.0,0.0555555555555555,0.1049382716049382,0.2290614236454256,0.0,0.0,0.0,0.0,0.0,0.0,0.0,0.0,0.0,0.0,0.0,0.0,0.0,0.0,0.0,0.0,0.0,0.0,0.0,0.0,0.0,0.0,0.0,0.0,0.0,0.0,0.0,0.0,0.0,0.0,0.0,0.0,0.0,0.0,0.0,0.0,0.0,0.0,0.0,0.0,0.0,0.0,0.0,0.0,0.0,1.0,0.0,1.0,0.0,0.0,45.0,0.0,45.0,0.0,0.0,0.0,0.0,0.0,0.0,0.0,1.0,0.0,1.0,0.0,0.0,0.0,0.0,0.0,0.0,0.0,0.0,0.0,0.0,0.0,0.0,0.0,0.0,0.0,0.0,0.0,0.0,0.0,0.0,0.0,0.0,0.0,0.0,0.0,0.0,0.0,0.0,0.0,0.0,0.0,0.0,0.0,0.0,0.0,0.0,0.0,0.0,0.0,0.0,0.0,0.0,0.0,0.0,0.0,0.0,0.0,-12,0.0,0,0.0,-21,0.0,0.0,5,0,0,1,1,1,3,3.0,3↑
367,Altay,Bayindir,GKP,MUN,?,"Bayindir (GKP, ?)",0,0,0,0,0,0,0,0,0,0,0,0,0,0,18,0.0,0.0,0.0,0.0,0.0,0.0,0.0,0.0,0.0,0.0,0.0,0.0,0.0,0.0,0.0,0.0,0.0,0.0,0.0,0.0,0.0,0.0,0.0,0.0,0.0,0.0,0.0,0.0,0.0,0.0,0.0,0.0,0.0,0.0,0.0,0.0,0.0,0.0,0.0,0.0,0.0,0.0,0.0,0.0,0.0,0.0,0.0,0.0,0.0,0.0,0.0,0.0,0.0,0.0,0.0,0.0,0.0,0.0,0.0,0.0,0.0,0.0,0.0,0.0,0.0,0.0,0.0,0.0,0.0,0.0,0.0,0.0,0.0,0.0,0.0,0.0,0.0,0.0,0.0,0.0,0.0,0.0,0.0,0.0,0.0,0.0,0.0,0.0,0.0,0.0,0.0,0.0,0.0,0.0,0.0,0.0,0.0,0.0,0.0,0.0,0.0,0.0,0.0,0.0,0.0,0.0,0.0,0.0,0.0,0.0,0.0,0.0,0.0,0.0,0.0,0.0,0.0,0.0,0.0,0.0,0.0,0.0,0.0,0.0,0.0,0.0,0.0,0.0,0.0,0.0,0.0,0.0,0.0,0.0,0.0,0.0,0.0,0.0,0.0,0.0,-12,0.0,-5,0.0,0,0.0,0.0,5,0,0,0,0,0,0,0.0,~
373,Hannibal,Mejbri,MID,MUN,?,"Hannibal (MID, ?)",0,0,0,0,0,0,0,0,0,0,0,0,0,0,18,0.0,0.0,0.0,0.0,0.0,0.0,0.0,0.0,0.0,0.0,0.0,0.0,0.0,0.0,0.0,0.0,0.0,0.0,0.0,0.0,0.0,0.0,0.0,0.0,0.0,0.0,0.0,0.0,0.0,0.0,0.0,0.0,0.0,0.0,0.0,0.0,0.0,0.0,0.0,0.0,0.0,0.0,0.0,0.0,0.0,0.0,0.0,0.0,0.0,0.0,0.0,0.0,0.0,0.0,0.0,0.0,0.0,0.0,0.0,0.0,0.0,0.0,0.0,0.0,0.0,0.0,0.0,0.0,0.0,0.0,0.0,0.0,0.0,0.0,0.0,0.0,0.0,0.0,0.0,0.0,0.0,0.0,0.0,0.0,0.0,0.0,0.0,0.0,0.0,0.0,0.0,0.0,0.0,0.0,0.0,0.0,0.0,0.0,0.0,0.0,0.0,0.0,0.0,0.0,0.0,0.0,0.0,0.0,0.0,0.0,0.0,0.0,0.0,0.0,0.0,0.0,0.0,0.0,0.0,0.0,0.0,0.0,0.0,0.0,0.0,0.0,0.0,0.0,0.0,0.0,0.0,0.0,0.0,0.0,0.0,0.0,0.0,0.0,0.0,0.0,-12,0.0,0,0.0,-21,0.0,0.0,5,0,0,0,0,0,0,0.0,~
374,Tom,Heaton,GKP,MUN,?,"Heaton (GKP, ?)",0,0,0,0,0,0,0,0,0,0,0,0,0,0,18,0.0,0.0,0.0,0.0,0.0,0.0,0.0,0.0,0.0,0.0,0.0,0.0,0.0,0.0,0.0,0.0,0.0,0.0,0.0,0.0,0.0,0.0,0.0,0.0,0.0,0.0,0.0,0.0,0.0,0.0,0.0,0.0,0.0,0.0,0.0,0.0,0.0,0.0,0.0,0.0,0.0,0.0,0.0,0.0,0.0,0.0,0.0,0.0,0.0,0.0,0.0,0.0,0.0,0.0,0.0,0.0,0.0,0.0,0.0,0.0,0.0,0.0,0.0,0.0,0.0,0.0,0.0,0.0,0.0,0.0,0.0,0.0,0.0,0.0,0.0,0.0,0.0,0.0,0.0,0.0,0.0,0.0,0.0,0.0,0.0,0.0,0.0,0.0,0.0,0.0,0.0,0.0,0.0,0.0,0.0,0.0,0.0,0.0,0.0,0.0,0.0,0.0,0.0,0.0,0.0,0.0,0.0,0.0,0.0,0.0,0.0,0.0,0.0,0.0,0.0,0.0,0.0,0.0,0.0,0.0,0.0,0.0,0.0,0.0,0.0,0.0,0.0,0.0,0.0,0.0,0.0,0.0,0.0,0.0,0.0,0.0,0.0,0.0,0.0,0.0,-12,0.0,-5,0.0,0,0.0,0.0,5,0,0,0,0,0,0,0.0,~
384,Facundo,Pellistri Rebollo,MID,MUN,?,"Pellistri (MID, ?)",0,0,0,0,0,0,0,0,0,0,0,0,0,0,18,0.0,0.0,0.0,0.0,0.0,0.0,0.0,0.0,0.0,0.0,0.0,0.0,0.0,0.0,0.0,0.0,0.0,0.0,0.0,0.0,0.0,0.0,0.0,0.0,0.0,0.0,0.0,0.0,0.0,0.0,0.0,0.0,0.0,0.0,0.0,0.0,0.0,0.0,0.0,0.0,0.0,0.0,0.0,0.0,0.0,0.0,0.0,0.0,0.0,0.0,0.0,0.0,0.0,0.0,0.0,0.0,0.0,0.0,0.0,0.0,0.0,0.0,0.0,0.0,0.0,0.0,0.0,0.0,0.0,0.0,0.0,0.0,0.0,0.0,0.0,0.0,0.0,0.0,0.0,0.0,0.0,0.0,0.0,0.0,0.0,0.0,0.0,0.0,0.0,0.0,0.0,0.0,0.0,0.0,0.0,0.0,0.0,0.0,0.0,0.0,0.0,0.0,0.0,0.0,0.0,0.0,0.0,0.0,0.0,0.0,0.0,0.0,0.0,0.0,0.0,0.0,0.0,0.0,0.0,0.0,0.0,0.0,0.0,0.0,0.0,0.0,0.0,0.0,0.0,0.0,0.0,0.0,0.0,0.0,0.0,0.0,0.0,0.0,0.0,0.0,-12,0.0,0,0.0,-21,0.0,0.0,5,0,0,0,0,0,0,0.0,~
648,Ethan,Wheatley,FWD,MUN,?,"Wheatley (FWD, ?)",0,0,0,0,0,0,0,0,0,0,0,0,0,0,18,0.0,0.0,0.0,0.0,0.0,0.0,0.0,0.0,0.0,0.0,0.0,0.0,0.0,0.0,0.0,0.0,0.0,0.0,0.0,0.0,0.0,0.0,0.0,0.0,0.0,0.0,0.0,0.0,0.0,0.0,0.0,0.0,0.0,0.0,0.0,0.0,0.0,0.0,0.0,0.0,0.0,0.0,0.0,0.0,0.0,0.0,0.0,0.0,0.0,0.0,0.0,0.0,0.0,0.0,0.0,0.0,0.0,0.0,0.0,0.0,0.0,0.0,0.0,0.0,0.0,0.0,0.0,0.0,0.0,0.0,0.0,0.0,0.0,0.0,0.0,0.0,0.0,0.0,0.0,0.0,0.0,0.0,0.0,0.0,0.0,0.0,0.0,0.0,0.0,0.0,0.0,0.0,0.0,0.0,0.0,0.0,0.0,0.0,0.0,0.0,0.0,0.0,0.0,0.0,0.0,0.0,0.0,0.0,0.0,0.0,0.0,0.0,0.0,0.0,0.0,0.0,0.0,0.0,0.0,0.0,0.0,0.0,0.0,0.0,0.0,0.0,0.0,0.0,0.0,0.0,0.0,0.0,0.0,0.0,0.0,0.0,0.0,0.0,0.0,0.0,-12,0.0,0,0.0,-21,0.0,0.0,5,0,0,0,0,0,0,0.0,~
667,Jack,Fletcher,MID,MUN,?,"Fletcher (MID, ?)",0,0,0,0,0,0,0,0,0,0,0,0,0,0,18,0.0,0.0,0.0,0.0,0.0,0.0,0.0,0.0,0.0,0.0,0.0,0.0,0.0,0.0,0.0,0.0,0.0,0.0,0.0,0.0,0.0,0.0,0.0,0.0,0.0,0.0,0.0,0.0,0.0,0.0,0.0,0.0,0.0,0.0,0.0,0.0,0.0,0.0,0.0,0.0,0.0,0.0,0.0,0.0,0.0,0.0,0.0,0.0,0.0,0.0,0.0,0.0,0.0,0.0,0.0,0.0,0.0,0.0,0.0,0.0,0.0,0.0,0.0,0.0,0.0,0.0,0.0,0.0,0.0,0.0,0.0,0.0,0.0,0.0,0.0,0.0,0.0,0.0,0.0,0.0,0.0,0.0,0.0,0.0,0.0,0.0,0.0,0.0,0.0,0.0,0.0,0.0,0.0,0.0,0.0,0.0,0.0,0.0,0.0,0.0,0.0,0.0,0.0,0.0,0.0,0.0,0.0,0.0,0.0,0.0,0.0,0.0,0.0,0.0,0.0,0.0,0.0,0.0,0.0,0.0,0.0,0.0,0.0,0.0,0.0,0.0,0.0,0.0,0.0,0.0,0.0,0.0,0.0,0.0,0.0,0.0,0.0,0.0,0.0,0.0,-12,0.0,0,0.0,-21,0.0,0.0,5,0,0,0,0,0,0,0.0,~
670,Harry,Amass,DEF,MUN,?,"Amass (DEF, ?)",0,0,0,0,0,0,0,0,0,0,0,0,0,0,18,0.0,0.0,0.0,0.0,0.0,0.0,0.0,0.0,0.0,0.0,0.0,0.0,0.0,0.0,0.0,0.0,0.0,0.0,0.0,0.0,0.0,0.0,0.0,0.0,0.0,0.0,0.0,0.0,0.0,0.0,0.0,0.0,0.0,0.0,0.0,0.0,0.0,0.0,0.0,0.0,0.0,0.0,0.0,0.0,0.0,0.0,0.0,0.0,0.0,0.0,0.0,0.0,0.0,0.0,0.0,0.0,0.0,0.0,0.0,0.0,0.0,0.0,0.0,0.0,0.0,0.0,0.0,0.0,0.0,0.0,0.0,0.0,0.0,0.0,0.0,0.0,0.0,0.0,0.0,0.0,0.0,0.0,0.0,0.0,0.0,0.0,0.0,0.0,0.0,0.0,0.0,0.0,0.0,0.0,0.0,0.0,0.0,0.0,0.0,0.0,0.0,0.0,0.0,0.0,0.0,0.0,0.0,0.0,0.0,0.0,0.0,0.0,0.0,0.0,0.0,0.0,0.0,0.0,0.0,0.0,0.0,0.0,0.0,0.0,0.0,0.0,0.0,0.0,0.0,0.0,0.0,0.0,0.0,0.0,0.0,0.0,0.0,0.0,0.0,0.0,-12,0.0,-5,0.0,0,0.0,0.0,5,0,0,0,0,0,0,0.0,~
673,Jayce,Fitzgerald,MID,MUN,?,"Fitzgerald (MID, ?)",0,0,0,0,0,0,0,0,0,0,0,0,0,0,18,0.0,0.0,0.0,0.0,0.0,0.0,0.0,0.0,0.0,0.0,0.0,0.0,0.0,0.0,0.0,0.0,0.0,0.0,0.0,0.0,0.0,0.0,0.0,0.0,0.0,0.0,0.0,0.0,0.0,0.0,0.0,0.0,0.0,0.0,0.0,0.0,0.0,0.0,0.0,0.0,0.0,0.0,0.0,0.0,0.0,0.0,0.0,0.0,0.0,0.0,0.0,0.0,0.0,0.0,0.0,0.0,0.0,0.0,0.0,0.0,0.0,0.0,0.0,0.0,0.0,0.0,0.0,0.0,0.0,0.0,0.0,0.0,0.0,0.0,0.0,0.0,0.0,0.0,0.0,0.0,0.0,0.0,0.0,0.0,0.0,0.0,0.0,0.0,0.0,0.0,0.0,0.0,0.0,0.0,0.0,0.0,0.0,0.0,0.0,0.0,0.0,0.0,0.0,0.0,0.0,0.0,0.0,0.0,0.0,0.0,0.0,0.0,0.0,0.0,0.0,0.0,0.0,0.0,0.0,0.0,0.0,0.0,0.0,0.0,0.0,0.0,0.0,0.0,0.0,0.0,0.0,0.0,0.0,0.0,0.0,0.0,0.0,0.0,0.0,0.0,-12,0.0,0,0.0,-21,0.0,0.0,5,0,0,0,0,0,0,0.0,~
691,Godwill,Kukonki,DEF,MUN,?,"Kukonki (DEF, ?)",0,0,0,0,0,0,0,0,0,0,0,0,0,0,18,0.0,0.0,0.0,0.0,0.0,0.0,0.0,0.0,0.0,0.0,0.0,0.0,0.0,0.0,0.0,0.0,0.0,0.0,0.0,0.0,0.0,0.0,0.0,0.0,0.0,0.0,0.0,0.0,0.0,0.0,0.0,0.0,0.0,0.0,0.0,0.0,0.0,0.0,0.0,0.0,0.0,0.0,0.0,0.0,0.0,0.0,0.0,0.0,0.0,0.0,0.0,0.0,0.0,0.0,0.0,0.0,0.0,0.0,0.0,0.0,0.0,0.0,0.0,0.0,0.0,0.0,0.0,0.0,0.0,0.0,0.0,0.0,0.0,0.0,0.0,0.0,0.0,0.0,0.0,0.0,0.0,0.0,0.0,0.0,0.0,0.0,0.0,0.0,0.0,0.0,0.0,0.0,0.0,0.0,0.0,0.0,0.0,0.0,0.0,0.0,0.0,0.0,0.0,0.0,0.0,0.0,0.0,0.0,0.0,0.0,0.0,0.0,0.0,0.0,0.0,0.0,0.0,0.0,0.0,0.0,0.0,0.0,0.0,0.0,0.0,0.0,0.0,0.0,0.0,0.0,0.0,0.0,0.0,0.0,0.0,0.0,0.0,0.0,0.0,0.0,-12,0.0,-5,0.0,0,0.0,0.0,5,0,0,0,0,0,0,0.0,~
401,Alexander,Isak,FWD,NEW,?,"Isak (FWD, ?)",105,1290,11,19,0,4,5,0,0,0,0,0,19,16,2,9.5,1.5,9.333333333333334,3.6666666666666665,4.784233364802441,81.0,9.0,72.5,17.5,24.397745797511703,5.5,3.5,5.833333333333333,4.166666666666667,4.763868642652151,90.0,0.0,71.66666666666667,24.51851851851852,31.25522178594945,0.5,0.5,0.6111111111111112,0.6111111111111112,0.7556372504853025,1.0,1.0,1.0555555555555556,0.969135802469136,1.2234841969747354,0.0,0.0,0.0,0.0,0.0,0.0,0.0,0.2222222222222222,0.345679012345679,0.415739709641549,0.0,0.0,0.2777777777777778,0.4012345679012346,0.4479032082388083,0.0,0.0,0.0,0.0,0.0,0.0,0.0,0.0,0.0,0.0,0.0,0.0,0.0,0.0,0.0,0.0,0.0,0.0,0.0,0.0,0.0,0.0,0.0,0.0,0.0,0.0,0.0,1.0555555555555556,1.1728395061728396,1.2234841969747356,7.0,4.0,6.5625,3.9375,4.554788002750512,90.0,0.0,80.625,14.0625,19.4096464419113,1.0,0.5,0.6875,0.6015625,0.7680128579652817,1.0,1.0,1.1875,1.0078125,1.2358574958303243,0.0,0.0,0.0,0.0,0.0,0.0,0.0,0.25,0.375,0.4330127018922193,0.0,0.0,0.3125,0.4296875,0.4635124054434789,0.0,0.0,0.0,0.0,0.0,0.0,0.0,0.0,0.0,0.0,0.0,0.0,0.0,0.0,0.0,0.0,0.0,0.0,0.0,0.0,0.0,0.0,0.0,0.0,0.0,1.0,1.0,1.1875,1.1875,1.2358574958303243,14,32.94444444444444,0,0.0,3,28.666666666666664,30.80555555556,5,7,7,16,2,13,45,14.194444444439998,6↑
402,Jacob,Murphy,MID,NEW,?,"J.Murphy (MID, ?)",61,850,3,10,0,6,4,0,0,0,2,0,3,15,3,6.5,5.5,6.833333333333333,4.166666666666667,4.946940693218609,63.0,7.0,55.833333333333336,18.611111111111104,25.732059553966696,2.0,1.5,3.388888888888889,2.962962962962963,3.903543815686927,58.0,24.0,47.22222222222222,25.753086419753085,29.19199958047021,0.0,0.0,0.1666666666666666,0.2962962962962963,0.4999999999999999,0.0,0.0,0.5555555555555556,0.6790123456790123,0.8314794192830981,0.0,0.0,0.0,0.0,0.0,0.0,0.0,0.3333333333333333,0.4814814814814815,0.5773502691896257,0.0,0.0,0.2222222222222222,0.345679012345679,0.415739709641549,0.0,0.0,0.0,0.0,0.0,0.0,0.0,0.0,0.0,0.0,0.0,0.0,0.0,0.0,0.0,0.0,0.0,0.1111111111111111,0.1975308641975308,0.3142696805273545,0.0,0.0,0.0,0.0,0.0,0.0,0.0,0.1666666666666666,0.2962962962962963,0.4999999999999999,2.0,1.0,4.066666666666666,3.031111111111111,3.940671121635107,63.0,14.0,56.66666666666666,18.311111111111117,22.077640775731048,0.0,0.0,0.2,0.3466666666666667,0.5416025603090641,0.0,0.0,0.6666666666666666,0.711111111111111,0.8692269873603532,0.0,0.0,0.0,0.0,0.0,0.0,0.0,0.4,0.5333333333333333,0.6110100926607788,0.0,0.0,0.2666666666666666,0.3911111111111111,0.4422166387140533,0.0,0.0,0.0,0.0,0.0,0.0,0.0,0.0,0.0,0.0,0.0,0.0,0.0,0.0,0.0,0.0,0.0,0.1333333333333333,0.2311111111111111,0.339934634239519,0.0,0.0,0.0,0.0,0.0,0.0,0.0,0.2,0.3466666666666667,0.5416025603090641,14,12.333333333333334,0,0.0,3,10.5,11.41666666667,5,3,5,3,2,6,19,7.58333333333,5↑
398,Anthony,Gordon,MID,NEW,?,"Gordon (MID, ?)",77,1350,4,14,0,4,7,0,0,1,1,0,8,17,1,6.0,1.5,6.0,2.0,2.768874620972692,78.5,6.0,72.83333333333333,14.27777777777778,19.886483405122743,2.5,2.0,4.277777777777778,2.864197530864198,3.193840522623291,83.0,7.0,75.0,15.0,22.87890828786296,0.0,0.0,0.2222222222222222,0.345679012345679,0.415739709641549,1.0,1.0,0.7777777777777778,0.6913580246913581,0.8534606386520677,0.0,0.0,0.0,0.0,0.0,0.0,0.0,0.2222222222222222,0.345679012345679,0.415739709641549,0.0,0.0,0.3888888888888889,0.4753086419753086,0.4874980215217846,0.0,0.0,0.0,0.0,0.0,0.0,0.0,0.0,0.0,0.0,0.0,0.0,0.0555555555555555,0.1049382716049382,0.2290614236454256,0.0,0.0,0.0555555555555555,0.1049382716049382,0.2290614236454256,0.0,0.0,0.0,0.0,0.0,0.0,0.0,0.4444444444444444,0.691358024691358,0.8958064164776166,3.0,2.0,4.529411764705882,2.795847750865052,3.108198779675978,84.0,6.0,79.41176470588235,9.467128027681662,14.278980123118084,0.0,0.0,0.2352941176470588,0.3598615916955017,0.4241825029957634,1.0,1.0,0.8235294117647058,0.6782006920415226,0.8564835163859433,0.0,0.0,0.0,0.0,0.0,0.0,0.0,0.2352941176470588,0.3598615916955017,0.4241825029957634,0.0,0.0,0.4117647058823529,0.4844290657439445,0.4921529567847503,0.0,0.0,0.0,0.0,0.0,0.0,0.0,0.0,0.0,0.0,0.0,0.0,0.0588235294117647,0.1107266435986159,0.2352941176470588,0.0,0.0,0.0588235294117647,0.1107266435986159,0.2352941176470588,0.0,0.0,0.0,0.0,0.0,0.0,0.0,0.4705882352941176,0.7197231833910035,0.9150793638884732,14,15.61111111111111,0,0.0,3,13.166666666666666,14.38888888889,5,6,7,9,2,5,29,14.61111111111,6↑
415,Fabian,Schär,DEF,NEW,?,"Schär (DEF, ?)",50,1377,2,19,0,0,5,0,0,0,4,1,0,16,2,6.0,0.5,4.5,2.333333333333333,2.565800719723442,90.0,0.0,90.0,0.0,0.0,2.0,2.0,2.7777777777777777,2.617283950617284,2.8974232912011773,90.0,0.0,76.5,22.5,30.63086678499321,0.0,0.0,0.1111111111111111,0.1975308641975308,0.3142696805273545,1.0,1.0,1.0555555555555556,0.969135802469136,1.2234841969747356,0.0,0.0,0.0,0.0,0.0,0.0,0.0,0.0,0.0,0.0,0.0,0.0,0.2777777777777778,0.4012345679012346,0.4479032082388083,0.0,0.0,0.0,0.0,0.0,0.0,0.0,0.0,0.0,0.0,0.0,0.0,0.0,0.0,0.0,0.0,0.0,0.2222222222222222,0.345679012345679,0.415739709641549,0.0,0.0,0.0555555555555555,0.1049382716049382,0.2290614236454256,0.0,0.0,0.0,0.0,0.0,2.0,2.5,3.125,2.640625,2.8912583765550943,90.0,0.0,86.0625,7.3828125,15.249871925691703,0.0,0.0,0.125,0.21875,0.3307189138830738,1.0,1.0,1.1875,1.0078125,1.2358574958303243,0.0,0.0,0.0,0.0,0.0,0.0,0.0,0.0,0.0,0.0,0.0,0.0,0.3125,0.4296875,0.4635124054434789,0.0,0.0,0.0,0.0,0.0,0.0,0.0,0.0,0.0,0.0,0.0,0.0,0.0,0.0,0.0,0.0,0.0,0.25,0.375,0.4330127018922193,0.0,0.0,0.0625,0.1171875,0.2420614591379635,0.0,0.0,0.0,0.0,0.0,14,13.11111111111111,8,11.77777777777778,0,0.0,12.44444444444,5,5,0,0,0,2,7,-5.44444444444,4↓
394,Bruno,Guimarães Rodriguez Moura,MID,NEW,?,"Bruno G. (MID, ?)",59,1565,1,21,0,4,6,0,0,0,3,0,3,18,0,5.0,2.5,4.833333333333333,2.5,2.544056253745625,90.0,0.0,83.66666666666667,8.444444444444443,10.077477638553985,2.0,1.0,3.2777777777777777,1.7654320987654322,2.206192183518309,90.0,0.0,86.94444444444444,4.413580246913581,6.5952189941083015,0.0,0.0,0.0555555555555555,0.1049382716049382,0.2290614236454256,1.0,1.0,1.1666666666666667,0.9074074074074072,1.1666666666666667,0.0,0.0,0.0,0.0,0.0,0.0,0.0,0.2222222222222222,0.3703703703703703,0.5328701692569688,0.0,0.0,0.3333333333333333,0.4444444444444444,0.4714045207910317,0.0,0.0,0.0,0.0,0.0,0.0,0.0,0.0,0.0,0.0,0.0,0.0,0.0,0.0,0.0,0.0,0.0,0.1666666666666666,0.2777777777777778,0.3726779962499649,0.0,0.0,0.0,0.0,0.0,0.0,0.0,0.1666666666666666,0.2962962962962963,0.4999999999999999,2.0,1.0,3.2777777777777777,1.7654320987654322,2.206192183518309,90.0,0.0,86.94444444444444,4.413580246913581,6.5952189941083015,0.0,0.0,0.0555555555555555,0.1049382716049382,0.2290614236454256,1.0,1.0,1.1666666666666667,0.9074074074074072,1.1666666666666667,0.0,0.0,0.0,0.0,0.0,0.0,0.0,0.2222222222222222,0.3703703703703703,0.5328701692569688,0.0,0.0,0.3333333333333333,0.4444444444444444,0.4714045207910317,0.0,0.0,0.0,0.0,0.0,0.0,0.0,0.0,0.0,0.0,0.0,0.0,0.0,0.0,0.0,0.0,0.0,0.1666666666666666,0.2777777777777778,0.3726779962499649,0.0,0.0,0.0,0.0,0.0,0.0,0.0,0.1666666666666666,0.2962962962962963,0.4999999999999999,14,11.555555555555555,0,0.0,3,10.333333333333332,10.94444444444,5,3,6,6,9,2,26,15.05555555556,6↑
395,Dan,Burn,DEF,NEW,?,"Burn (DEF, ?)",50,1530,0,19,1,0,6,0,0,0,5,0,4,17,1,5.0,1.0,3.8333333333333335,2.222222222222222,2.4776781245530843,90.0,0.0,90.0,0.0,0.0,1.0,1.0,2.7777777777777777,2.3950617283950617,2.593915006650834,90.0,0.0,85.0,9.444444444444445,20.615528128088304,0.0,0.0,0.0,0.0,0.0,1.0,1.0,1.0555555555555556,0.8641975308641975,1.1772011166898384,0.0,0.0,0.0555555555555555,0.1049382716049382,0.2290614236454256,0.0,0.0,0.0,0.0,0.0,0.0,0.0,0.3333333333333333,0.4444444444444444,0.4714045207910317,0.0,0.0,0.0,0.0,0.0,0.0,0.0,0.0,0.0,0.0,0.0,0.0,0.0,0.0,0.0,0.0,0.0,0.2777777777777778,0.4012345679012346,0.4479032082388083,0.0,0.0,0.0,0.0,0.0,0.0,0.0,0.2222222222222222,0.3950617283950617,0.628539361054709,1.0,1.0,2.9411764705882355,2.401384083044983,2.57751791767137,90.0,0.0,90.0,0.0,0.0,0.0,0.0,0.0,0.0,0.0,1.0,1.0,1.1176470588235294,0.8858131487889274,1.1823383083671637,0.0,0.0,0.0588235294117647,0.1107266435986159,0.2352941176470588,0.0,0.0,0.0,0.0,0.0,0.0,0.0,0.3529411764705882,0.4567474048442907,0.4778846120374094,0.0,0.0,0.0,0.0,0.0,0.0,0.0,0.0,0.0,0.0,0.0,0.0,0.0,0.0,0.0,0.0,0.0,0.2941176470588235,0.4152249134948096,0.4556450995538137,0.0,0.0,0.0,0.0,0.0,0.0,0.0,0.2352941176470588,0.4152249134948097,0.6443794794178425,14,6.555555555555555,8,5.888888888888889,0,0.0,6.22222222222,5,7,1,6,0,2,16,9.777777777779999,5↑
399,Lewis,Hall,DEF,NEW,?,"Hall (DEF, ?)",65,1407,0,16,0,3,6,0,0,0,3,0,6,18,0,4.0,3.0,5.333333333333333,4.000000000000001,4.921607686744467,90.0,0.0,88.66666666666667,2.222222222222219,2.981423969999719,2.0,1.0,3.611111111111111,2.746913580246913,3.561193446786077,90.0,0.0,78.16666666666667,17.29629629629629,22.85035861619876,0.0,0.0,0.0,0.0,0.0,1.0,1.0,0.8888888888888888,0.7901234567901235,0.9938079899999066,0.0,0.0,0.0,0.0,0.0,0.0,0.0,0.1666666666666666,0.2962962962962963,0.4999999999999999,0.0,0.0,0.3333333333333333,0.4444444444444444,0.4714045207910317,0.0,0.0,0.0,0.0,0.0,0.0,0.0,0.0,0.0,0.0,0.0,0.0,0.0,0.0,0.0,0.0,0.0,0.1666666666666666,0.2777777777777778,0.3726779962499649,0.0,0.0,0.0,0.0,0.0,0.0,0.0,0.3333333333333333,0.5555555555555556,0.816496580927726,2.0,1.0,3.611111111111111,2.746913580246913,3.561193446786077,90.0,0.0,78.16666666666667,17.29629629629629,22.85035861619876,0.0,0.0,0.0,0.0,0.0,1.0,1.0,0.8888888888888888,0.7901234567901235,0.9938079899999066,0.0,0.0,0.0,0.0,0.0,0.0,0.0,0.1666666666666666,0.2962962962962963,0.4999999999999999,0.0,0.0,0.3333333333333333,0.4444444444444444,0.4714045207910317,0.0,0.0,0.0,0.0,0.0,0.0,0.0,0.0,0.0,0.0,0.0,0.0,0.0,0.0,0.0,0.0,0.0,0.1666666666666666,0.2777777777777778,0.3726779962499649,0.0,0.0,0.0,0.0,0.0,0.0,0.0,0.3333333333333333,0.5555555555555556,0.816496580927726,14,11.555555555555555,8,10.88888888888889,0,0.0,11.22222222222,5,12,2,6,4,2,26,14.77777777778,6↑
396,Martin,Dúbravka,GKP,NEW,?,"Dúbravka (GKP, ?)",18,270,0,0,0,0,3,4,0,0,0,0,0,3,15,3.0,3.0,3.0,3.0,3.0,45.0,45.0,45.0,45.0,45.0,0.0,0.0,1.0,1.6666666666666667,2.23606797749979,0.0,0.0,15.0,25.0,33.54101966249684,0.0,0.0,0.0,0.0,0.0,0.0,0.0,0.0,0.0,0.0,0.0,0.0,0.0,0.0,0.0,0.0,0.0,0.0,0.0,0.0,0.0,0.0,0.1666666666666666,0.2777777777777778,0.3726779962499649,0.0,0.0,0.2222222222222222,0.3703703703703704,0.5328701692569688,0.0,0.0,0.0,0.0,0.0,0.0,0.0,0.0,0.0,0.0,0.0,0.0,0.0,0.0,0.0,0.0,0.0,0.0,0.0,0.0,0.0,0.0,0.0,0.0,0.0,6.0,0.0,6.0,0.0,0.0,90.0,0.0,90.0,0.0,0.0,0.0,0.0,0.0,0.0,0.0,0.0,0.0,0.0,0.0,0.0,0.0,0.0,0.0,0.0,0.0,0.0,0.0,0.0,0.0,0.0,1.0,0.0,1.0,0.0,0.0,1.0,0.0,1.3333333333333333,0.4444444444444444,0.4714045207910317,0.0,0.0,0.0,0.0,0.0,0.0,0.0,0.0,0.0,0.0,0.0,0.0,0.0,0.0,0.0,0.0,0.0,0.0,0.0,0.0,0.0,0.0,0.0,0.0,0.0,14,0.0,8,0.0,0,0.0,0.0,5,6,3,10,2,3,24,24.0,7↑
417,Sandro,Tonali,MID,NEW,?,"Tonali (MID, ?)",28,917,0,10,0,1,4,0,0,0,4,0,0,16,2,2.5,0.5,2.1666666666666665,0.8333333333333334,0.8975274678557507,90.0,0.0,79.33333333333333,16.444444444444446,22.110831935702667,1.0,1.0,1.5555555555555556,1.0123456790123455,1.1653431646335015,55.0,32.0,50.94444444444444,29.61111111111111,32.009498975950216,0.0,0.0,0.0,0.0,0.0,0.0,0.0,0.5555555555555556,0.6790123456790123,0.8314794192830981,0.0,0.0,0.0,0.0,0.0,0.0,0.0,0.0555555555555555,0.1049382716049382,0.2290614236454256,0.0,0.0,0.2222222222222222,0.345679012345679,0.415739709641549,0.0,0.0,0.0,0.0,0.0,0.0,0.0,0.0,0.0,0.0,0.0,0.0,0.0,0.0,0.0,0.0,0.0,0.2222222222222222,0.345679012345679,0.415739709641549,0.0,0.0,0.0,0.0,0.0,0.0,0.0,0.0,0.0,0.0,1.0,0.5,1.75,0.96875,1.0897247358851685,66.0,24.0,57.3125,26.1484375,28.066258100252696,0.0,0.0,0.0,0.0,0.0,0.0,0.0,0.625,0.703125,0.8569568250501305,0.0,0.0,0.0,0.0,0.0,0.0,0.0,0.0625,0.1171875,0.2420614591379635,0.0,0.0,0.25,0.375,0.4330127018922193,0.0,0.0,0.0,0.0,0.0,0.0,0.0,0.0,0.0,0.0,0.0,0.0,0.0,0.0,0.0,0.0,0.0,0.25,0.375,0.4330127018922193,0.0,0.0,0.0,0.0,0.0,0.0,0.0,0.0,0.0,0.0,14,6.555555555555555,0,0.0,3,5.333333333333333,5.94444444444,5,3,2,3,2,9,19,13.05555555556,6↑
403,Joelinton Cássio,Apolinário de Lira,MID,NEW,?,"Joelinton (MID, ?)",58,1410,3,19,0,1,5,0,0,0,6,0,9,17,1,2.0,0.5,3.333333333333333,3.2222222222222228,4.384315479321968,88.5,1.5,69.33333333333333,26.55555555555556,32.93259108475304,2.0,1.0,3.2222222222222223,2.703703703703704,3.749897117930268,90.0,0.0,78.33333333333333,16.296296296296298,22.87890828786296,0.0,0.0,0.1666666666666666,0.2777777777777778,0.372677996249965,1.0,1.0,1.0555555555555556,0.7469135802469135,0.9702360664762768,0.0,0.0,0.0,0.0,0.0,0.0,0.0,0.0555555555555555,0.1049382716049382,0.2290614236454256,0.0,0.0,0.2777777777777778,0.4012345679012346,0.4479032082388083,0.0,0.0,0.0,0.0,0.0,0.0,0.0,0.0,0.0,0.0,0.0,0.0,0.0,0.0,0.0,0.0,0.0,0.3333333333333333,0.4444444444444444,0.4714045207910317,0.0,0.0,0.0,0.0,0.0,0.0,0.0,0.5,0.8333333333333334,1.118033988749895,2.0,1.0,3.411764705882353,2.795847750865052,3.773885866434221,90.0,0.0,82.94117647058823,10.207612456747407,13.116987585638684,0.0,0.0,0.1764705882352941,0.2906574394463668,0.3812200410828153,1.0,1.0,1.1176470588235294,0.754325259515571,0.9629826790438176,0.0,0.0,0.0,0.0,0.0,0.0,0.0,0.0588235294117647,0.1107266435986159,0.2352941176470588,0.0,0.0,0.2941176470588235,0.4152249134948097,0.4556450995538137,0.0,0.0,0.0,0.0,0.0,0.0,0.0,0.0,0.0,0.0,0.0,0.0,0.0,0.0,0.0,0.0,0.0,0.3529411764705882,0.4567474048442907,0.4778846120374094,0.0,0.0,0.0,0.0,0.0,0.0,0.0,0.5294117647058824,0.8719723183391003,1.143660123248446,14,11.555555555555555,0,0.0,3,10.333333333333332,10.94444444444,5,10,1,3,1,2,17,6.05555555556,4↑
409,Tino,Livramento,DEF,NEW,?,"Livramento (DEF, ?)",43,1193,0,18,0,0,4,0,0,0,0,0,2,17,1,1.5,1.5,2.5,2.333333333333333,2.565800719723442,76.5,13.5,66.0,24.0,31.89043743820395,1.5,0.5,2.388888888888889,1.8271604938271604,2.288592213782887,90.0,0.0,66.27777777777777,26.358024691358025,31.488632085520702,0.0,0.0,0.0,0.0,0.0,1.0,1.0,1.0,0.7777777777777778,1.1055415967851334,0.0,0.0,0.0,0.0,0.0,0.0,0.0,0.0,0.0,0.0,0.0,0.0,0.2222222222222222,0.345679012345679,0.415739709641549,0.0,0.0,0.0,0.0,0.0,0.0,0.0,0.0,0.0,0.0,0.0,0.0,0.0,0.0,0.0,0.0,0.0,0.0,0.0,0.0,0.0,0.0,0.0,0.0,0.0,0.0,0.0,0.1111111111111111,0.1975308641975308,0.3142696805273545,2.0,1.0,2.5294117647058822,1.868512110726644,2.278225497769069,90.0,0.0,70.17647058823529,23.32179930795848,27.861496294681427,0.0,0.0,0.0,0.0,0.0,1.0,1.0,1.0588235294117647,0.7958477508650518,1.10988013318313,0.0,0.0,0.0,0.0,0.0,0.0,0.0,0.0,0.0,0.0,0.0,0.0,0.2352941176470588,0.3598615916955017,0.4241825029957634,0.0,0.0,0.0,0.0,0.0,0.0,0.0,0.0,0.0,0.0,0.0,0.0,0.0,0.0,0.0,0.0,0.0,0.0,0.0,0.0,0.0,0.0,0.0,0.0,0.0,0.0,0.0,0.1176470588235294,0.2076124567474048,0.3221897397089212,14,8.277777777777779,8,7.944444444444444,0,0.0,8.11111111111,5,1,2,6,0,2,11,2.8888888888899995,3↑
392,Harvey,Barnes,MID,NEW,?,"Barnes (MID, ?)",63,756,5,13,0,1,1,0,0,0,0,0,9,18,0,1.0,0.0,2.1666666666666665,1.611111111111111,2.1921577396609844,26.0,12.0,36.66666666666666,22.222222222222214,24.129281427805143,2.0,1.0,3.5,2.7777777777777777,3.131382371342656,38.5,22.5,42.0,22.88888888888889,25.514701644346147,0.0,0.0,0.2777777777777778,0.4012345679012346,0.4479032082388083,0.0,0.0,0.7222222222222222,0.802469135802469,0.989138545264714,0.0,0.0,0.0,0.0,0.0,0.0,0.0,0.0555555555555555,0.1049382716049382,0.2290614236454256,0.0,0.0,0.0555555555555555,0.1049382716049382,0.2290614236454256,0.0,0.0,0.0,0.0,0.0,0.0,0.0,0.0,0.0,0.0,0.0,0.0,0.0,0.0,0.0,0.0,0.0,0.0,0.0,0.0,0.0,0.0,0.0,0.0,0.0,0.0,0.0,0.5,0.7222222222222222,0.8975274678557507,2.0,1.0,3.5,2.7777777777777777,3.131382371342656,38.5,22.5,42.0,22.88888888888889,25.514701644346147,0.0,0.0,0.2777777777777778,0.4012345679012346,0.4479032082388083,0.0,0.0,0.7222222222222222,0.802469135802469,0.989138545264714,0.0,0.0,0.0,0.0,0.0,0.0,0.0,0.0555555555555555,0.1049382716049382,0.2290614236454256,0.0,0.0,0.0555555555555555,0.1049382716049382,0.2290614236454256,0.0,0.0,0.0,0.0,0.0,0.0,0.0,0.0,0.0,0.0,0.0,0.0,0.0,0.0,0.0,0.0,0.0,0.0,0.0,0.0,0.0,0.0,0.0,0.0,0.0,0.0,0.0,0.5,0.7222222222222222,0.8975274678557507,14,11.555555555555555,0,0.0,3,10.333333333333332,10.94444444444,5,1,1,0,0,0,2,-8.94444444444,5↓
420,Joe,Willock,MID,NEW,?,"Willock (MID, ?)",23,527,0,4,0,1,3,0,0,0,2,0,0,15,3,1.0,0.5,1.3333333333333333,0.7777777777777777,0.9428090415820634,10.5,9.5,26.666666666666668,27.88888888888889,30.020363459195863,1.0,0.0,1.2777777777777777,0.7345679012345678,0.9891385452647142,21.5,21.5,29.27777777777778,22.11728395061728,24.84352264241025,0.0,0.0,0.0,0.0,0.0,0.0,0.0,0.2222222222222222,0.3703703703703704,0.5328701692569688,0.0,0.0,0.0,0.0,0.0,0.0,0.0,0.0555555555555555,0.1049382716049382,0.2290614236454256,0.0,0.0,0.1666666666666666,0.2777777777777778,0.3726779962499649,0.0,0.0,0.0,0.0,0.0,0.0,0.0,0.0,0.0,0.0,0.0,0.0,0.0,0.0,0.0,0.0,0.0,0.1111111111111111,0.1975308641975308,0.3142696805273545,0.0,0.0,0.0,0.0,0.0,0.0,0.0,0.0,0.0,0.0,1.0,0.0,1.5333333333333334,0.711111111111111,0.8844332774281067,24.0,21.0,35.13333333333333,21.07555555555556,23.12824151455436,0.0,0.0,0.0,0.0,0.0,0.0,0.0,0.2666666666666666,0.4266666666666666,0.573488351136175,0.0,0.0,0.0,0.0,0.0,0.0,0.0,0.0666666666666666,0.1244444444444444,0.2494438257849294,0.0,0.0,0.2,0.32,0.4,0.0,0.0,0.0,0.0,0.0,0.0,0.0,0.0,0.0,0.0,0.0,0.0,0.0,0.0,0.0,0.0,0.0,0.1333333333333333,0.2311111111111111,0.339934634239519,0.0,0.0,0.0,0.0,0.0,0.0,0.0,0.0,0.0,0.0,14,5.0,0,0.0,3,5.0,5.0,5,1,1,1,1,1,5,0.0,~
418,Kieran,Trippier,DEF,NEW,?,"Trippier (DEF, ?)",22,420,0,4,0,0,2,0,0,0,1,0,2,10,8,1.0,0.5,1.3333333333333333,1.222222222222222,1.699673171197595,16.5,13.0,22.666666666666668,20.33333333333333,26.606181403743168,1.0,1.0,1.2222222222222223,1.259259259259259,2.0153730163574504,6.5,6.5,23.33333333333333,24.48148148148148,29.27266453346687,0.0,0.0,0.0,0.0,0.0,0.0,0.0,0.2222222222222222,0.3703703703703703,0.5328701692569688,0.0,0.0,0.0,0.0,0.0,0.0,0.0,0.0,0.0,0.0,0.0,0.0,0.1111111111111111,0.1975308641975308,0.3142696805273545,0.0,0.0,0.0,0.0,0.0,0.0,0.0,0.0,0.0,0.0,0.0,0.0,0.0,0.0,0.0,0.0,0.0,0.0555555555555555,0.1049382716049382,0.2290614236454256,0.0,0.0,0.0,0.0,0.0,0.0,0.0,0.1111111111111111,0.2098765432098765,0.4581228472908512,1.0,0.0,2.2,1.7200000000000002,2.2715633383201093,29.0,22.5,42.0,25.8,27.53906316489361,0.0,0.0,0.0,0.0,0.0,0.0,0.0,0.4,0.56,0.66332495807108,0.0,0.0,0.0,0.0,0.0,0.0,0.0,0.0,0.0,0.0,0.0,0.0,0.2,0.32,0.4000000000000001,0.0,0.0,0.0,0.0,0.0,0.0,0.0,0.0,0.0,0.0,0.0,0.0,0.0,0.0,0.0,0.0,0.0,0.1,0.18,0.3,0.0,0.0,0.0,0.0,0.0,0.0,0.0,0.2,0.36,0.6000000000000001,14,6.555555555555555,8,5.888888888888889,0,0.0,6.22222222222,5,1,0,1,0,0,2,-4.22222222222,3↓
410,Sean,Longstaff,MID,NEW,?,"Longstaff (MID, ?)",25,707,0,10,0,1,2,0,0,0,2,0,0,16,2,1.0,0.0,1.0,0.3333333333333333,0.5773502691896257,20.5,11.5,23.666666666666668,17.666666666666664,23.83741223837483,1.0,0.0,1.3888888888888888,0.8950617283950617,1.208253509496197,26.0,24.5,39.27777777777778,29.419753086419757,32.25386377467143,0.0,0.0,0.0,0.0,0.0,0.0,0.0,0.5555555555555556,0.6790123456790123,0.8314794192830981,0.0,0.0,0.0,0.0,0.0,0.0,0.0,0.0555555555555555,0.1049382716049382,0.2290614236454256,0.0,0.0,0.1111111111111111,0.1975308641975308,0.3142696805273545,0.0,0.0,0.0,0.0,0.0,0.0,0.0,0.0,0.0,0.0,0.0,0.0,0.0,0.0,0.0,0.0,0.0,0.1111111111111111,0.1975308641975308,0.3142696805273545,0.0,0.0,0.0,0.0,0.0,0.0,0.0,0.0,0.0,0.0,1.0,0.0,1.5625,0.8984375,1.1709371246996996,35.5,27.0,44.1875,28.1875,30.877213989445355,0.0,0.0,0.0,0.0,0.0,0.0,0.0,0.625,0.703125,0.8569568250501305,0.0,0.0,0.0,0.0,0.0,0.0,0.0,0.0625,0.1171875,0.2420614591379635,0.0,0.0,0.125,0.21875,0.3307189138830738,0.0,0.0,0.0,0.0,0.0,0.0,0.0,0.0,0.0,0.0,0.0,0.0,0.0,0.0,0.0,0.0,0.0,0.125,0.21875,0.3307189138830738,0.0,0.0,0.0,0.0,0.0,0.0,0.0,0.0,0.0,0.0,14,5.0,0,0.0,3,5.0,5.0,5,0,1,0,0,1,2,-3.0,3↓
413,Nick,Pope,GKP,NEW,?,"Pope (GKP, ?)",48,1350,0,21,0,0,3,54,0,0,2,0,2,15,3,0.0,0.0,0.5,0.6666666666666666,0.7637626158259734,45.0,45.0,45.0,45.0,45.0,2.5,1.0,2.6666666666666665,1.666666666666667,2.2607766610417563,90.0,0.0,75.0,25.0,33.54101966249684,0.0,0.0,0.0,0.0,0.0,1.0,1.0,1.1666666666666667,0.9074074074074072,1.1666666666666667,0.0,0.0,0.0,0.0,0.0,0.0,0.0,0.0,0.0,0.0,0.0,0.0,0.1666666666666666,0.2777777777777778,0.3726779962499649,3.0,1.0,3.0,1.7777777777777777,2.185812841434,0.0,0.0,0.0,0.0,0.0,0.0,0.0,0.0,0.0,0.0,0.0,0.0,0.1111111111111111,0.1975308641975308,0.3142696805273545,0.0,0.0,0.0,0.0,0.0,0.0,0.0,0.1111111111111111,0.2098765432098765,0.4581228472908512,3.0,1.0,3.2,1.4933333333333332,2.103964511741266,90.0,0.0,90.0,0.0,0.0,0.0,0.0,0.0,0.0,0.0,1.0,1.0,1.4,0.9333333333333332,1.1430952132988166,0.0,0.0,0.0,0.0,0.0,0.0,0.0,0.0,0.0,0.0,0.0,0.0,0.2,0.32,0.4000000000000001,4.0,1.0,3.6,1.4933333333333334,1.8903262505010436,0.0,0.0,0.0,0.0,0.0,0.0,0.0,0.0,0.0,0.0,0.0,0.0,0.1333333333333333,0.2311111111111111,0.339934634239519,0.0,0.0,0.0,0.0,0.0,0.0,0.0,0.1333333333333333,0.2488888888888888,0.4988876515698589,14,14.055555555555555,8,13.388888888888888,0,0.0,13.72222222222,5,0,0,0,0,0,0,-13.72222222222,6↓
391,Miguel,Almirón Rejala,MID,NEW,?,"Almirón (MID, ?)",8,136,0,3,0,0,0,0,0,0,0,0,0,7,11,0.0,0.0,0.3333333333333333,0.4444444444444445,0.4714045207910317,0.0,0.0,5.666666666666667,7.555555555555554,8.013876853447538,0.0,0.0,0.4444444444444444,0.54320987654321,0.5983516452371671,0.0,0.0,7.555555555555555,10.975308641975309,16.415515094034337,0.0,0.0,0.0,0.0,0.0,0.0,0.0,0.1666666666666666,0.2962962962962963,0.4999999999999999,0.0,0.0,0.0,0.0,0.0,0.0,0.0,0.0,0.0,0.0,0.0,0.0,0.0,0.0,0.0,0.0,0.0,0.0,0.0,0.0,0.0,0.0,0.0,0.0,0.0,0.0,0.0,0.0,0.0,0.0,0.0,0.0,0.0,0.0,0.0,0.0,0.0,0.0,0.0,0.0,0.0,0.0,0.0,0.0,0.0,1.0,0.0,1.1428571428571428,0.2448979591836734,0.3499271061118826,17.0,12.0,19.428571428571427,16.040816326530614,21.499881347560585,0.0,0.0,0.0,0.0,0.0,0.0,0.0,0.4285714285714285,0.6122448979591837,0.7284313590846835,0.0,0.0,0.0,0.0,0.0,0.0,0.0,0.0,0.0,0.0,0.0,0.0,0.0,0.0,0.0,0.0,0.0,0.0,0.0,0.0,0.0,0.0,0.0,0.0,0.0,0.0,0.0,0.0,0.0,0.0,0.0,0.0,0.0,0.0,0.0,0.0,0.0,0.0,0.0,0.0,0.0,0.0,0.0,0.0,0.0,14,0.0,0,0.0,3,0.0,0.0,5,0,0,1,0,1,2,2.0,2↑
590,William,Osula,FWD,NEW,?,"Osula (FWD, ?)",6,28,0,1,0,0,0,0,0,0,0,0,0,6,12,0.0,0.0,0.3333333333333333,0.4444444444444445,0.4714045207910317,0.0,0.0,3.0,4.666666666666667,6.27162924074226,0.0,0.0,0.3333333333333333,0.4444444444444444,0.4714045207910317,0.0,0.0,1.5555555555555556,2.320987654320988,4.071884933735266,0.0,0.0,0.0,0.0,0.0,0.0,0.0,0.0555555555555555,0.1049382716049382,0.2290614236454256,0.0,0.0,0.0,0.0,0.0,0.0,0.0,0.0,0.0,0.0,0.0,0.0,0.0,0.0,0.0,0.0,0.0,0.0,0.0,0.0,0.0,0.0,0.0,0.0,0.0,0.0,0.0,0.0,0.0,0.0,0.0,0.0,0.0,0.0,0.0,0.0,0.0,0.0,0.0,0.0,0.0,0.0,0.0,0.0,0.0,1.0,0.0,1.0,0.0,0.0,1.0,0.0,4.666666666666667,4.888888888888889,5.934831271588285,0.0,0.0,0.0,0.0,0.0,0.0,0.0,0.1666666666666666,0.2777777777777778,0.372677996249965,0.0,0.0,0.0,0.0,0.0,0.0,0.0,0.0,0.0,0.0,0.0,0.0,0.0,0.0,0.0,0.0,0.0,0.0,0.0,0.0,0.0,0.0,0.0,0.0,0.0,0.0,0.0,0.0,0.0,0.0,0.0,0.0,0.0,0.0,0.0,0.0,0.0,0.0,0.0,0.0,0.0,0.0,0.0,0.0,0.0,14,0.0,0,0.0,3,0.0,0.0,5,0,0,1,1,0,2,2.0,2↑
421,Callum,Wilson,FWD,NEW,?,"Wilson (FWD, ?)",3,57,0,2,0,0,0,0,0,0,1,0,0,4,14,0.0,0.0,0.3333333333333333,0.4444444444444445,0.4714045207910317,1.5,1.5,5.833333333333333,6.777777777777779,7.28964257620968,0.0,0.0,0.1666666666666666,0.2777777777777778,0.3726779962499649,0.0,0.0,3.1666666666666665,4.944444444444445,6.776183783418707,0.0,0.0,0.0,0.0,0.0,0.0,0.0,0.1111111111111111,0.1975308641975308,0.3142696805273545,0.0,0.0,0.0,0.0,0.0,0.0,0.0,0.0,0.0,0.0,0.0,0.0,0.0,0.0,0.0,0.0,0.0,0.0,0.0,0.0,0.0,0.0,0.0,0.0,0.0,0.0,0.0,0.0,0.0,0.0,0.0,0.0,0.0555555555555555,0.1049382716049382,0.2290614236454256,0.0,0.0,0.0,0.0,0.0,0.0,0.0,0.0,0.0,0.0,1.0,0.0,0.75,0.375,0.4330127018922193,16.0,3.5,14.25,5.625,6.977642868476432,0.0,0.0,0.0,0.0,0.0,0.5,0.5,0.5,0.5,0.5,0.0,0.0,0.0,0.0,0.0,0.0,0.0,0.0,0.0,0.0,0.0,0.0,0.0,0.0,0.0,0.0,0.0,0.0,0.0,0.0,0.0,0.0,0.0,0.0,0.0,0.0,0.0,0.0,0.0,0.0,0.0,0.0,0.25,0.375,0.4330127018922193,0.0,0.0,0.0,0.0,0.0,0.0,0.0,0.0,0.0,0.0,14,0.0,0,0.0,3,0.0,0.0,5,0,0,0,0,0,0,0.0,~
411,Lewis,Miley,MID,NEW,?,"Miley (MID, ?)",2,11,0,0,0,0,0,0,0,0,0,0,0,2,16,0.0,0.0,0.3333333333333333,0.4444444444444445,0.4714045207910317,0.0,0.0,1.8333333333333333,2.722222222222222,3.6704525909242074,0.0,0.0,0.1111111111111111,0.1975308641975308,0.3142696805273545,0.0,0.0,0.6111111111111112,1.08641975308642,2.288592213782887,0.0,0.0,0.0,0.0,0.0,0.0,0.0,0.0,0.0,0.0,0.0,0.0,0.0,0.0,0.0,0.0,0.0,0.0,0.0,0.0,0.0,0.0,0.0,0.0,0.0,0.0,0.0,0.0,0.0,0.0,0.0,0.0,0.0,0.0,0.0,0.0,0.0,0.0,0.0,0.0,0.0,0.0,0.0,0.0,0.0,0.0,0.0,0.0,0.0,0.0,0.0,0.0,0.0,0.0,0.0,1.0,0.0,1.0,0.0,0.0,5.5,4.5,5.5,4.5,4.5,0.0,0.0,0.0,0.0,0.0,0.0,0.0,0.0,0.0,0.0,0.0,0.0,0.0,0.0,0.0,0.0,0.0,0.0,0.0,0.0,0.0,0.0,0.0,0.0,0.0,0.0,0.0,0.0,0.0,0.0,0.0,0.0,0.0,0.0,0.0,0.0,0.0,0.0,0.0,0.0,0.0,0.0,0.0,0.0,0.0,0.0,0.0,0.0,0.0,0.0,0.0,0.0,0.0,0.0,0.0,14,0.0,0,0.0,3,0.0,0.0,5,0,0,1,0,1,2,2.0,2↑
416,Matt,Targett,DEF,NEW,?,"Targett (DEF, ?)",1,12,0,0,0,0,0,0,0,0,0,0,0,1,17,0.0,0.0,0.1666666666666666,0.2777777777777777,0.372677996249965,0.0,0.0,2.0,3.333333333333333,4.47213595499958,0.0,0.0,0.0555555555555555,0.1049382716049382,0.2290614236454256,0.0,0.0,0.6666666666666666,1.2592592592592593,2.7487370837451075,0.0,0.0,0.0,0.0,0.0,0.0,0.0,0.0,0.0,0.0,0.0,0.0,0.0,0.0,0.0,0.0,0.0,0.0,0.0,0.0,0.0,0.0,0.0,0.0,0.0,0.0,0.0,0.0,0.0,0.0,0.0,0.0,0.0,0.0,0.0,0.0,0.0,0.0,0.0,0.0,0.0,0.0,0.0,0.0,0.0,0.0,0.0,0.0,0.0,0.0,0.0,0.0,0.0,0.0,0.0,1.0,0.0,1.0,0.0,0.0,12.0,0.0,12.0,0.0,0.0,0.0,0.0,0.0,0.0,0.0,0.0,0.0,0.0,0.0,0.0,0.0,0.0,0.0,0.0,0.0,0.0,0.0,0.0,0.0,0.0,0.0,0.0,0.0,0.0,0.0,0.0,0.0,0.0,0.0,0.0,0.0,0.0,0.0,0.0,0.0,0.0,0.0,0.0,0.0,0.0,0.0,0.0,0.0,0.0,0.0,0.0,0.0,0.0,0.0,0.0,0.0,0.0,0.0,0.0,0.0,14,0.0,8,0.0,0,0.0,0.0,5,0,0,0,0,0,0,0.0,~
405,Emil,Krafth,DEF,NEW,?,"Krafth (DEF, ?)",10,240,0,2,0,0,1,0,0,0,0,0,0,3,15,0.0,0.0,0.0,0.0,0.0,0.0,0.0,0.0,0.0,0.0,0.0,0.0,0.5555555555555556,0.925925925925926,1.4614384931073228,0.0,0.0,13.333333333333334,22.22222222222222,30.368111930481,0.0,0.0,0.0,0.0,0.0,0.0,0.0,0.1111111111111111,0.1975308641975308,0.3142696805273545,0.0,0.0,0.0,0.0,0.0,0.0,0.0,0.0,0.0,0.0,0.0,0.0,0.0555555555555555,0.1049382716049382,0.2290614236454256,0.0,0.0,0.0,0.0,0.0,0.0,0.0,0.0,0.0,0.0,0.0,0.0,0.0,0.0,0.0,0.0,0.0,0.0,0.0,0.0,0.0,0.0,0.0,0.0,0.0,0.0,0.0,0.0,0.0,0.0,2.0,0.0,3.333333333333333,1.777777777777778,1.8856180831641267,90.0,0.0,80.0,13.333333333333334,14.142135623730953,0.0,0.0,0.0,0.0,0.0,1.0,0.0,0.6666666666666666,0.4444444444444445,0.4714045207910317,0.0,0.0,0.0,0.0,0.0,0.0,0.0,0.0,0.0,0.0,0.0,0.0,0.3333333333333333,0.4444444444444444,0.4714045207910317,0.0,0.0,0.0,0.0,0.0,0.0,0.0,0.0,0.0,0.0,0.0,0.0,0.0,0.0,0.0,0.0,0.0,0.0,0.0,0.0,0.0,0.0,0.0,0.0,0.0,0.0,0.0,0.0,0.0,0.0,14,0.0,8,0.0,0,0.0,0.0,5,0,0,0,0,0,0,0.0,~
404,Lloyd,Kelly,DEF,NEW,?,"Kelly (DEF, ?)",10,295,0,6,0,1,0,0,0,0,2,0,0,8,10,0.0,0.0,0.0,0.0,0.0,0.0,0.0,0.0,0.0,0.0,0.0,0.0,0.5555555555555556,0.7407407407407407,1.0122703976827,0.0,0.0,16.38888888888889,23.117283950617285,28.68824553887472,0.0,0.0,0.0,0.0,0.0,0.0,0.0,0.3333333333333333,0.5185185185185186,0.6666666666666666,0.0,0.0,0.0,0.0,0.0,0.0,0.0,0.0555555555555555,0.1049382716049382,0.2290614236454256,0.0,0.0,0.0,0.0,0.0,0.0,0.0,0.0,0.0,0.0,0.0,0.0,0.0,0.0,0.0,0.0,0.0,0.0,0.0,0.0,0.0,0.0,0.1111111111111111,0.1975308641975308,0.3142696805273545,0.0,0.0,0.0,0.0,0.0,0.0,0.0,0.0,0.0,0.0,1.0,0.5,1.25,0.875,1.1989578808281798,32.5,31.5,36.875,30.625,33.111317929070715,0.0,0.0,0.0,0.0,0.0,0.5,0.5,0.75,0.75,0.82915619758885,0.0,0.0,0.0,0.0,0.0,0.0,0.0,0.125,0.21875,0.3307189138830738,0.0,0.0,0.0,0.0,0.0,0.0,0.0,0.0,0.0,0.0,0.0,0.0,0.0,0.0,0.0,0.0,0.0,0.0,0.0,0.0,0.0,0.0,0.25,0.375,0.4330127018922193,0.0,0.0,0.0,0.0,0.0,0.0,0.0,0.0,0.0,0.0,14,0.0,8,0.0,0,0.0,0.0,5,0,1,0,0,0,1,1.0,~
390,Alex,Murphy,DEF,NEW,?,"A.Murphy (DEF, ?)",0,0,0,0,0,0,0,0,0,0,0,0,0,0,18,0.0,0.0,0.0,0.0,0.0,0.0,0.0,0.0,0.0,0.0,0.0,0.0,0.0,0.0,0.0,0.0,0.0,0.0,0.0,0.0,0.0,0.0,0.0,0.0,0.0,0.0,0.0,0.0,0.0,0.0,0.0,0.0,0.0,0.0,0.0,0.0,0.0,0.0,0.0,0.0,0.0,0.0,0.0,0.0,0.0,0.0,0.0,0.0,0.0,0.0,0.0,0.0,0.0,0.0,0.0,0.0,0.0,0.0,0.0,0.0,0.0,0.0,0.0,0.0,0.0,0.0,0.0,0.0,0.0,0.0,0.0,0.0,0.0,0.0,0.0,0.0,0.0,0.0,0.0,0.0,0.0,0.0,0.0,0.0,0.0,0.0,0.0,0.0,0.0,0.0,0.0,0.0,0.0,0.0,0.0,0.0,0.0,0.0,0.0,0.0,0.0,0.0,0.0,0.0,0.0,0.0,0.0,0.0,0.0,0.0,0.0,0.0,0.0,0.0,0.0,0.0,0.0,0.0,0.0,0.0,0.0,0.0,0.0,0.0,0.0,0.0,0.0,0.0,0.0,0.0,0.0,0.0,0.0,0.0,0.0,0.0,0.0,0.0,0.0,0.0,14,0.0,8,0.0,0,0.0,0.0,5,0,0,0,0,0,0,0.0,~
393,Sven,Botman,DEF,NEW,?,"Botman (DEF, ?)",0,0,0,0,0,0,0,0,0,0,0,0,0,0,18,0.0,0.0,0.0,0.0,0.0,0.0,0.0,0.0,0.0,0.0,0.0,0.0,0.0,0.0,0.0,0.0,0.0,0.0,0.0,0.0,0.0,0.0,0.0,0.0,0.0,0.0,0.0,0.0,0.0,0.0,0.0,0.0,0.0,0.0,0.0,0.0,0.0,0.0,0.0,0.0,0.0,0.0,0.0,0.0,0.0,0.0,0.0,0.0,0.0,0.0,0.0,0.0,0.0,0.0,0.0,0.0,0.0,0.0,0.0,0.0,0.0,0.0,0.0,0.0,0.0,0.0,0.0,0.0,0.0,0.0,0.0,0.0,0.0,0.0,0.0,0.0,0.0,0.0,0.0,0.0,0.0,0.0,0.0,0.0,0.0,0.0,0.0,0.0,0.0,0.0,0.0,0.0,0.0,0.0,0.0,0.0,0.0,0.0,0.0,0.0,0.0,0.0,0.0,0.0,0.0,0.0,0.0,0.0,0.0,0.0,0.0,0.0,0.0,0.0,0.0,0.0,0.0,0.0,0.0,0.0,0.0,0.0,0.0,0.0,0.0,0.0,0.0,0.0,0.0,0.0,0.0,0.0,0.0,0.0,0.0,0.0,0.0,0.0,0.0,0.0,14,0.0,8,0.0,0,0.0,0.0,5,0,1,6,0,0,7,7.0,5↑
400,Isaac,Hayden,MID,NEW,?,"Hayden (MID, ?)",0,0,0,0,0,0,0,0,0,0,0,0,0,0,18,0.0,0.0,0.0,0.0,0.0,0.0,0.0,0.0,0.0,0.0,0.0,0.0,0.0,0.0,0.0,0.0,0.0,0.0,0.0,0.0,0.0,0.0,0.0,0.0,0.0,0.0,0.0,0.0,0.0,0.0,0.0,0.0,0.0,0.0,0.0,0.0,0.0,0.0,0.0,0.0,0.0,0.0,0.0,0.0,0.0,0.0,0.0,0.0,0.0,0.0,0.0,0.0,0.0,0.0,0.0,0.0,0.0,0.0,0.0,0.0,0.0,0.0,0.0,0.0,0.0,0.0,0.0,0.0,0.0,0.0,0.0,0.0,0.0,0.0,0.0,0.0,0.0,0.0,0.0,0.0,0.0,0.0,0.0,0.0,0.0,0.0,0.0,0.0,0.0,0.0,0.0,0.0,0.0,0.0,0.0,0.0,0.0,0.0,0.0,0.0,0.0,0.0,0.0,0.0,0.0,0.0,0.0,0.0,0.0,0.0,0.0,0.0,0.0,0.0,0.0,0.0,0.0,0.0,0.0,0.0,0.0,0.0,0.0,0.0,0.0,0.0,0.0,0.0,0.0,0.0,0.0,0.0,0.0,0.0,0.0,0.0,0.0,0.0,0.0,0.0,14,0.0,0,0.0,3,0.0,0.0,5,0,0,0,0,0,0,0.0,~
406,Garang,Kuol,MID,NEW,?,"Kuol (MID, ?)",0,0,0,0,0,0,0,0,0,0,0,0,0,0,18,0.0,0.0,0.0,0.0,0.0,0.0,0.0,0.0,0.0,0.0,0.0,0.0,0.0,0.0,0.0,0.0,0.0,0.0,0.0,0.0,0.0,0.0,0.0,0.0,0.0,0.0,0.0,0.0,0.0,0.0,0.0,0.0,0.0,0.0,0.0,0.0,0.0,0.0,0.0,0.0,0.0,0.0,0.0,0.0,0.0,0.0,0.0,0.0,0.0,0.0,0.0,0.0,0.0,0.0,0.0,0.0,0.0,0.0,0.0,0.0,0.0,0.0,0.0,0.0,0.0,0.0,0.0,0.0,0.0,0.0,0.0,0.0,0.0,0.0,0.0,0.0,0.0,0.0,0.0,0.0,0.0,0.0,0.0,0.0,0.0,0.0,0.0,0.0,0.0,0.0,0.0,0.0,0.0,0.0,0.0,0.0,0.0,0.0,0.0,0.0,0.0,0.0,0.0,0.0,0.0,0.0,0.0,0.0,0.0,0.0,0.0,0.0,0.0,0.0,0.0,0.0,0.0,0.0,0.0,0.0,0.0,0.0,0.0,0.0,0.0,0.0,0.0,0.0,0.0,0.0,0.0,0.0,0.0,0.0,0.0,0.0,0.0,0.0,0.0,0.0,14,0.0,0,0.0,3,0.0,0.0,5,0,0,0,0,0,0,0.0,~
407,Jamaal,Lascelles,DEF,NEW,?,"Lascelles (DEF, ?)",0,0,0,0,0,0,0,0,0,0,0,0,0,0,18,0.0,0.0,0.0,0.0,0.0,0.0,0.0,0.0,0.0,0.0,0.0,0.0,0.0,0.0,0.0,0.0,0.0,0.0,0.0,0.0,0.0,0.0,0.0,0.0,0.0,0.0,0.0,0.0,0.0,0.0,0.0,0.0,0.0,0.0,0.0,0.0,0.0,0.0,0.0,0.0,0.0,0.0,0.0,0.0,0.0,0.0,0.0,0.0,0.0,0.0,0.0,0.0,0.0,0.0,0.0,0.0,0.0,0.0,0.0,0.0,0.0,0.0,0.0,0.0,0.0,0.0,0.0,0.0,0.0,0.0,0.0,0.0,0.0,0.0,0.0,0.0,0.0,0.0,0.0,0.0,0.0,0.0,0.0,0.0,0.0,0.0,0.0,0.0,0.0,0.0,0.0,0.0,0.0,0.0,0.0,0.0,0.0,0.0,0.0,0.0,0.0,0.0,0.0,0.0,0.0,0.0,0.0,0.0,0.0,0.0,0.0,0.0,0.0,0.0,0.0,0.0,0.0,0.0,0.0,0.0,0.0,0.0,0.0,0.0,0.0,0.0,0.0,0.0,0.0,0.0,0.0,0.0,0.0,0.0,0.0,0.0,0.0,0.0,0.0,0.0,14,0.0,8,0.0,0,0.0,0.0,5,0,0,0,0,0,0,0.0,~
408,Jamal,Lewis,DEF,NEW,?,"Lewis (DEF, ?)",0,0,0,0,0,0,0,0,0,0,0,0,0,0,18,0.0,0.0,0.0,0.0,0.0,0.0,0.0,0.0,0.0,0.0,0.0,0.0,0.0,0.0,0.0,0.0,0.0,0.0,0.0,0.0,0.0,0.0,0.0,0.0,0.0,0.0,0.0,0.0,0.0,0.0,0.0,0.0,0.0,0.0,0.0,0.0,0.0,0.0,0.0,0.0,0.0,0.0,0.0,0.0,0.0,0.0,0.0,0.0,0.0,0.0,0.0,0.0,0.0,0.0,0.0,0.0,0.0,0.0,0.0,0.0,0.0,0.0,0.0,0.0,0.0,0.0,0.0,0.0,0.0,0.0,0.0,0.0,0.0,0.0,0.0,0.0,0.0,0.0,0.0,0.0,0.0,0.0,0.0,0.0,0.0,0.0,0.0,0.0,0.0,0.0,0.0,0.0,0.0,0.0,0.0,0.0,0.0,0.0,0.0,0.0,0.0,0.0,0.0,0.0,0.0,0.0,0.0,0.0,0.0,0.0,0.0,0.0,0.0,0.0,0.0,0.0,0.0,0.0,0.0,0.0,0.0,0.0,0.0,0.0,0.0,0.0,0.0,0.0,0.0,0.0,0.0,0.0,0.0,0.0,0.0,0.0,0.0,0.0,0.0,0.0,14,0.0,8,0.0,0,0.0,0.0,5,0,0,0,0,0,0,0.0,~
412,Odysseas,Vlachodimos,GKP,NEW,?,"Odysseas (GKP, ?)",0,0,0,0,0,0,0,0,0,0,0,0,0,0,18,0.0,0.0,0.0,0.0,0.0,0.0,0.0,0.0,0.0,0.0,0.0,0.0,0.0,0.0,0.0,0.0,0.0,0.0,0.0,0.0,0.0,0.0,0.0,0.0,0.0,0.0,0.0,0.0,0.0,0.0,0.0,0.0,0.0,0.0,0.0,0.0,0.0,0.0,0.0,0.0,0.0,0.0,0.0,0.0,0.0,0.0,0.0,0.0,0.0,0.0,0.0,0.0,0.0,0.0,0.0,0.0,0.0,0.0,0.0,0.0,0.0,0.0,0.0,0.0,0.0,0.0,0.0,0.0,0.0,0.0,0.0,0.0,0.0,0.0,0.0,0.0,0.0,0.0,0.0,0.0,0.0,0.0,0.0,0.0,0.0,0.0,0.0,0.0,0.0,0.0,0.0,0.0,0.0,0.0,0.0,0.0,0.0,0.0,0.0,0.0,0.0,0.0,0.0,0.0,0.0,0.0,0.0,0.0,0.0,0.0,0.0,0.0,0.0,0.0,0.0,0.0,0.0,0.0,0.0,0.0,0.0,0.0,0.0,0.0,0.0,0.0,0.0,0.0,0.0,0.0,0.0,0.0,0.0,0.0,0.0,0.0,0.0,0.0,0.0,0.0,14,0.0,8,0.0,0,0.0,0.0,5,0,0,0,0,0,0,0.0,~
414,John,Ruddy,GKP,NEW,?,"Ruddy (GKP, ?)",0,0,0,0,0,0,0,0,0,0,0,0,0,0,18,0.0,0.0,0.0,0.0,0.0,0.0,0.0,0.0,0.0,0.0,0.0,0.0,0.0,0.0,0.0,0.0,0.0,0.0,0.0,0.0,0.0,0.0,0.0,0.0,0.0,0.0,0.0,0.0,0.0,0.0,0.0,0.0,0.0,0.0,0.0,0.0,0.0,0.0,0.0,0.0,0.0,0.0,0.0,0.0,0.0,0.0,0.0,0.0,0.0,0.0,0.0,0.0,0.0,0.0,0.0,0.0,0.0,0.0,0.0,0.0,0.0,0.0,0.0,0.0,0.0,0.0,0.0,0.0,0.0,0.0,0.0,0.0,0.0,0.0,0.0,0.0,0.0,0.0,0.0,0.0,0.0,0.0,0.0,0.0,0.0,0.0,0.0,0.0,0.0,0.0,0.0,0.0,0.0,0.0,0.0,0.0,0.0,0.0,0.0,0.0,0.0,0.0,0.0,0.0,0.0,0.0,0.0,0.0,0.0,0.0,0.0,0.0,0.0,0.0,0.0,0.0,0.0,0.0,0.0,0.0,0.0,0.0,0.0,0.0,0.0,0.0,0.0,0.0,0.0,0.0,0.0,0.0,0.0,0.0,0.0,0.0,0.0,0.0,0.0,0.0,14,0.0,8,0.0,0,0.0,0.0,5,0,0,0,0,0,0,0.0,~
419,Joe,White,MID,NEW,?,"White (MID, ?)",0,0,0,0,0,0,0,0,0,0,0,0,0,0,18,0.0,0.0,0.0,0.0,0.0,0.0,0.0,0.0,0.0,0.0,0.0,0.0,0.0,0.0,0.0,0.0,0.0,0.0,0.0,0.0,0.0,0.0,0.0,0.0,0.0,0.0,0.0,0.0,0.0,0.0,0.0,0.0,0.0,0.0,0.0,0.0,0.0,0.0,0.0,0.0,0.0,0.0,0.0,0.0,0.0,0.0,0.0,0.0,0.0,0.0,0.0,0.0,0.0,0.0,0.0,0.0,0.0,0.0,0.0,0.0,0.0,0.0,0.0,0.0,0.0,0.0,0.0,0.0,0.0,0.0,0.0,0.0,0.0,0.0,0.0,0.0,0.0,0.0,0.0,0.0,0.0,0.0,0.0,0.0,0.0,0.0,0.0,0.0,0.0,0.0,0.0,0.0,0.0,0.0,0.0,0.0,0.0,0.0,0.0,0.0,0.0,0.0,0.0,0.0,0.0,0.0,0.0,0.0,0.0,0.0,0.0,0.0,0.0,0.0,0.0,0.0,0.0,0.0,0.0,0.0,0.0,0.0,0.0,0.0,0.0,0.0,0.0,0.0,0.0,0.0,0.0,0.0,0.0,0.0,0.0,0.0,0.0,0.0,0.0,0.0,14,0.0,0,0.0,3,0.0,0.0,5,0,0,0,0,0,0,0.0,~
574,Miodrag,Pivaš,DEF,NEW,?,"Pivas (DEF, ?)",0,0,0,0,0,0,0,0,0,0,0,0,0,0,18,0.0,0.0,0.0,0.0,0.0,0.0,0.0,0.0,0.0,0.0,0.0,0.0,0.0,0.0,0.0,0.0,0.0,0.0,0.0,0.0,0.0,0.0,0.0,0.0,0.0,0.0,0.0,0.0,0.0,0.0,0.0,0.0,0.0,0.0,0.0,0.0,0.0,0.0,0.0,0.0,0.0,0.0,0.0,0.0,0.0,0.0,0.0,0.0,0.0,0.0,0.0,0.0,0.0,0.0,0.0,0.0,0.0,0.0,0.0,0.0,0.0,0.0,0.0,0.0,0.0,0.0,0.0,0.0,0.0,0.0,0.0,0.0,0.0,0.0,0.0,0.0,0.0,0.0,0.0,0.0,0.0,0.0,0.0,0.0,0.0,0.0,0.0,0.0,0.0,0.0,0.0,0.0,0.0,0.0,0.0,0.0,0.0,0.0,0.0,0.0,0.0,0.0,0.0,0.0,0.0,0.0,0.0,0.0,0.0,0.0,0.0,0.0,0.0,0.0,0.0,0.0,0.0,0.0,0.0,0.0,0.0,0.0,0.0,0.0,0.0,0.0,0.0,0.0,0.0,0.0,0.0,0.0,0.0,0.0,0.0,0.0,0.0,0.0,0.0,0.0,14,0.0,8,0.0,0,0.0,0.0,5,0,0,0,0,0,0,0.0,~
573,Nikola,Milenković,DEF,NFO,?,"Milenković (DEF, ?)",71,1530,2,18,0,1,7,0,0,0,2,0,1,17,1,6.0,0.5,5.666666666666667,1.8888888888888888,2.7487370837451075,90.0,0.0,90.0,0.0,0.0,5.5,2.5,3.9444444444444446,2.617283950617284,2.778333277788886,90.0,0.0,85.0,9.444444444444445,20.615528128088304,0.0,0.0,0.1111111111111111,0.1975308641975308,0.3142696805273545,1.0,1.0,1.0,0.8888888888888888,1.1055415967851334,0.0,0.0,0.0,0.0,0.0,0.0,0.0,0.0555555555555555,0.1049382716049382,0.2290614236454256,0.0,0.0,0.3888888888888889,0.4753086419753086,0.4874980215217846,0.0,0.0,0.0,0.0,0.0,0.0,0.0,0.0,0.0,0.0,0.0,0.0,0.0,0.0,0.0,0.0,0.0,0.1111111111111111,0.1975308641975308,0.3142696805273545,0.0,0.0,0.0,0.0,0.0,0.0,0.0,0.0555555555555555,0.1049382716049382,0.2290614236454256,6.0,1.0,4.176470588235294,2.498269896193772,2.6840551874234904,90.0,0.0,90.0,0.0,0.0,0.0,0.0,0.1176470588235294,0.2076124567474048,0.3221897397089212,1.0,1.0,1.0588235294117647,0.9065743944636676,1.1098801331831298,0.0,0.0,0.0,0.0,0.0,0.0,0.0,0.0588235294117647,0.1107266435986159,0.2352941176470588,0.0,0.0,0.4117647058823529,0.4844290657439445,0.4921529567847503,0.0,0.0,0.0,0.0,0.0,0.0,0.0,0.0,0.0,0.0,0.0,0.0,0.0,0.0,0.0,0.0,0.0,0.1176470588235294,0.2076124567474048,0.3221897397089212,0.0,0.0,0.0,0.0,0.0,0.0,0.0,0.0588235294117647,0.1107266435986159,0.2352941176470588,22,33.611111111111114,20,33.05555555555556,0,0.0,33.33333333333,5,6,6,2,1,0,15,-18.333333333330003,7↓
422,Ola,Aina,DEF,NFO,?,"Aina (DEF, ?)",81,1553,2,18,0,0,7,0,0,0,2,0,13,18,0,4.0,3.0,5.5,4.166666666666667,4.99165971062398,90.0,0.0,85.33333333333333,7.777777777777781,10.43498389499902,2.0,1.5,4.5,3.9444444444444446,4.65772953749404,90.0,0.0,86.27777777777777,6.395061728395067,10.29458085896305,0.0,0.0,0.1111111111111111,0.1975308641975308,0.3142696805273544,1.0,1.0,1.0,0.8888888888888888,1.1055415967851334,0.0,0.0,0.0,0.0,0.0,0.0,0.0,0.0,0.0,0.0,0.0,0.0,0.3888888888888889,0.4753086419753086,0.4874980215217846,0.0,0.0,0.0,0.0,0.0,0.0,0.0,0.0,0.0,0.0,0.0,0.0,0.0,0.0,0.0,0.0,0.0,0.1111111111111111,0.1975308641975308,0.3142696805273545,0.0,0.0,0.0,0.0,0.0,0.0,0.0,0.7222222222222222,1.0432098765432098,1.1928283640879938,2.0,1.5,4.5,3.9444444444444446,4.65772953749404,90.0,0.0,86.27777777777777,6.395061728395067,10.29458085896305,0.0,0.0,0.1111111111111111,0.1975308641975308,0.3142696805273544,1.0,1.0,1.0,0.8888888888888888,1.1055415967851334,0.0,0.0,0.0,0.0,0.0,0.0,0.0,0.0,0.0,0.0,0.0,0.0,0.3888888888888889,0.4753086419753086,0.4874980215217846,0.0,0.0,0.0,0.0,0.0,0.0,0.0,0.0,0.0,0.0,0.0,0.0,0.0,0.0,0.0,0.0,0.0,0.1111111111111111,0.1975308641975308,0.3142696805273545,0.0,0.0,0.0,0.0,0.0,0.0,0.0,0.7222222222222222,1.0432098765432098,1.1928283640879938,22,13.666666666666666,20,13.333333333333332,0,0.0,13.5,5,8,6,2,4,1,21,7.5,5↑
433,Morgan,Gibbs-White,MID,NFO,?,"Gibbs-White (MID, ?)",53,1089,2,12,0,3,6,0,0,0,4,1,8,14,4,4.0,2.5,5.333333333333333,3.6666666666666665,4.2295258468165065,77.5,3.5,77.0,6.0,8.366600265340756,2.0,1.5,2.9444444444444446,2.814814814814815,3.733812799899234,76.0,14.0,60.5,27.166666666666668,33.637363485003135,0.0,0.0,0.1111111111111111,0.1975308641975308,0.3142696805273545,0.0,0.0,0.6666666666666666,0.7407407407407407,0.8819171036881969,0.0,0.0,0.0,0.0,0.0,0.0,0.0,0.1666666666666666,0.2777777777777778,0.3726779962499649,0.0,0.0,0.3333333333333333,0.4444444444444444,0.4714045207910317,0.0,0.0,0.0,0.0,0.0,0.0,0.0,0.0,0.0,0.0,0.0,0.0,0.0,0.0,0.0,0.0,0.0,0.2222222222222222,0.345679012345679,0.415739709641549,0.0,0.0,0.0555555555555555,0.1049382716049382,0.2290614236454256,0.0,0.0,0.4444444444444444,0.7407407407407408,1.0122703976827,2.0,1.0,3.7857142857142856,3.122448979591837,3.839244185821911,79.0,8.0,77.78571428571429,8.387755102040815,10.496112010975244,0.0,0.0,0.1428571428571428,0.2448979591836734,0.3499271061118826,1.0,1.0,0.8571428571428571,0.7346938775510203,0.9147320339189784,0.0,0.0,0.0,0.0,0.0,0.0,0.0,0.2142857142857142,0.336734693877551,0.4103259033241448,0.0,0.0,0.4285714285714285,0.489795918367347,0.4948716593053934,0.0,0.0,0.0,0.0,0.0,0.0,0.0,0.0,0.0,0.0,0.0,0.0,0.0,0.0,0.0,0.0,0.0,0.2857142857142857,0.4081632653061224,0.4517539514526256,0.0,0.0,0.0714285714285714,0.1326530612244897,0.2575393768188563,0.0,0.0,0.5714285714285714,0.8979591836734694,1.1157499537009508,22,13.666666666666666,0,0.0,-10,8.333333333333332,11.0,5,10,8,1,5,2,26,15.0,6↑
432,Anthony,Elanga,MID,NFO,?,"Elanga (MID, ?)",56,953,3,12,0,2,5,0,0,0,1,0,4,18,0,4.0,3.0,5.0,3.6666666666666665,3.958114029012639,38.0,26.5,43.66666666666666,31.666666666666668,32.637742296645186,2.0,1.0,3.111111111111111,2.0617283950617287,2.8262438537726458,57.5,23.0,52.94444444444444,23.950617283950617,28.13355494032432,0.0,0.0,0.1666666666666666,0.2777777777777777,0.372677996249965,0.0,0.0,0.6666666666666666,0.8148148148148148,1.0,0.0,0.0,0.0,0.0,0.0,0.0,0.0,0.1111111111111111,0.1975308641975308,0.3142696805273545,0.0,0.0,0.2777777777777778,0.4012345679012346,0.4479032082388083,0.0,0.0,0.0,0.0,0.0,0.0,0.0,0.0,0.0,0.0,0.0,0.0,0.0,0.0,0.0,0.0,0.0,0.0555555555555555,0.1049382716049382,0.2290614236454256,0.0,0.0,0.0,0.0,0.0,0.0,0.0,0.2222222222222222,0.3950617283950617,0.7114582486036499,2.0,1.0,3.111111111111111,2.0617283950617287,2.8262438537726458,57.5,23.0,52.94444444444444,23.950617283950617,28.13355494032432,0.0,0.0,0.1666666666666666,0.2777777777777777,0.372677996249965,0.0,0.0,0.6666666666666666,0.8148148148148148,1.0,0.0,0.0,0.0,0.0,0.0,0.0,0.0,0.1111111111111111,0.1975308641975308,0.3142696805273545,0.0,0.0,0.2777777777777778,0.4012345679012346,0.4479032082388083,0.0,0.0,0.0,0.0,0.0,0.0,0.0,0.0,0.0,0.0,0.0,0.0,0.0,0.0,0.0,0.0,0.0,0.0555555555555555,0.1049382716049382,0.2290614236454256,0.0,0.0,0.0,0.0,0.0,0.0,0.0,0.2222222222222222,0.3950617283950617,0.7114582486036499,22,12.444444444444445,0,0.0,-10,8.888888888888888,10.66666666667,5,6,6,7,2,2,23,12.33333333333,6↑
443,Matz,Sels,GKP,NFO,?,"Sels (GKP, ?)",79,1620,0,19,0,1,7,51,0,0,2,0,7,18,0,4.0,2.0,4.5,2.5,2.565800719723442,90.0,0.0,90.0,0.0,0.0,3.0,1.5,4.388888888888889,2.5432098765432105,2.870131411797664,90.0,0.0,90.0,0.0,0.0,0.0,0.0,0.0,0.0,0.0,1.0,1.0,1.0555555555555556,0.8580246913580246,1.078693768830422,0.0,0.0,0.0,0.0,0.0,0.0,0.0,0.0555555555555555,0.1049382716049382,0.2290614236454256,0.0,0.0,0.3888888888888889,0.4753086419753086,0.4874980215217846,3.0,2.0,2.833333333333333,1.6296296296296298,2.034425935955617,0.0,0.0,0.0,0.0,0.0,0.0,0.0,0.0,0.0,0.0,0.0,0.0,0.1111111111111111,0.1975308641975308,0.3142696805273545,0.0,0.0,0.0,0.0,0.0,0.0,0.0,0.3888888888888889,0.6481481481481481,0.950957931590205,3.0,1.5,4.388888888888889,2.5432098765432105,2.870131411797664,90.0,0.0,90.0,0.0,0.0,0.0,0.0,0.0,0.0,0.0,1.0,1.0,1.0555555555555556,0.8580246913580246,1.078693768830422,0.0,0.0,0.0,0.0,0.0,0.0,0.0,0.0555555555555555,0.1049382716049382,0.2290614236454256,0.0,0.0,0.3888888888888889,0.4753086419753086,0.4874980215217846,3.0,2.0,2.833333333333333,1.6296296296296298,2.034425935955617,0.0,0.0,0.0,0.0,0.0,0.0,0.0,0.0,0.0,0.0,0.0,0.0,0.1111111111111111,0.1975308641975308,0.3142696805273545,0.0,0.0,0.0,0.0,0.0,0.0,0.0,0.3888888888888889,0.6481481481481481,0.950957931590205,22,18.666666666666668,20,18.33333333333333,0,0.0,18.5,5,6,9,3,1,1,20,1.5,1↑
437,Neco,Williams,DEF,NFO,?,"N.Williams (DEF, ?)",39,823,0,6,0,1,4,0,0,0,4,0,2,15,3,4.0,3.0,4.166666666666667,3.5,3.933474573735316,90.0,0.0,72.66666666666667,24.222222222222214,32.89714611060088,1.0,1.0,2.1666666666666665,2.259259259259258,2.967415635794143,31.5,31.5,45.72222222222222,37.80246913580246,39.3443565846708,0.0,0.0,0.0,0.0,0.0,0.0,0.0,0.3333333333333333,0.4814814814814815,0.5773502691896257,0.0,0.0,0.0,0.0,0.0,0.0,0.0,0.0555555555555555,0.1049382716049382,0.2290614236454256,0.0,0.0,0.2222222222222222,0.345679012345679,0.415739709641549,0.0,0.0,0.0,0.0,0.0,0.0,0.0,0.0,0.0,0.0,0.0,0.0,0.0,0.0,0.0,0.0,0.0,0.2222222222222222,0.345679012345679,0.415739709641549,0.0,0.0,0.0,0.0,0.0,0.0,0.0,0.1111111111111111,0.2098765432098765,0.4581228472908512,1.0,1.0,2.6,2.48,3.0724582991474434,76.0,14.0,54.86666666666667,35.60888888888889,36.82185341463529,0.0,0.0,0.0,0.0,0.0,0.0,0.0,0.4,0.5333333333333333,0.6110100926607788,0.0,0.0,0.0,0.0,0.0,0.0,0.0,0.0666666666666666,0.1244444444444444,0.2494438257849294,0.0,0.0,0.2666666666666666,0.3911111111111111,0.4422166387140533,0.0,0.0,0.0,0.0,0.0,0.0,0.0,0.0,0.0,0.0,0.0,0.0,0.0,0.0,0.0,0.0,0.0,0.2666666666666666,0.3911111111111111,0.4422166387140533,0.0,0.0,0.0,0.0,0.0,0.0,0.0,0.1333333333333333,0.2488888888888888,0.4988876515698588,22,7.444444444444444,20,7.222222222222222,0,0.0,7.33333333333,5,6,6,2,1,1,16,8.66666666667,5↑
436,Murillo,Santiago Costa dos Santos,DEF,NFO,?,"Murillo (DEF, ?)",68,1597,1,19,0,0,7,0,0,0,4,0,7,18,0,3.5,3.0,3.8333333333333335,2.833333333333333,3.023059524536176,90.0,0.0,86.16666666666667,6.388888888888886,8.571593913749194,2.0,1.5,3.7777777777777777,2.6419753086419755,2.779999111821512,90.0,0.0,88.72222222222223,2.4135802469135745,5.268412743844788,0.0,0.0,0.0555555555555555,0.1049382716049382,0.2290614236454256,1.0,1.0,1.0555555555555556,0.8580246913580246,1.078693768830422,0.0,0.0,0.0,0.0,0.0,0.0,0.0,0.0,0.0,0.0,0.0,0.0,0.3888888888888889,0.4753086419753086,0.4874980215217846,0.0,0.0,0.0,0.0,0.0,0.0,0.0,0.0,0.0,0.0,0.0,0.0,0.0,0.0,0.0,0.0,0.0,0.2222222222222222,0.345679012345679,0.415739709641549,0.0,0.0,0.0,0.0,0.0,0.0,0.0,0.3888888888888889,0.6049382716049382,0.8258927081843614,2.0,1.5,3.7777777777777777,2.6419753086419755,2.779999111821512,90.0,0.0,88.72222222222223,2.4135802469135745,5.268412743844788,0.0,0.0,0.0555555555555555,0.1049382716049382,0.2290614236454256,1.0,1.0,1.0555555555555556,0.8580246913580246,1.078693768830422,0.0,0.0,0.0,0.0,0.0,0.0,0.0,0.0,0.0,0.0,0.0,0.0,0.3888888888888889,0.4753086419753086,0.4874980215217846,0.0,0.0,0.0,0.0,0.0,0.0,0.0,0.0,0.0,0.0,0.0,0.0,0.0,0.0,0.0,0.0,0.0,0.2222222222222222,0.345679012345679,0.415739709641549,0.0,0.0,0.0,0.0,0.0,0.0,0.0,0.3888888888888889,0.6049382716049382,0.8258927081843614,22,13.666666666666666,20,13.333333333333332,0,0.0,13.5,5,0,9,3,1,0,13,-0.5,~
423,Elliot,Anderson,MID,NFO,?,"Anderson (MID, ?)",49,1048,0,12,0,5,6,0,0,0,4,0,4,17,1,3.0,1.5,3.5,1.6666666666666667,1.9790570145063195,75.5,13.5,70.16666666666667,16.833333333333332,21.67499839805197,2.5,1.5,2.7222222222222223,1.5,1.8798804795209592,64.0,15.0,58.22222222222222,21.17283950617284,26.063076384365758,0.0,0.0,0.0,0.0,0.0,0.5,0.5,0.6666666666666666,0.6666666666666666,0.74535599249993,0.0,0.0,0.0,0.0,0.0,0.0,0.0,0.2777777777777778,0.4012345679012345,0.4479032082388083,0.0,0.0,0.3333333333333333,0.4444444444444444,0.4714045207910317,0.0,0.0,0.0,0.0,0.0,0.0,0.0,0.0,0.0,0.0,0.0,0.0,0.0,0.0,0.0,0.0,0.0,0.2222222222222222,0.345679012345679,0.415739709641549,0.0,0.0,0.0,0.0,0.0,0.0,0.0,0.2222222222222222,0.3950617283950617,0.628539361054709,3.0,2.0,2.8823529411764706,1.4186851211072664,1.8111534492165475,65.0,12.0,61.64705882352941,18.179930795847756,22.541311555532847,0.0,0.0,0.0,0.0,0.0,1.0,1.0,0.7058823529411765,0.6643598615916955,0.7487012977269327,0.0,0.0,0.0,0.0,0.0,0.0,0.0,0.2941176470588235,0.4152249134948097,0.4556450995538137,0.0,0.0,0.3529411764705882,0.4567474048442907,0.4778846120374094,0.0,0.0,0.0,0.0,0.0,0.0,0.0,0.0,0.0,0.0,0.0,0.0,0.0,0.0,0.0,0.0,0.0,0.2352941176470588,0.3598615916955017,0.4241825029957634,0.0,0.0,0.0,0.0,0.0,0.0,0.0,0.2352941176470588,0.4152249134948097,0.6443794794178425,22,16.166666666666668,0,0.0,-10,10.833333333333332,13.5,5,3,2,2,8,2,17,3.5,3↑
434,Callum,Hudson-Odoi,MID,NFO,?,"Hudson-Odoi (MID, ?)",56,1316,2,12,0,2,7,0,0,0,1,0,3,17,1,3.0,0.5,2.6666666666666665,1.1111111111111114,1.4907119849998598,88.0,2.0,73.66666666666667,24.555555555555557,32.97810721608436,3.0,1.0,3.111111111111111,1.5061728395061726,2.2580446036557307,84.5,5.5,73.11111111111111,18.61728395061728,24.74512048170954,0.0,0.0,0.1111111111111111,0.1975308641975308,0.3142696805273545,0.0,0.0,0.6666666666666666,0.7407407407407407,0.881917103688197,0.0,0.0,0.0,0.0,0.0,0.0,0.0,0.1111111111111111,0.1975308641975308,0.3142696805273545,0.0,0.0,0.3888888888888889,0.4753086419753086,0.4874980215217846,0.0,0.0,0.0,0.0,0.0,0.0,0.0,0.0,0.0,0.0,0.0,0.0,0.0,0.0,0.0,0.0,0.0,0.0555555555555555,0.1049382716049382,0.2290614236454256,0.0,0.0,0.0,0.0,0.0,0.0,0.0,0.1666666666666666,0.2962962962962963,0.4999999999999999,3.0,1.0,3.294117647058824,1.5086505190311417,2.1899424081160337,86.0,4.0,77.41176470588235,13.418685121107268,17.760030549554447,0.0,0.0,0.1176470588235294,0.2076124567474048,0.3221897397089212,0.0,0.0,0.7058823529411765,0.7474048442906573,0.8921029934178294,0.0,0.0,0.0,0.0,0.0,0.0,0.0,0.1176470588235294,0.2076124567474048,0.3221897397089212,0.0,0.0,0.4117647058823529,0.4844290657439445,0.4921529567847503,0.0,0.0,0.0,0.0,0.0,0.0,0.0,0.0,0.0,0.0,0.0,0.0,0.0,0.0,0.0,0.0,0.0,0.0588235294117647,0.1107266435986159,0.2352941176470588,0.0,0.0,0.0,0.0,0.0,0.0,0.0,0.1764705882352941,0.3114186851211073,0.5128116404165498,22,17.444444444444443,0,0.0,-10,13.88888888888889,15.66666666667,5,0,6,2,6,0,14,-1.6666666666700003,2↓
447,Chris,Wood,FWD,NFO,?,"Wood (FWD, ?)",94,1410,10,16,0,0,8,0,0,0,1,0,20,18,0,2.0,0.0,4.166666666666667,2.8888888888888893,3.0776975521032317,88.0,2.0,82.5,8.666666666666666,10.515861036231572,4.5,3.0,5.222222222222222,3.4444444444444446,3.6599264648890233,80.5,9.5,78.33333333333333,9.814814814814817,14.854853303438128,0.5,0.5,0.5555555555555556,0.5555555555555556,0.5983516452371671,1.0,1.0,0.8888888888888888,0.7901234567901235,0.9938079899999066,0.0,0.0,0.0,0.0,0.0,0.0,0.0,0.0,0.0,0.0,0.0,0.0,0.4444444444444444,0.4938271604938272,0.4969039949999533,0.0,0.0,0.0,0.0,0.0,0.0,0.0,0.0,0.0,0.0,0.0,0.0,0.0,0.0,0.0,0.0,0.0,0.0555555555555555,0.1049382716049382,0.2290614236454256,0.0,0.0,0.0,0.0,0.0,0.5,0.5,1.1111111111111112,1.1358024691358024,1.2422599874998832,4.5,3.0,5.222222222222222,3.4444444444444446,3.6599264648890233,80.5,9.5,78.33333333333333,9.814814814814817,14.854853303438128,0.5,0.5,0.5555555555555556,0.5555555555555556,0.5983516452371671,1.0,1.0,0.8888888888888888,0.7901234567901235,0.9938079899999066,0.0,0.0,0.0,0.0,0.0,0.0,0.0,0.0,0.0,0.0,0.0,0.0,0.4444444444444444,0.4938271604938272,0.4969039949999533,0.0,0.0,0.0,0.0,0.0,0.0,0.0,0.0,0.0,0.0,0.0,0.0,0.0,0.0,0.0,0.0,0.0,0.0555555555555555,0.1049382716049382,0.2290614236454256,0.0,0.0,0.0,0.0,0.0,0.5,0.5,1.1111111111111112,1.1358024691358024,1.2422599874998832,22,29.833333333333336,0,0.0,-10,19.166666666666664,24.5,5,12,8,9,12,2,43,18.5,7↑
449,Ryan,Yates,MID,NFO,?,"Yates (MID, ?)",42,1304,1,15,0,1,5,0,0,0,5,0,3,18,0,2.0,0.5,1.8333333333333333,0.5555555555555557,0.6871842709362768,78.5,11.5,68.0,22.0,24.986663109213552,2.0,1.0,2.333333333333333,1.3703703703703702,1.9720265943665385,90.0,0.0,72.44444444444444,21.740740740740744,24.801931426184048,0.0,0.0,0.0555555555555555,0.1049382716049382,0.2290614236454256,0.5,0.5,0.8333333333333334,0.8333333333333334,1.0137937550497031,0.0,0.0,0.0,0.0,0.0,0.0,0.0,0.0555555555555555,0.1049382716049382,0.2290614236454256,0.0,0.0,0.2777777777777778,0.4012345679012346,0.4479032082388083,0.0,0.0,0.0,0.0,0.0,0.0,0.0,0.0,0.0,0.0,0.0,0.0,0.0,0.0,0.0,0.0,0.0,0.2777777777777778,0.4012345679012346,0.4479032082388083,0.0,0.0,0.0,0.0,0.0,0.0,0.0,0.1666666666666666,0.2962962962962963,0.4999999999999999,2.0,1.0,2.333333333333333,1.3703703703703702,1.9720265943665385,90.0,0.0,72.44444444444444,21.740740740740744,24.801931426184048,0.0,0.0,0.0555555555555555,0.1049382716049382,0.2290614236454256,0.5,0.5,0.8333333333333334,0.8333333333333334,1.0137937550497031,0.0,0.0,0.0,0.0,0.0,0.0,0.0,0.0555555555555555,0.1049382716049382,0.2290614236454256,0.0,0.0,0.2777777777777778,0.4012345679012346,0.4479032082388083,0.0,0.0,0.0,0.0,0.0,0.0,0.0,0.0,0.0,0.0,0.0,0.0,0.0,0.0,0.0,0.0,0.0,0.2777777777777778,0.4012345679012346,0.4479032082388083,0.0,0.0,0.0,0.0,0.0,0.0,0.0,0.1666666666666666,0.2962962962962963,0.4999999999999999,22,12.444444444444445,0,0.0,-10,8.888888888888888,10.66666666667,5,0,1,1,1,1,4,-6.66666666667,4↓
596,João Pedro,Ferreira Silva,MID,NFO,?,"Jota Silva (MID, ?)",24,517,0,9,0,2,1,0,0,0,3,0,0,17,1,1.0,0.5,1.8333333333333333,1.4444444444444444,1.9507833184532708,44.5,28.0,43.333333333333336,28.33333333333334,28.767265347188555,1.0,0.0,1.3333333333333333,0.7777777777777778,1.2909944487358058,25.5,17.0,28.72222222222222,18.660493827160494,23.328107880493665,0.0,0.0,0.0,0.0,0.0,0.0,0.0,0.5,0.7777777777777778,0.957427107756338,0.0,0.0,0.0,0.0,0.0,0.0,0.0,0.1111111111111111,0.1975308641975308,0.3142696805273545,0.0,0.0,0.0555555555555555,0.1049382716049382,0.2290614236454256,0.0,0.0,0.0,0.0,0.0,0.0,0.0,0.0,0.0,0.0,0.0,0.0,0.0,0.0,0.0,0.0,0.0,0.1666666666666666,0.2777777777777778,0.3726779962499649,0.0,0.0,0.0,0.0,0.0,0.0,0.0,0.0,0.0,0.0,1.0,0.0,1.411764705882353,0.795847750865052,1.2860712417103204,27.0,18.0,30.41176470588235,18.366782006920417,22.909178287904385,0.0,0.0,0.0,0.0,0.0,0.0,0.0,0.5294117647058824,0.8096885813148789,0.977249866225656,0.0,0.0,0.0,0.0,0.0,0.0,0.0,0.1176470588235294,0.2076124567474048,0.3221897397089212,0.0,0.0,0.0588235294117647,0.1107266435986159,0.2352941176470588,0.0,0.0,0.0,0.0,0.0,0.0,0.0,0.0,0.0,0.0,0.0,0.0,0.0,0.0,0.0,0.0,0.0,0.1764705882352941,0.2906574394463668,0.3812200410828153,0.0,0.0,0.0,0.0,0.0,0.0,0.0,0.0,0.0,0.0,22,5.0,0,0.0,-10,5.0,5.0,5,1,1,1,1,1,5,0.0,~
653,Felipe,Rodrigues da Silva,DEF,NFO,?,"Morato (DEF, ?)",16,272,0,1,0,0,1,0,0,0,0,0,0,11,7,1.0,0.0,1.8333333333333333,1.388888888888889,1.863389981249825,22.0,8.0,34.5,22.0,26.93046601899046,1.0,0.0,0.8888888888888888,0.691358024691358,1.3286956381223771,10.5,10.5,15.11111111111111,13.91358024691358,21.49906687610441,0.0,0.0,0.0,0.0,0.0,0.0,0.0,0.0555555555555555,0.1049382716049382,0.2290614236454256,0.0,0.0,0.0,0.0,0.0,0.0,0.0,0.0,0.0,0.0,0.0,0.0,0.0555555555555555,0.1049382716049382,0.2290614236454256,0.0,0.0,0.0,0.0,0.0,0.0,0.0,0.0,0.0,0.0,0.0,0.0,0.0,0.0,0.0,0.0,0.0,0.0,0.0,0.0,0.0,0.0,0.0,0.0,0.0,0.0,0.0,0.0,0.0,0.0,1.0,0.0,1.4545454545454546,0.8264462809917356,1.4373989364401722,18.0,6.0,24.727272727272727,15.553719008264464,22.77195607476605,0.0,0.0,0.0,0.0,0.0,0.0,0.0,0.0909090909090909,0.165289256198347,0.2874797872880344,0.0,0.0,0.0,0.0,0.0,0.0,0.0,0.0,0.0,0.0,0.0,0.0,0.0909090909090909,0.1652892561983471,0.2874797872880344,0.0,0.0,0.0,0.0,0.0,0.0,0.0,0.0,0.0,0.0,0.0,0.0,0.0,0.0,0.0,0.0,0.0,0.0,0.0,0.0,0.0,0.0,0.0,0.0,0.0,0.0,0.0,0.0,0.0,0.0,22,5.0,20,5.0,0,0.0,5.0,5,8,1,1,1,-1,10,5.0,4↑
431,Nicolás,Domínguez,MID,NFO,?,"Dominguez (MID, ?)",19,801,0,11,0,0,2,0,0,0,5,0,0,15,3,1.0,0.5,0.8333333333333334,0.5555555555555556,0.6871842709362768,22.5,17.0,37.0,30.666666666666668,33.71448748930742,1.0,1.0,1.0555555555555556,0.6358024691358024,0.8480187512485415,44.5,31.0,44.5,31.05555555555556,33.76758800980609,0.0,0.0,0.0,0.0,0.0,0.0,0.0,0.6111111111111112,0.7469135802469135,0.8906233078822999,0.0,0.0,0.0,0.0,0.0,0.0,0.0,0.0,0.0,0.0,0.0,0.0,0.1111111111111111,0.1975308641975308,0.3142696805273545,0.0,0.0,0.0,0.0,0.0,0.0,0.0,0.0,0.0,0.0,0.0,0.0,0.0,0.0,0.0,0.0,0.0,0.2777777777777778,0.4012345679012345,0.4479032082388083,0.0,0.0,0.0,0.0,0.0,0.0,0.0,0.0,0.0,0.0,1.0,0.0,1.2666666666666666,0.6222222222222221,0.7717224601860151,56.0,34.0,53.4,26.64,29.883774861954773,0.0,0.0,0.0,0.0,0.0,0.0,0.0,0.7333333333333333,0.7822222222222222,0.9285592184789412,0.0,0.0,0.0,0.0,0.0,0.0,0.0,0.0,0.0,0.0,0.0,0.0,0.1333333333333333,0.2311111111111111,0.3399346342395189,0.0,0.0,0.0,0.0,0.0,0.0,0.0,0.0,0.0,0.0,0.0,0.0,0.0,0.0,0.0,0.0,0.0,0.3333333333333333,0.4444444444444444,0.4714045207910317,0.0,0.0,0.0,0.0,0.0,0.0,0.0,0.0,0.0,0.0,22,7.444444444444444,0,0.0,-10,3.888888888888889,5.66666666667,5,3,0,1,2,1,7,1.3333333333299997,1↑
424,Taiwo,Awoniyi,FWD,NFO,?,"Awoniyi (FWD, ?)",14,202,0,3,0,0,0,0,0,0,0,0,0,13,5,1.0,0.0,0.6666666666666666,0.4444444444444445,0.4714045207910317,1.0,1.0,5.5,7.5,10.111874208078342,1.0,0.0,0.7777777777777778,0.4320987654320987,0.5328701692569688,2.5,2.5,11.22222222222222,12.432098765432098,16.978926662698203,0.0,0.0,0.0,0.0,0.0,0.0,0.0,0.1666666666666666,0.2962962962962963,0.4999999999999999,0.0,0.0,0.0,0.0,0.0,0.0,0.0,0.0,0.0,0.0,0.0,0.0,0.0,0.0,0.0,0.0,0.0,0.0,0.0,0.0,0.0,0.0,0.0,0.0,0.0,0.0,0.0,0.0,0.0,0.0,0.0,0.0,0.0,0.0,0.0,0.0,0.0,0.0,0.0,0.0,0.0,0.0,0.0,0.0,0.0,1.0,0.0,1.0769230769230769,0.1420118343195265,0.2664693550105965,9.0,8.0,15.538461538461538,13.976331360946746,18.223464943753505,0.0,0.0,0.0,0.0,0.0,0.0,0.0,0.2307692307692307,0.3905325443786983,0.5756395979652217,0.0,0.0,0.0,0.0,0.0,0.0,0.0,0.0,0.0,0.0,0.0,0.0,0.0,0.0,0.0,0.0,0.0,0.0,0.0,0.0,0.0,0.0,0.0,0.0,0.0,0.0,0.0,0.0,0.0,0.0,0.0,0.0,0.0,0.0,0.0,0.0,0.0,0.0,0.0,0.0,0.0,0.0,0.0,0.0,0.0,22,5.0,0,0.0,-10,5.0,5.0,5,1,5,1,1,1,9,4.0,3↑
620,Ramón,Sosa,MID,NFO,?,"Sosa (MID, ?)",16,143,1,2,0,0,0,0,0,0,0,0,0,11,7,0.5,0.5,0.5,0.5,0.5,1.0,1.0,3.8333333333333335,4.722222222222221,6.439893028787219,1.0,0.0,0.8888888888888888,0.691358024691358,1.3286956381223771,2.5,2.5,7.944444444444445,8.376543209876544,9.732375650501226,0.0,0.0,0.0555555555555555,0.1049382716049382,0.2290614236454256,0.0,0.0,0.1111111111111111,0.1975308641975308,0.3142696805273545,0.0,0.0,0.0,0.0,0.0,0.0,0.0,0.0,0.0,0.0,0.0,0.0,0.0,0.0,0.0,0.0,0.0,0.0,0.0,0.0,0.0,0.0,0.0,0.0,0.0,0.0,0.0,0.0,0.0,0.0,0.0,0.0,0.0,0.0,0.0,0.0,0.0,0.0,0.0,0.0,0.0,0.0,0.0,0.0,0.0,1.0,0.0,1.4545454545454546,0.8264462809917356,1.4373989364401722,14.0,8.0,13.0,7.818181818181818,9.448424592106733,0.0,0.0,0.0909090909090909,0.165289256198347,0.2874797872880344,0.0,0.0,0.1818181818181818,0.2975206611570247,0.3856946079199349,0.0,0.0,0.0,0.0,0.0,0.0,0.0,0.0,0.0,0.0,0.0,0.0,0.0,0.0,0.0,0.0,0.0,0.0,0.0,0.0,0.0,0.0,0.0,0.0,0.0,0.0,0.0,0.0,0.0,0.0,0.0,0.0,0.0,0.0,0.0,0.0,0.0,0.0,0.0,0.0,0.0,0.0,0.0,0.0,0.0,22,5.0,0,0.0,-10,5.0,5.0,5,3,0,0,1,0,4,-1.0,~
26,Álex,Moreno Lopera,DEF,NFO,?,"Alex Moreno (DEF, ?)",30,787,0,13,0,1,3,0,0,0,2,0,1,11,7,0.0,0.0,0.3333333333333333,0.4444444444444445,0.4714045207910317,0.0,0.0,17.166666666666668,24.27777777777777,32.91613923628076,1.0,1.0,1.6666666666666667,1.851851851851852,2.5385910352879693,58.0,32.0,43.72222222222222,37.41975308641975,38.91273078677402,0.0,0.0,0.0,0.0,0.0,0.0,0.0,0.7222222222222222,0.882716049382716,1.0437941237808852,0.0,0.0,0.0,0.0,0.0,0.0,0.0,0.0555555555555555,0.1049382716049382,0.2290614236454256,0.0,0.0,0.1666666666666666,0.2777777777777778,0.3726779962499649,0.0,0.0,0.0,0.0,0.0,0.0,0.0,0.0,0.0,0.0,0.0,0.0,0.0,0.0,0.0,0.0,0.0,0.1111111111111111,0.1975308641975308,0.3142696805273545,0.0,0.0,0.0,0.0,0.0,0.0,0.0,0.0555555555555555,0.1049382716049382,0.2290614236454256,1.0,1.0,2.727272727272727,2.330578512396694,2.7663861917641706,79.0,8.0,71.54545454545455,15.669421487603309,22.071633940272488,0.0,0.0,0.0,0.0,0.0,1.0,1.0,1.181818181818182,0.9586776859504132,1.1134044285378082,0.0,0.0,0.0,0.0,0.0,0.0,0.0,0.0909090909090909,0.165289256198347,0.2874797872880344,0.0,0.0,0.2727272727272727,0.396694214876033,0.4453617714151233,0.0,0.0,0.0,0.0,0.0,0.0,0.0,0.0,0.0,0.0,0.0,0.0,0.0,0.0,0.0,0.0,0.0,0.1818181818181818,0.2975206611570247,0.3856946079199349,0.0,0.0,0.0,0.0,0.0,0.0,0.0,0.0909090909090909,0.165289256198347,0.2874797872880344,22,7.444444444444444,20,7.222222222222222,0,0.0,7.33333333333,5,0,0,1,0,0,1,-6.33333333333,4↓
531,James,Ward-Prowse,MID,NFO,?,"Ward-Prowse (MID, ?)",10,402,0,8,0,0,1,0,0,0,0,1,0,8,10,0.0,0.0,0.1666666666666666,0.2777777777777777,0.372677996249965,0.0,0.0,1.3333333333333333,2.222222222222222,2.98142396999972,0.0,0.0,0.5555555555555556,0.7901234567901234,0.955813918560292,0.0,0.0,22.33333333333333,29.370370370370367,34.136978971978955,0.0,0.0,0.0,0.0,0.0,0.0,0.0,0.4444444444444444,0.6419753086419754,0.8314794192830981,0.0,0.0,0.0,0.0,0.0,0.0,0.0,0.0,0.0,0.0,0.0,0.0,0.0555555555555555,0.1049382716049382,0.2290614236454256,0.0,0.0,0.0,0.0,0.0,0.0,0.0,0.0,0.0,0.0,0.0,0.0,0.0,0.0,0.0,0.0,0.0,0.0,0.0,0.0,0.0,0.0,0.0555555555555555,0.1049382716049382,0.2290614236454256,0.0,0.0,0.0,0.0,0.0,1.0,0.5,1.25,0.8125,1.0897247358851685,59.5,30.5,50.25,32.5,34.91686555233731,0.0,0.0,0.0,0.0,0.0,1.0,1.0,1.0,0.75,1.0,0.0,0.0,0.0,0.0,0.0,0.0,0.0,0.0,0.0,0.0,0.0,0.0,0.125,0.21875,0.3307189138830738,0.0,0.0,0.0,0.0,0.0,0.0,0.0,0.0,0.0,0.0,0.0,0.0,0.0,0.0,0.0,0.0,0.0,0.0,0.0,0.0,0.0,0.0,0.125,0.21875,0.3307189138830738,0.0,0.0,0.0,0.0,0.0,22,0.0,0,0.0,-10,0.0,0.0,5,1,4,0,0,0,5,5.0,4↑
425,Willy,Boly,DEF,NFO,?,"Boly (DEF, ?)",4,92,0,1,0,0,0,0,0,0,0,0,0,3,15,0.0,0.0,0.1666666666666666,0.2777777777777778,0.372677996249965,0.0,0.0,0.1666666666666666,0.2777777777777778,0.372677996249965,0.0,0.0,0.2222222222222222,0.3703703703703704,0.5328701692569688,0.0,0.0,5.111111111111111,9.432098765432098,20.59096050020464,0.0,0.0,0.0,0.0,0.0,0.0,0.0,0.0555555555555555,0.1049382716049382,0.2290614236454256,0.0,0.0,0.0,0.0,0.0,0.0,0.0,0.0,0.0,0.0,0.0,0.0,0.0,0.0,0.0,0.0,0.0,0.0,0.0,0.0,0.0,0.0,0.0,0.0,0.0,0.0,0.0,0.0,0.0,0.0,0.0,0.0,0.0,0.0,0.0,0.0,0.0,0.0,0.0,0.0,0.0,0.0,0.0,0.0,0.0,1.0,0.0,1.3333333333333333,0.4444444444444444,0.4714045207910317,1.0,0.0,30.666666666666668,39.55555555555556,41.95500235040182,0.0,0.0,0.0,0.0,0.0,0.0,0.0,0.3333333333333333,0.4444444444444444,0.4714045207910317,0.0,0.0,0.0,0.0,0.0,0.0,0.0,0.0,0.0,0.0,0.0,0.0,0.0,0.0,0.0,0.0,0.0,0.0,0.0,0.0,0.0,0.0,0.0,0.0,0.0,0.0,0.0,0.0,0.0,0.0,0.0,0.0,0.0,0.0,0.0,0.0,0.0,0.0,0.0,0.0,0.0,0.0,0.0,0.0,0.0,22,0.0,20,0.0,0,0.0,0.0,5,0,0,0,0,0,0,0.0,~
428,Eric,da Silva Moreira,MID,NFO,?,"Da Silva Moreira (MID, ?)",2,28,0,0,0,0,0,0,0,0,0,0,0,2,16,0.0,0.0,0.1666666666666666,0.2777777777777778,0.372677996249965,0.0,0.0,4.5,7.5,10.062305898749054,0.0,0.0,0.1111111111111111,0.1975308641975308,0.3142696805273545,0.0,0.0,1.5555555555555556,2.8271604938271606,6.1754192140401125,0.0,0.0,0.0,0.0,0.0,0.0,0.0,0.0,0.0,0.0,0.0,0.0,0.0,0.0,0.0,0.0,0.0,0.0,0.0,0.0,0.0,0.0,0.0,0.0,0.0,0.0,0.0,0.0,0.0,0.0,0.0,0.0,0.0,0.0,0.0,0.0,0.0,0.0,0.0,0.0,0.0,0.0,0.0,0.0,0.0,0.0,0.0,0.0,0.0,0.0,0.0,0.0,0.0,0.0,0.0,1.0,0.0,1.0,0.0,0.0,14.0,13.0,14.0,13.0,13.0,0.0,0.0,0.0,0.0,0.0,0.0,0.0,0.0,0.0,0.0,0.0,0.0,0.0,0.0,0.0,0.0,0.0,0.0,0.0,0.0,0.0,0.0,0.0,0.0,0.0,0.0,0.0,0.0,0.0,0.0,0.0,0.0,0.0,0.0,0.0,0.0,0.0,0.0,0.0,0.0,0.0,0.0,0.0,0.0,0.0,0.0,0.0,0.0,0.0,0.0,0.0,0.0,0.0,0.0,0.0,22,0.0,0,0.0,-10,0.0,0.0,5,0,0,0,0,0,0,0.0,~
444,Harry,Toffolo,DEF,NFO,?,"Toffolo (DEF, ?)",2,37,0,1,0,0,0,0,0,0,0,0,0,2,16,0.0,0.0,0.1666666666666666,0.2777777777777778,0.3726779962499649,0.0,0.0,0.1666666666666666,0.2777777777777778,0.3726779962499649,0.0,0.0,0.1111111111111111,0.1975308641975308,0.3142696805273545,0.0,0.0,2.055555555555556,3.771604938271605,8.235912026823758,0.0,0.0,0.0,0.0,0.0,0.0,0.0,0.0555555555555555,0.1049382716049382,0.2290614236454256,0.0,0.0,0.0,0.0,0.0,0.0,0.0,0.0,0.0,0.0,0.0,0.0,0.0,0.0,0.0,0.0,0.0,0.0,0.0,0.0,0.0,0.0,0.0,0.0,0.0,0.0,0.0,0.0,0.0,0.0,0.0,0.0,0.0,0.0,0.0,0.0,0.0,0.0,0.0,0.0,0.0,0.0,0.0,0.0,0.0,1.0,0.0,1.0,0.0,0.0,18.5,17.5,18.5,17.5,17.5,0.0,0.0,0.0,0.0,0.0,0.5,0.5,0.5,0.5,0.5,0.0,0.0,0.0,0.0,0.0,0.0,0.0,0.0,0.0,0.0,0.0,0.0,0.0,0.0,0.0,0.0,0.0,0.0,0.0,0.0,0.0,0.0,0.0,0.0,0.0,0.0,0.0,0.0,0.0,0.0,0.0,0.0,0.0,0.0,0.0,0.0,0.0,0.0,0.0,0.0,0.0,0.0,0.0,0.0,0.0,22,0.0,20,0.0,0,0.0,0.0,5,1,0,0,0,0,1,1.0,~
442,Ibrahim,Sangaré,MID,NFO,?,"Sangaré (MID, ?)",4,212,0,2,0,0,1,0,0,0,2,0,0,3,15,0.0,0.0,0.0,0.0,0.0,0.0,0.0,0.0,0.0,0.0,0.0,0.0,0.2222222222222222,0.3950617283950617,0.628539361054709,0.0,0.0,11.77777777777778,19.62962962962963,26.95377845200013,0.0,0.0,0.0,0.0,0.0,0.0,0.0,0.1111111111111111,0.1975308641975308,0.3142696805273545,0.0,0.0,0.0,0.0,0.0,0.0,0.0,0.0,0.0,0.0,0.0,0.0,0.0555555555555555,0.1049382716049382,0.2290614236454256,0.0,0.0,0.0,0.0,0.0,0.0,0.0,0.0,0.0,0.0,0.0,0.0,0.0,0.0,0.0,0.0,0.0,0.1111111111111111,0.1975308641975308,0.3142696805273545,0.0,0.0,0.0,0.0,0.0,0.0,0.0,0.0,0.0,0.0,2.0,0.0,1.3333333333333333,0.888888888888889,0.9428090415820634,65.0,8.0,70.66666666666667,12.888888888888893,14.055445761538676,0.0,0.0,0.0,0.0,0.0,1.0,0.0,0.6666666666666666,0.4444444444444445,0.4714045207910317,0.0,0.0,0.0,0.0,0.0,0.0,0.0,0.0,0.0,0.0,0.0,0.0,0.3333333333333333,0.4444444444444444,0.4714045207910317,0.0,0.0,0.0,0.0,0.0,0.0,0.0,0.0,0.0,0.0,0.0,0.0,0.0,0.0,0.0,1.0,0.0,0.6666666666666666,0.4444444444444445,0.4714045207910317,0.0,0.0,0.0,0.0,0.0,0.0,0.0,0.0,0.0,0.0,22,0.0,0,0.0,-10,0.0,0.0,5,0,0,0,0,0,0,0.0,~
429,Danilo,dos Santos de Oliveira,MID,NFO,?,"Danilo (MID, ?)",1,14,0,0,0,0,0,0,0,0,0,0,0,1,17,0.0,0.0,0.0,0.0,0.0,0.0,0.0,0.0,0.0,0.0,0.0,0.0,0.0555555555555555,0.1049382716049382,0.2290614236454256,0.0,0.0,0.7777777777777778,1.469135802469136,3.206859931035958,0.0,0.0,0.0,0.0,0.0,0.0,0.0,0.0,0.0,0.0,0.0,0.0,0.0,0.0,0.0,0.0,0.0,0.0,0.0,0.0,0.0,0.0,0.0,0.0,0.0,0.0,0.0,0.0,0.0,0.0,0.0,0.0,0.0,0.0,0.0,0.0,0.0,0.0,0.0,0.0,0.0,0.0,0.0,0.0,0.0,0.0,0.0,0.0,0.0,0.0,0.0,0.0,0.0,0.0,0.0,1.0,0.0,1.0,0.0,0.0,14.0,0.0,14.0,0.0,0.0,0.0,0.0,0.0,0.0,0.0,0.0,0.0,0.0,0.0,0.0,0.0,0.0,0.0,0.0,0.0,0.0,0.0,0.0,0.0,0.0,0.0,0.0,0.0,0.0,0.0,0.0,0.0,0.0,0.0,0.0,0.0,0.0,0.0,0.0,0.0,0.0,0.0,0.0,0.0,0.0,0.0,0.0,0.0,0.0,0.0,0.0,0.0,0.0,0.0,0.0,0.0,0.0,0.0,0.0,0.0,22,0.0,0,0.0,-10,0.0,0.0,5,0,0,0,0,0,0,0.0,~
426,Josh,Bowler,MID,NFO,?,"Bowler (MID, ?)",0,0,0,0,0,0,0,0,0,0,0,0,0,0,18,0.0,0.0,0.0,0.0,0.0,0.0,0.0,0.0,0.0,0.0,0.0,0.0,0.0,0.0,0.0,0.0,0.0,0.0,0.0,0.0,0.0,0.0,0.0,0.0,0.0,0.0,0.0,0.0,0.0,0.0,0.0,0.0,0.0,0.0,0.0,0.0,0.0,0.0,0.0,0.0,0.0,0.0,0.0,0.0,0.0,0.0,0.0,0.0,0.0,0.0,0.0,0.0,0.0,0.0,0.0,0.0,0.0,0.0,0.0,0.0,0.0,0.0,0.0,0.0,0.0,0.0,0.0,0.0,0.0,0.0,0.0,0.0,0.0,0.0,0.0,0.0,0.0,0.0,0.0,0.0,0.0,0.0,0.0,0.0,0.0,0.0,0.0,0.0,0.0,0.0,0.0,0.0,0.0,0.0,0.0,0.0,0.0,0.0,0.0,0.0,0.0,0.0,0.0,0.0,0.0,0.0,0.0,0.0,0.0,0.0,0.0,0.0,0.0,0.0,0.0,0.0,0.0,0.0,0.0,0.0,0.0,0.0,0.0,0.0,0.0,0.0,0.0,0.0,0.0,0.0,0.0,0.0,0.0,0.0,0.0,0.0,0.0,0.0,0.0,0.0,22,0.0,0,0.0,-10,0.0,0.0,5,0,0,0,0,0,0,0.0,~
427,Carlos Miguel,dos Santos Pereira,GKP,NFO,?,"C.Miguel (GKP, ?)",0,0,0,0,0,0,0,0,0,0,0,0,0,0,18,0.0,0.0,0.0,0.0,0.0,0.0,0.0,0.0,0.0,0.0,0.0,0.0,0.0,0.0,0.0,0.0,0.0,0.0,0.0,0.0,0.0,0.0,0.0,0.0,0.0,0.0,0.0,0.0,0.0,0.0,0.0,0.0,0.0,0.0,0.0,0.0,0.0,0.0,0.0,0.0,0.0,0.0,0.0,0.0,0.0,0.0,0.0,0.0,0.0,0.0,0.0,0.0,0.0,0.0,0.0,0.0,0.0,0.0,0.0,0.0,0.0,0.0,0.0,0.0,0.0,0.0,0.0,0.0,0.0,0.0,0.0,0.0,0.0,0.0,0.0,0.0,0.0,0.0,0.0,0.0,0.0,0.0,0.0,0.0,0.0,0.0,0.0,0.0,0.0,0.0,0.0,0.0,0.0,0.0,0.0,0.0,0.0,0.0,0.0,0.0,0.0,0.0,0.0,0.0,0.0,0.0,0.0,0.0,0.0,0.0,0.0,0.0,0.0,0.0,0.0,0.0,0.0,0.0,0.0,0.0,0.0,0.0,0.0,0.0,0.0,0.0,0.0,0.0,0.0,0.0,0.0,0.0,0.0,0.0,0.0,0.0,0.0,0.0,0.0,0.0,22,0.0,20,0.0,0,0.0,0.0,5,0,0,0,0,0,0,0.0,~
430,Emmanuel,Dennis,FWD,NFO,?,"Dennis (FWD, ?)",0,0,0,0,0,0,0,0,0,0,0,0,0,0,18,0.0,0.0,0.0,0.0,0.0,0.0,0.0,0.0,0.0,0.0,0.0,0.0,0.0,0.0,0.0,0.0,0.0,0.0,0.0,0.0,0.0,0.0,0.0,0.0,0.0,0.0,0.0,0.0,0.0,0.0,0.0,0.0,0.0,0.0,0.0,0.0,0.0,0.0,0.0,0.0,0.0,0.0,0.0,0.0,0.0,0.0,0.0,0.0,0.0,0.0,0.0,0.0,0.0,0.0,0.0,0.0,0.0,0.0,0.0,0.0,0.0,0.0,0.0,0.0,0.0,0.0,0.0,0.0,0.0,0.0,0.0,0.0,0.0,0.0,0.0,0.0,0.0,0.0,0.0,0.0,0.0,0.0,0.0,0.0,0.0,0.0,0.0,0.0,0.0,0.0,0.0,0.0,0.0,0.0,0.0,0.0,0.0,0.0,0.0,0.0,0.0,0.0,0.0,0.0,0.0,0.0,0.0,0.0,0.0,0.0,0.0,0.0,0.0,0.0,0.0,0.0,0.0,0.0,0.0,0.0,0.0,0.0,0.0,0.0,0.0,0.0,0.0,0.0,0.0,0.0,0.0,0.0,0.0,0.0,0.0,0.0,0.0,0.0,0.0,0.0,22,0.0,0,0.0,-10,0.0,0.0,5,0,0,0,0,0,0,0.0,~
435,Alex,Mighten,MID,NFO,?,"Mighten (MID, ?)",0,0,0,0,0,0,0,0,0,0,0,0,0,0,18,0.0,0.0,0.0,0.0,0.0,0.0,0.0,0.0,0.0,0.0,0.0,0.0,0.0,0.0,0.0,0.0,0.0,0.0,0.0,0.0,0.0,0.0,0.0,0.0,0.0,0.0,0.0,0.0,0.0,0.0,0.0,0.0,0.0,0.0,0.0,0.0,0.0,0.0,0.0,0.0,0.0,0.0,0.0,0.0,0.0,0.0,0.0,0.0,0.0,0.0,0.0,0.0,0.0,0.0,0.0,0.0,0.0,0.0,0.0,0.0,0.0,0.0,0.0,0.0,0.0,0.0,0.0,0.0,0.0,0.0,0.0,0.0,0.0,0.0,0.0,0.0,0.0,0.0,0.0,0.0,0.0,0.0,0.0,0.0,0.0,0.0,0.0,0.0,0.0,0.0,0.0,0.0,0.0,0.0,0.0,0.0,0.0,0.0,0.0,0.0,0.0,0.0,0.0,0.0,0.0,0.0,0.0,0.0,0.0,0.0,0.0,0.0,0.0,0.0,0.0,0.0,0.0,0.0,0.0,0.0,0.0,0.0,0.0,0.0,0.0,0.0,0.0,0.0,0.0,0.0,0.0,0.0,0.0,0.0,0.0,0.0,0.0,0.0,0.0,0.0,22,0.0,0,0.0,-10,0.0,0.0,5,0,0,0,0,0,0,0.0,~
438,Omar,Richards,DEF,NFO,?,"O.Richards (DEF, ?)",0,0,0,0,0,0,0,0,0,0,0,0,0,0,18,0.0,0.0,0.0,0.0,0.0,0.0,0.0,0.0,0.0,0.0,0.0,0.0,0.0,0.0,0.0,0.0,0.0,0.0,0.0,0.0,0.0,0.0,0.0,0.0,0.0,0.0,0.0,0.0,0.0,0.0,0.0,0.0,0.0,0.0,0.0,0.0,0.0,0.0,0.0,0.0,0.0,0.0,0.0,0.0,0.0,0.0,0.0,0.0,0.0,0.0,0.0,0.0,0.0,0.0,0.0,0.0,0.0,0.0,0.0,0.0,0.0,0.0,0.0,0.0,0.0,0.0,0.0,0.0,0.0,0.0,0.0,0.0,0.0,0.0,0.0,0.0,0.0,0.0,0.0,0.0,0.0,0.0,0.0,0.0,0.0,0.0,0.0,0.0,0.0,0.0,0.0,0.0,0.0,0.0,0.0,0.0,0.0,0.0,0.0,0.0,0.0,0.0,0.0,0.0,0.0,0.0,0.0,0.0,0.0,0.0,0.0,0.0,0.0,0.0,0.0,0.0,0.0,0.0,0.0,0.0,0.0,0.0,0.0,0.0,0.0,0.0,0.0,0.0,0.0,0.0,0.0,0.0,0.0,0.0,0.0,0.0,0.0,0.0,0.0,0.0,22,0.0,20,0.0,0,0.0,0.0,5,0,0,0,0,0,0,0.0,~
439,Lewis,O'Brien,MID,NFO,?,"O'Brien (MID, ?)",0,0,0,0,0,0,0,0,0,0,0,0,0,0,18,0.0,0.0,0.0,0.0,0.0,0.0,0.0,0.0,0.0,0.0,0.0,0.0,0.0,0.0,0.0,0.0,0.0,0.0,0.0,0.0,0.0,0.0,0.0,0.0,0.0,0.0,0.0,0.0,0.0,0.0,0.0,0.0,0.0,0.0,0.0,0.0,0.0,0.0,0.0,0.0,0.0,0.0,0.0,0.0,0.0,0.0,0.0,0.0,0.0,0.0,0.0,0.0,0.0,0.0,0.0,0.0,0.0,0.0,0.0,0.0,0.0,0.0,0.0,0.0,0.0,0.0,0.0,0.0,0.0,0.0,0.0,0.0,0.0,0.0,0.0,0.0,0.0,0.0,0.0,0.0,0.0,0.0,0.0,0.0,0.0,0.0,0.0,0.0,0.0,0.0,0.0,0.0,0.0,0.0,0.0,0.0,0.0,0.0,0.0,0.0,0.0,0.0,0.0,0.0,0.0,0.0,0.0,0.0,0.0,0.0,0.0,0.0,0.0,0.0,0.0,0.0,0.0,0.0,0.0,0.0,0.0,0.0,0.0,0.0,0.0,0.0,0.0,0.0,0.0,0.0,0.0,0.0,0.0,0.0,0.0,0.0,0.0,0.0,0.0,0.0,22,0.0,0,0.0,-10,0.0,0.0,5,0,0,0,0,0,0,0.0,~
440,Andrew,Omobamidele,DEF,NFO,?,"Omobamidele (DEF, ?)",0,0,0,0,0,0,0,0,0,0,0,0,0,0,18,0.0,0.0,0.0,0.0,0.0,0.0,0.0,0.0,0.0,0.0,0.0,0.0,0.0,0.0,0.0,0.0,0.0,0.0,0.0,0.0,0.0,0.0,0.0,0.0,0.0,0.0,0.0,0.0,0.0,0.0,0.0,0.0,0.0,0.0,0.0,0.0,0.0,0.0,0.0,0.0,0.0,0.0,0.0,0.0,0.0,0.0,0.0,0.0,0.0,0.0,0.0,0.0,0.0,0.0,0.0,0.0,0.0,0.0,0.0,0.0,0.0,0.0,0.0,0.0,0.0,0.0,0.0,0.0,0.0,0.0,0.0,0.0,0.0,0.0,0.0,0.0,0.0,0.0,0.0,0.0,0.0,0.0,0.0,0.0,0.0,0.0,0.0,0.0,0.0,0.0,0.0,0.0,0.0,0.0,0.0,0.0,0.0,0.0,0.0,0.0,0.0,0.0,0.0,0.0,0.0,0.0,0.0,0.0,0.0,0.0,0.0,0.0,0.0,0.0,0.0,0.0,0.0,0.0,0.0,0.0,0.0,0.0,0.0,0.0,0.0,0.0,0.0,0.0,0.0,0.0,0.0,0.0,0.0,0.0,0.0,0.0,0.0,0.0,0.0,0.0,22,0.0,20,0.0,0,0.0,0.0,5,0,0,0,0,0,0,0.0,~
441,Jonathan,Panzo,DEF,NFO,?,"Panzo (DEF, ?)",0,0,0,0,0,0,0,0,0,0,0,0,0,0,18,0.0,0.0,0.0,0.0,0.0,0.0,0.0,0.0,0.0,0.0,0.0,0.0,0.0,0.0,0.0,0.0,0.0,0.0,0.0,0.0,0.0,0.0,0.0,0.0,0.0,0.0,0.0,0.0,0.0,0.0,0.0,0.0,0.0,0.0,0.0,0.0,0.0,0.0,0.0,0.0,0.0,0.0,0.0,0.0,0.0,0.0,0.0,0.0,0.0,0.0,0.0,0.0,0.0,0.0,0.0,0.0,0.0,0.0,0.0,0.0,0.0,0.0,0.0,0.0,0.0,0.0,0.0,0.0,0.0,0.0,0.0,0.0,0.0,0.0,0.0,0.0,0.0,0.0,0.0,0.0,0.0,0.0,0.0,0.0,0.0,0.0,0.0,0.0,0.0,0.0,0.0,0.0,0.0,0.0,0.0,0.0,0.0,0.0,0.0,0.0,0.0,0.0,0.0,0.0,0.0,0.0,0.0,0.0,0.0,0.0,0.0,0.0,0.0,0.0,0.0,0.0,0.0,0.0,0.0,0.0,0.0,0.0,0.0,0.0,0.0,0.0,0.0,0.0,0.0,0.0,0.0,0.0,0.0,0.0,0.0,0.0,0.0,0.0,0.0,0.0,22,0.0,20,0.0,0,0.0,0.0,5,0,0,0,0,0,0,0.0,~
446,Hwang,Ui-jo,FWD,NFO,?,"Ui-jo (FWD, ?)",0,0,0,0,0,0,0,0,0,0,0,0,0,0,18,0.0,0.0,0.0,0.0,0.0,0.0,0.0,0.0,0.0,0.0,0.0,0.0,0.0,0.0,0.0,0.0,0.0,0.0,0.0,0.0,0.0,0.0,0.0,0.0,0.0,0.0,0.0,0.0,0.0,0.0,0.0,0.0,0.0,0.0,0.0,0.0,0.0,0.0,0.0,0.0,0.0,0.0,0.0,0.0,0.0,0.0,0.0,0.0,0.0,0.0,0.0,0.0,0.0,0.0,0.0,0.0,0.0,0.0,0.0,0.0,0.0,0.0,0.0,0.0,0.0,0.0,0.0,0.0,0.0,0.0,0.0,0.0,0.0,0.0,0.0,0.0,0.0,0.0,0.0,0.0,0.0,0.0,0.0,0.0,0.0,0.0,0.0,0.0,0.0,0.0,0.0,0.0,0.0,0.0,0.0,0.0,0.0,0.0,0.0,0.0,0.0,0.0,0.0,0.0,0.0,0.0,0.0,0.0,0.0,0.0,0.0,0.0,0.0,0.0,0.0,0.0,0.0,0.0,0.0,0.0,0.0,0.0,0.0,0.0,0.0,0.0,0.0,0.0,0.0,0.0,0.0,0.0,0.0,0.0,0.0,0.0,0.0,0.0,0.0,0.0,22,0.0,0,0.0,-10,0.0,0.0,5,0,0,0,0,0,0,0.0,~
448,Joe,Worrall,DEF,NFO,?,"Worrall (DEF, ?)",0,0,0,0,0,0,0,0,0,0,0,0,0,0,18,0.0,0.0,0.0,0.0,0.0,0.0,0.0,0.0,0.0,0.0,0.0,0.0,0.0,0.0,0.0,0.0,0.0,0.0,0.0,0.0,0.0,0.0,0.0,0.0,0.0,0.0,0.0,0.0,0.0,0.0,0.0,0.0,0.0,0.0,0.0,0.0,0.0,0.0,0.0,0.0,0.0,0.0,0.0,0.0,0.0,0.0,0.0,0.0,0.0,0.0,0.0,0.0,0.0,0.0,0.0,0.0,0.0,0.0,0.0,0.0,0.0,0.0,0.0,0.0,0.0,0.0,0.0,0.0,0.0,0.0,0.0,0.0,0.0,0.0,0.0,0.0,0.0,0.0,0.0,0.0,0.0,0.0,0.0,0.0,0.0,0.0,0.0,0.0,0.0,0.0,0.0,0.0,0.0,0.0,0.0,0.0,0.0,0.0,0.0,0.0,0.0,0.0,0.0,0.0,0.0,0.0,0.0,0.0,0.0,0.0,0.0,0.0,0.0,0.0,0.0,0.0,0.0,0.0,0.0,0.0,0.0,0.0,0.0,0.0,0.0,0.0,0.0,0.0,0.0,0.0,0.0,0.0,0.0,0.0,0.0,0.0,0.0,0.0,0.0,0.0,22,0.0,20,0.0,0,0.0,0.0,5,0,0,0,0,0,0,0.0,~
453,Adam,Armstrong,FWD,SOU,?,"Armstrong (FWD, ?)",36,1014,2,20,0,2,2,0,0,1,4,0,2,15,3,2.0,0.0,2.333333333333333,0.8888888888888893,1.247219128924647,85.5,4.5,80.66666666666667,9.444444444444445,10.97977939466707,1.5,0.5,2.0,1.4444444444444444,2.10818510677892,71.0,19.0,56.333333333333336,31.148148148148145,34.952348514322566,0.0,0.0,0.1111111111111111,0.1975308641975308,0.3142696805273545,1.0,1.0,1.1111111111111112,0.8395061728395061,1.2422599874998832,0.0,0.0,0.0,0.0,0.0,0.0,0.0,0.1111111111111111,0.1975308641975308,0.3142696805273545,0.0,0.0,0.1111111111111111,0.1975308641975308,0.3142696805273545,0.0,0.0,0.0,0.0,0.0,0.0,0.0,0.0,0.0,0.0,0.0,0.0,0.0555555555555555,0.1049382716049382,0.2290614236454256,0.0,0.0,0.2222222222222222,0.345679012345679,0.415739709641549,0.0,0.0,0.0,0.0,0.0,0.0,0.0,0.1111111111111111,0.1975308641975308,0.3142696805273545,2.0,1.0,2.4,1.573333333333333,2.091251618847749,76.0,14.0,67.6,21.733333333333327,26.54003265509169,0.0,0.0,0.1333333333333333,0.2311111111111111,0.339934634239519,1.0,0.0,1.3333333333333333,0.8888888888888891,1.2472191289246473,0.0,0.0,0.0,0.0,0.0,0.0,0.0,0.1333333333333333,0.2311111111111111,0.339934634239519,0.0,0.0,0.1333333333333333,0.2311111111111111,0.339934634239519,0.0,0.0,0.0,0.0,0.0,0.0,0.0,0.0,0.0,0.0,0.0,0.0,0.0666666666666666,0.1244444444444444,0.2494438257849294,0.0,0.0,0.2666666666666666,0.3911111111111111,0.4422166387140533,0.0,0.0,0.0,0.0,0.0,0.0,0.0,0.1333333333333333,0.2311111111111111,0.339934634239519,-22,6.277777777777778,0,0.0,-22,6.277777777777778,6.27777777778,5,5,1,1,1,1,9,2.72222222222,3↑
476,Kyle,Walker-Peters,DEF,SOU,?,"Walker-Peters (DEF, ?)",36,1425,0,33,0,2,2,0,0,0,3,0,3,16,2,2.0,1.0,2.333333333333333,1.4444444444444446,1.8856180831641267,90.0,0.0,89.16666666666667,1.3888888888888855,1.8633899812498247,1.5,1.0,2.0,1.5555555555555556,2.2852182001336816,90.0,0.0,79.16666666666667,17.59259259259259,28.09952550014561,0.0,0.0,0.0,0.0,0.0,1.0,1.0,1.8333333333333333,1.3703703703703702,1.572330188676101,0.0,0.0,0.0,0.0,0.0,0.0,0.0,0.1111111111111111,0.1975308641975308,0.3142696805273545,0.0,0.0,0.1111111111111111,0.1975308641975308,0.3142696805273545,0.0,0.0,0.0,0.0,0.0,0.0,0.0,0.0,0.0,0.0,0.0,0.0,0.0,0.0,0.0,0.0,0.0,0.1666666666666666,0.2777777777777778,0.3726779962499649,0.0,0.0,0.0,0.0,0.0,0.0,0.0,0.1666666666666666,0.3148148148148148,0.6871842709362769,2.0,1.0,2.25,1.625,2.3048861143232218,90.0,0.0,89.0625,1.640625,2.633171804117612,0.0,0.0,0.0,0.0,0.0,1.5,1.5,2.0625,1.3203125,1.5194057226429023,0.0,0.0,0.0,0.0,0.0,0.0,0.0,0.125,0.21875,0.3307189138830738,0.0,0.0,0.125,0.21875,0.3307189138830738,0.0,0.0,0.0,0.0,0.0,0.0,0.0,0.0,0.0,0.0,0.0,0.0,0.0,0.0,0.0,0.0,0.0,0.1875,0.3046875,0.3903123748998999,0.0,0.0,0.0,0.0,0.0,0.0,0.0,0.1875,0.3515625,0.7261843774138906,-22,5.055555555555555,-4,7.055555555555556,0,0.0,6.05555555556,5,1,-1,1,0,1,2,-4.05555555556,3↓
518,Flynn,Downes,MID,SOU,?,"Downes (MID, ?)",32,1369,1,30,0,0,2,0,0,0,7,0,0,16,2,2.0,0.5,2.1666666666666665,1.2777777777777777,1.863389981249825,71.5,15.0,63.833333333333336,22.555555555555557,30.71599293889459,2.0,0.5,1.7777777777777777,0.8271604938271605,1.2717247935843996,90.0,0.0,76.05555555555556,19.91358024691358,28.26948142868761,0.0,0.0,0.0555555555555555,0.1049382716049382,0.2290614236454256,1.0,1.0,1.6666666666666667,1.2592592592592593,1.4142135623730951,0.0,0.0,0.0,0.0,0.0,0.0,0.0,0.0,0.0,0.0,0.0,0.0,0.1111111111111111,0.1975308641975308,0.3142696805273545,0.0,0.0,0.0,0.0,0.0,0.0,0.0,0.0,0.0,0.0,0.0,0.0,0.0,0.0,0.0,0.0,0.0,0.3888888888888889,0.4753086419753086,0.4874980215217846,0.0,0.0,0.0,0.0,0.0,0.0,0.0,0.0,0.0,0.0,2.0,0.0,2.0,0.625,1.1726039399558574,90.0,0.0,85.5625,6.7109375,9.253166687680494,0.0,0.0,0.0625,0.1171875,0.2420614591379635,1.0,1.0,1.875,1.234375,1.3635890143294642,0.0,0.0,0.0,0.0,0.0,0.0,0.0,0.0,0.0,0.0,0.0,0.0,0.125,0.21875,0.3307189138830738,0.0,0.0,0.0,0.0,0.0,0.0,0.0,0.0,0.0,0.0,0.0,0.0,0.0,0.0,0.0,0.0,0.0,0.4375,0.4921875,0.4960783708246107,0.0,0.0,0.0,0.0,0.0,0.0,0.0,0.0,0.0,0.0,-22,8.777777777777779,0,0.0,-22,8.777777777777777,8.77777777778,5,0,0,0,0,0,0,-8.77777777778,5↓
623,Mateus Gonçalo,Espanha Fernandes,MID,SOU,?,"M.Fernandes (MID, ?)",39,1308,1,28,0,1,3,0,0,0,4,0,0,17,1,2.0,0.0,2.0,0.3333333333333333,0.5773502691896257,90.0,0.0,85.0,6.666666666666667,7.280109889280518,2.0,1.0,2.1666666666666665,1.0370370370370372,1.5723301886761007,85.0,5.0,72.66666666666667,18.77777777777778,26.161889160464774,0.0,0.0,0.0555555555555555,0.1049382716049382,0.2290614236454256,1.0,1.0,1.5555555555555556,1.1728395061728396,1.4229164972072998,0.0,0.0,0.0,0.0,0.0,0.0,0.0,0.0555555555555555,0.1049382716049382,0.2290614236454256,0.0,0.0,0.1666666666666666,0.2777777777777778,0.3726779962499649,0.0,0.0,0.0,0.0,0.0,0.0,0.0,0.0,0.0,0.0,0.0,0.0,0.0,0.0,0.0,0.0,0.0,0.2222222222222222,0.345679012345679,0.415739709641549,0.0,0.0,0.0,0.0,0.0,0.0,0.0,0.0,0.0,0.0,2.0,1.0,2.294117647058824,1.038062283737024,1.5248801643312613,90.0,0.0,76.94117647058823,14.311418685121108,19.8952272971221,0.0,0.0,0.0588235294117647,0.1107266435986159,0.2352941176470588,1.0,1.0,1.6470588235294117,1.1557093425605538,1.411764705882353,0.0,0.0,0.0,0.0,0.0,0.0,0.0,0.0588235294117647,0.1107266435986159,0.2352941176470588,0.0,0.0,0.1764705882352941,0.2906574394463668,0.3812200410828153,0.0,0.0,0.0,0.0,0.0,0.0,0.0,0.0,0.0,0.0,0.0,0.0,0.0,0.0,0.0,0.0,0.0,0.2352941176470588,0.3598615916955017,0.4241825029957634,0.0,0.0,0.0,0.0,0.0,0.0,0.0,0.0,0.0,0.0,-22,7.555555555555555,0,0.0,-22,7.555555555555555,7.55555555556,5,1,0,2,7,1,11,3.44444444444,3↑
461,Taylor,Harwood-Bellis,DEF,SOU,?,"Harwood-Bellis (DEF, ?)",36,1399,1,28,0,0,2,0,0,0,5,0,2,17,1,1.5,1.0,2.1666666666666665,1.9444444444444444,2.733536577809454,90.0,0.0,75.0,25.0,33.54101966249684,1.0,1.0,2.0,1.6666666666666667,2.3804761428476167,90.0,0.0,77.72222222222223,19.09876543209876,27.28207705426883,0.0,0.0,0.0555555555555555,0.1049382716049382,0.2290614236454256,1.0,0.5,1.5555555555555556,1.0740740740740742,1.300522212302181,0.0,0.0,0.0,0.0,0.0,0.0,0.0,0.0,0.0,0.0,0.0,0.0,0.1111111111111111,0.1975308641975308,0.3142696805273545,0.0,0.0,0.0,0.0,0.0,0.0,0.0,0.0,0.0,0.0,0.0,0.0,0.0,0.0,0.0,0.0,0.0,0.2777777777777778,0.4012345679012345,0.4479032082388083,0.0,0.0,0.0,0.0,0.0,0.0,0.0,0.1111111111111111,0.2098765432098765,0.4581228472908512,1.0,1.0,2.117647058823529,1.7231833910034602,2.398096130663472,90.0,0.0,82.29411764705883,12.69204152249135,20.294202898371665,0.0,0.0,0.0588235294117647,0.1107266435986159,0.2352941176470588,1.0,0.0,1.6470588235294117,1.0726643598615917,1.280678885710426,0.0,0.0,0.0,0.0,0.0,0.0,0.0,0.0,0.0,0.0,0.0,0.0,0.1176470588235294,0.2076124567474048,0.3221897397089212,0.0,0.0,0.0,0.0,0.0,0.0,0.0,0.0,0.0,0.0,0.0,0.0,0.0,0.0,0.0,0.0,0.0,0.2941176470588235,0.4152249134948097,0.4556450995538137,0.0,0.0,0.0,0.0,0.0,0.0,0.0,0.1176470588235294,0.2214532871972318,0.4705882352941177,-22,2.555555555555556,-4,4.555555555555555,0,0.0,3.55555555556,5,0,-1,1,1,1,2,-1.5555555555599998,1↓
474,Sugawara,Yukinari,DEF,SOU,?,"Sugawara (DEF, ?)",35,930,1,20,0,1,2,0,0,0,3,0,0,16,2,1.5,1.0,1.6666666666666667,1.3333333333333333,1.699673171197595,44.0,23.5,41.66666666666666,26.33333333333333,28.15828277592384,1.0,1.0,1.9444444444444444,1.493827160493827,1.9571016615342816,60.5,29.5,51.66666666666666,29.81481481481482,32.848135411313685,0.0,0.0,0.0555555555555555,0.1049382716049382,0.2290614236454256,1.0,1.0,1.1111111111111112,0.9382716049382716,1.1493422703098446,0.0,0.0,0.0,0.0,0.0,0.0,0.0,0.0555555555555555,0.1049382716049382,0.2290614236454256,0.0,0.0,0.1111111111111111,0.1975308641975308,0.3142696805273545,0.0,0.0,0.0,0.0,0.0,0.0,0.0,0.0,0.0,0.0,0.0,0.0,0.0,0.0,0.0,0.0,0.0,0.1666666666666666,0.2777777777777778,0.3726779962499649,0.0,0.0,0.0,0.0,0.0,0.0,0.0,0.0,0.0,0.0,1.5,0.5,2.1875,1.53125,1.9435389756832768,63.0,27.0,58.125,25.46875,28.95659467202592,0.0,0.0,0.0625,0.1171875,0.2420614591379635,1.0,1.0,1.25,0.96875,1.14564392373896,0.0,0.0,0.0,0.0,0.0,0.0,0.0,0.0625,0.1171875,0.2420614591379635,0.0,0.0,0.125,0.21875,0.3307189138830738,0.0,0.0,0.0,0.0,0.0,0.0,0.0,0.0,0.0,0.0,0.0,0.0,0.0,0.0,0.0,0.0,0.0,0.1875,0.3046875,0.3903123748998999,0.0,0.0,0.0,0.0,0.0,0.0,0.0,0.0,0.0,0.0,-22,2.555555555555556,-4,4.555555555555555,0,0.0,3.55555555556,5,0,-1,1,0,1,1,-2.55555555556,2↓
27,Cameron,Archer,FWD,SOU,?,"Archer (FWD, ?)",36,889,2,17,0,0,1,0,0,1,0,0,4,17,1,1.5,0.5,1.3333333333333333,0.6666666666666665,0.7453559924999299,58.0,21.5,47.16666666666666,29.5,33.00210431001164,1.0,1.0,2.0,1.3333333333333333,2.23606797749979,59.5,20.5,49.388888888888886,25.90123456790124,29.130241805627374,0.0,0.0,0.1111111111111111,0.1975308641975308,0.3142696805273545,1.0,1.0,0.9444444444444444,0.8395061728395061,1.0258991840344105,0.0,0.0,0.0,0.0,0.0,0.0,0.0,0.0,0.0,0.0,0.0,0.0,0.0555555555555555,0.1049382716049382,0.2290614236454256,0.0,0.0,0.0,0.0,0.0,0.0,0.0,0.0,0.0,0.0,0.0,0.0,0.0555555555555555,0.1049382716049382,0.2290614236454256,0.0,0.0,0.0,0.0,0.0,0.0,0.0,0.0,0.0,0.0,0.0,0.0,0.2222222222222222,0.3950617283950617,0.7114582486036499,1.0,1.0,2.117647058823529,1.384083044982699,2.246103893180798,61.0,16.0,52.294117647058826,24.006920415224915,27.32326030387329,0.0,0.0,0.1176470588235294,0.2076124567474048,0.3221897397089212,1.0,1.0,1.0,0.8235294117647058,1.0289915108550531,0.0,0.0,0.0,0.0,0.0,0.0,0.0,0.0,0.0,0.0,0.0,0.0,0.0588235294117647,0.1107266435986159,0.2352941176470588,0.0,0.0,0.0,0.0,0.0,0.0,0.0,0.0,0.0,0.0,0.0,0.0,0.0588235294117647,0.1107266435986159,0.2352941176470588,0.0,0.0,0.0,0.0,0.0,0.0,0.0,0.0,0.0,0.0,0.0,0.0,0.2352941176470588,0.4152249134948097,0.7299808027053445,-22,2.555555555555556,0,0.0,-22,2.555555555555556,2.55555555556,5,1,1,0,1,1,4,1.4444444444400002,1↑
452,Joe,Aribo,MID,SOU,?,"Aribo (MID, ?)",38,985,2,26,0,0,0,0,0,0,0,0,3,17,1,1.0,0.0,2.333333333333333,1.8888888888888893,2.560381915956203,50.5,24.0,55.66666666666666,23.0,26.411277052720408,1.0,0.5,2.111111111111111,1.419753086419753,2.3306863292670035,54.5,25.0,54.72222222222222,24.5,28.83633039443965,0.0,0.0,0.1111111111111111,0.1975308641975308,0.3142696805273545,1.0,1.0,1.4444444444444444,1.432098765432099,1.6740576859243737,0.0,0.0,0.0,0.0,0.0,0.0,0.0,0.0,0.0,0.0,0.0,0.0,0.0,0.0,0.0,0.0,0.0,0.0,0.0,0.0,0.0,0.0,0.0,0.0,0.0,0.0,0.0,0.0,0.0,0.0,0.0,0.0,0.0,0.0,0.0,0.0,0.0,0.0,0.0,0.0,0.0,0.0,0.1666666666666666,0.2962962962962963,0.4999999999999999,1.0,0.0,2.235294117647059,1.4740484429065743,2.3396684472178046,56.0,25.0,57.94117647058823,22.761245674740483,26.342697588951967,0.0,0.0,0.1176470588235294,0.2076124567474048,0.3221897397089212,1.0,1.0,1.5294117647058822,1.4463667820069204,1.6844495368560417,0.0,0.0,0.0,0.0,0.0,0.0,0.0,0.0,0.0,0.0,0.0,0.0,0.0,0.0,0.0,0.0,0.0,0.0,0.0,0.0,0.0,0.0,0.0,0.0,0.0,0.0,0.0,0.0,0.0,0.0,0.0,0.0,0.0,0.0,0.0,0.0,0.0,0.0,0.0,0.0,0.0,0.0,0.1764705882352941,0.3114186851211073,0.5128116404165498,-22,3.7777777777777777,0,0.0,-22,3.7777777777777777,3.77777777778,5,1,2,3,1,2,9,5.22222222222,4↑
477,Nathan,Wood-Gordon,DEF,SOU,?,"Wood (DEF, ?)",11,435,0,9,0,0,1,0,0,0,2,0,2,5,13,1.0,0.5,1.8333333333333333,2.055555555555556,2.793842435706701,90.0,0.0,72.5,24.166666666666668,32.882366094914765,0.0,0.0,0.6111111111111112,0.9506172839506172,1.829963232444512,0.0,0.0,24.166666666666668,34.907407407407405,39.09568035246633,0.0,0.0,0.0,0.0,0.0,0.0,0.0,0.5,0.7777777777777778,1.2133516482134197,0.0,0.0,0.0,0.0,0.0,0.0,0.0,0.0,0.0,0.0,0.0,0.0,0.0555555555555555,0.1049382716049382,0.2290614236454256,0.0,0.0,0.0,0.0,0.0,0.0,0.0,0.0,0.0,0.0,0.0,0.0,0.0,0.0,0.0,0.0,0.0,0.1111111111111111,0.1975308641975308,0.3142696805273545,0.0,0.0,0.0,0.0,0.0,0.0,0.0,0.1111111111111111,0.2098765432098765,0.4581228472908512,1.0,0.0,2.2,2.3200000000000003,2.9257477676655586,90.0,0.0,87.0,4.8,6.0,0.0,0.0,0.0,0.0,0.0,1.0,1.0,1.8,1.36,1.7204650534085255,0.0,0.0,0.0,0.0,0.0,0.0,0.0,0.0,0.0,0.0,0.0,0.0,0.2,0.32,0.4,0.0,0.0,0.0,0.0,0.0,0.0,0.0,0.0,0.0,0.0,0.0,0.0,0.0,0.0,0.0,0.0,0.0,0.4,0.48,0.4898979485566356,0.0,0.0,0.0,0.0,0.0,0.0,0.0,0.4,0.64,0.8,-22,0.0,-4,0.0,0,0.0,0.0,5,1,1,0,0,0,2,2.0,2↑
466,Joe,Lumley,GKP,SOU,?,"Lumley (GKP, ?)",8,270,0,7,0,0,0,13,0,0,0,0,0,3,15,1.0,1.0,1.3333333333333333,1.3333333333333333,1.3743685418725538,45.0,45.0,45.0,45.0,45.0,0.0,0.0,0.4444444444444444,0.7407407407407408,1.0122703976827,0.0,0.0,15.0,25.0,33.54101966249684,0.0,0.0,0.0,0.0,0.0,0.0,0.0,0.3888888888888889,0.6481481481481483,1.1613636089092705,0.0,0.0,0.0,0.0,0.0,0.0,0.0,0.0,0.0,0.0,0.0,0.0,0.0,0.0,0.0,0.0,0.0,0.7222222222222222,1.2037037037037035,1.6933056282364636,0.0,0.0,0.0,0.0,0.0,0.0,0.0,0.0,0.0,0.0,0.0,0.0,0.0,0.0,0.0,0.0,0.0,0.0,0.0,0.0,0.0,0.0,0.0,0.0,0.0,3.0,0.0,2.6666666666666665,0.4444444444444445,0.4714045207910317,90.0,0.0,90.0,0.0,0.0,0.0,0.0,0.0,0.0,0.0,1.0,0.0,2.333333333333333,1.777777777777778,1.8856180831641267,0.0,0.0,0.0,0.0,0.0,0.0,0.0,0.0,0.0,0.0,0.0,0.0,0.0,0.0,0.0,4.0,1.0,4.333333333333333,1.111111111111111,1.247219128924647,0.0,0.0,0.0,0.0,0.0,0.0,0.0,0.0,0.0,0.0,0.0,0.0,0.0,0.0,0.0,0.0,0.0,0.0,0.0,0.0,0.0,0.0,0.0,0.0,0.0,-22,0.0,-4,0.0,0,0.0,0.0,5,0,0,0,0,0,0,0.0,~
608,Tyler,Dibling,MID,SOU,?,"Dibling (MID, ?)",30,988,1,24,0,0,1,0,0,0,5,0,3,17,1,1.0,0.5,1.1666666666666667,0.5555555555555557,0.6871842709362768,67.5,22.5,55.333333333333336,34.666666666666664,37.06600718837799,1.0,0.0,1.6666666666666667,1.1851851851851851,2.333333333333333,53.5,30.5,54.888888888888886,27.88888888888889,30.86329875234569,0.0,0.0,0.0555555555555555,0.1049382716049382,0.2290614236454256,1.0,1.0,1.3333333333333333,1.185185185185185,1.4142135623730951,0.0,0.0,0.0,0.0,0.0,0.0,0.0,0.0,0.0,0.0,0.0,0.0,0.0555555555555555,0.1049382716049382,0.2290614236454256,0.0,0.0,0.0,0.0,0.0,0.0,0.0,0.0,0.0,0.0,0.0,0.0,0.0,0.0,0.0,0.0,0.0,0.2777777777777778,0.4012345679012346,0.4479032082388083,0.0,0.0,0.0,0.0,0.0,0.0,0.0,0.1666666666666666,0.3148148148148148,0.6871842709362769,1.0,0.0,1.7647058823529411,1.1972318339100343,2.364676616734327,62.0,28.0,58.11764705882353,26.11072664359861,28.651829533908277,0.0,0.0,0.0588235294117647,0.1107266435986159,0.2352941176470588,1.0,1.0,1.411764705882353,1.1903114186851211,1.41665818574027,0.0,0.0,0.0,0.0,0.0,0.0,0.0,0.0,0.0,0.0,0.0,0.0,0.0588235294117647,0.1107266435986159,0.2352941176470588,0.0,0.0,0.0,0.0,0.0,0.0,0.0,0.0,0.0,0.0,0.0,0.0,0.0,0.0,0.0,0.0,0.0,0.2941176470588235,0.4152249134948096,0.4556450995538137,0.0,0.0,0.0,0.0,0.0,0.0,0.0,0.1764705882352941,0.3321799307958478,0.7058823529411765,-22,5.0,0,0.0,-22,5.0,5.0,5,8,2,5,0,0,15,10.0,5↑
462,Kamaldeen,Sulemana,MID,SOU,?,"Kamaldeen (MID, ?)",7,77,0,6,0,0,0,0,0,0,0,0,0,7,11,1.0,0.0,0.8333333333333334,0.2777777777777777,0.3726779962499649,8.0,7.5,10.333333333333334,9.333333333333334,10.274023338281628,0.0,0.0,0.3888888888888889,0.4753086419753086,0.4874980215217846,0.0,0.0,4.277777777777778,5.987654320987654,7.80886643897361,0.0,0.0,0.0,0.0,0.0,0.0,0.0,0.3333333333333333,0.5555555555555556,0.816496580927726,0.0,0.0,0.0,0.0,0.0,0.0,0.0,0.0,0.0,0.0,0.0,0.0,0.0,0.0,0.0,0.0,0.0,0.0,0.0,0.0,0.0,0.0,0.0,0.0,0.0,0.0,0.0,0.0,0.0,0.0,0.0,0.0,0.0,0.0,0.0,0.0,0.0,0.0,0.0,0.0,0.0,0.0,0.0,0.0,0.0,1.0,0.0,1.0,0.0,0.0,12.0,9.0,11.0,7.714285714285714,9.102589898327995,0.0,0.0,0.0,0.0,0.0,0.0,0.0,0.8571428571428571,0.979591836734694,1.1248582677159729,0.0,0.0,0.0,0.0,0.0,0.0,0.0,0.0,0.0,0.0,0.0,0.0,0.0,0.0,0.0,0.0,0.0,0.0,0.0,0.0,0.0,0.0,0.0,0.0,0.0,0.0,0.0,0.0,0.0,0.0,0.0,0.0,0.0,0.0,0.0,0.0,0.0,0.0,0.0,0.0,0.0,0.0,0.0,0.0,0.0,-22,0.0,0,0.0,-22,0.0,0.0,5,1,1,2,1,0,5,5.0,4↑
467,Ryan,Manning,DEF,SOU,?,"Manning (DEF, ?)",13,664,0,18,0,1,0,0,0,0,1,0,0,10,8,0.5,0.5,0.8333333333333334,0.8333333333333334,0.8975274678557507,75.5,14.5,55.833333333333336,35.88888888888889,39.4394754303632,0.0,0.0,0.7222222222222222,0.802469135802469,0.931280811902234,24.5,24.5,36.888888888888886,36.44444444444444,37.98082687194347,0.0,0.0,0.0,0.0,0.0,0.0,0.0,1.0,1.1111111111111112,1.563471919941143,0.0,0.0,0.0,0.0,0.0,0.0,0.0,0.0555555555555555,0.1049382716049382,0.2290614236454256,0.0,0.0,0.0,0.0,0.0,0.0,0.0,0.0,0.0,0.0,0.0,0.0,0.0,0.0,0.0,0.0,0.0,0.0,0.0,0.0,0.0,0.0,0.0555555555555555,0.1049382716049382,0.2290614236454256,0.0,0.0,0.0,0.0,0.0,0.0,0.0,0.0,0.0,0.0,1.0,1.0,1.3,0.76,0.9,74.5,15.5,66.4,19.52,25.23965134466005,0.0,0.0,0.0,0.0,0.0,1.0,1.0,1.8,1.36,1.7204650534085255,0.0,0.0,0.0,0.0,0.0,0.0,0.0,0.1,0.18,0.3,0.0,0.0,0.0,0.0,0.0,0.0,0.0,0.0,0.0,0.0,0.0,0.0,0.0,0.0,0.0,0.0,0.0,0.0,0.0,0.0,0.0,0.0,0.1,0.18,0.3,0.0,0.0,0.0,0.0,0.0,0.0,0.0,0.0,0.0,0.0,-22,0.0,-4,0.0,0,0.0,0.0,5,1,0,0,1,0,2,2.0,2↑
584,Ben,Brereton Díaz,MID,SOU,?,"Brereton Díaz (MID, ?)",13,446,0,10,0,0,0,0,0,0,1,0,0,10,8,0.5,0.5,0.5,0.5,0.5,0.5,0.5,6.666666666666667,8.555555555555555,10.322575044801347,1.0,1.0,0.7222222222222222,0.6419753086419752,0.7307192465536614,6.0,6.0,24.77777777777778,27.061728395061728,31.797196863797,0.0,0.0,0.0,0.0,0.0,0.0,0.0,0.5555555555555556,0.7407407407407408,0.8958064164776167,0.0,0.0,0.0,0.0,0.0,0.0,0.0,0.0,0.0,0.0,0.0,0.0,0.0,0.0,0.0,0.0,0.0,0.0,0.0,0.0,0.0,0.0,0.0,0.0,0.0,0.0,0.0,0.0,0.0,0.0,0.0,0.0,0.0555555555555555,0.1049382716049382,0.2290614236454256,0.0,0.0,0.0,0.0,0.0,0.0,0.0,0.0,0.0,0.0,1.0,0.0,1.3,0.42,0.4582575694955839,38.0,26.0,44.6,27.0,30.591502087998222,0.0,0.0,0.0,0.0,0.0,1.0,1.0,1.0,0.8,1.0,0.0,0.0,0.0,0.0,0.0,0.0,0.0,0.0,0.0,0.0,0.0,0.0,0.0,0.0,0.0,0.0,0.0,0.0,0.0,0.0,0.0,0.0,0.0,0.0,0.0,0.0,0.0,0.0,0.0,0.0,0.0,0.0,0.1,0.18,0.3,0.0,0.0,0.0,0.0,0.0,0.0,0.0,0.0,0.0,0.0,-22,2.555555555555556,0,0.0,-22,2.555555555555556,2.55555555556,5,0,0,0,0,0,0,-2.55555555556,2↓
457,James,Bree,DEF,SOU,?,"Bree (DEF, ?)",4,174,0,5,0,0,0,0,0,0,0,0,0,5,13,0.5,0.5,0.5,0.5,0.5,19.5,19.5,26.83333333333333,23.5,27.612899562020324,0.0,0.0,0.2222222222222222,0.345679012345679,0.415739709641549,0.0,0.0,9.666666666666666,13.962962962962962,20.251200238778715,0.0,0.0,0.0,0.0,0.0,0.0,0.0,0.2777777777777778,0.4938271604938272,0.931280811902234,0.0,0.0,0.0,0.0,0.0,0.0,0.0,0.0,0.0,0.0,0.0,0.0,0.0,0.0,0.0,0.0,0.0,0.0,0.0,0.0,0.0,0.0,0.0,0.0,0.0,0.0,0.0,0.0,0.0,0.0,0.0,0.0,0.0,0.0,0.0,0.0,0.0,0.0,0.0,0.0,0.0,0.0,0.0,0.0,0.0,1.0,0.0,0.8,0.3199999999999999,0.4000000000000001,29.0,16.0,34.8,20.96,24.530796970339143,0.0,0.0,0.0,0.0,0.0,0.0,0.0,1.0,1.2,1.5491933384829668,0.0,0.0,0.0,0.0,0.0,0.0,0.0,0.0,0.0,0.0,0.0,0.0,0.0,0.0,0.0,0.0,0.0,0.0,0.0,0.0,0.0,0.0,0.0,0.0,0.0,0.0,0.0,0.0,0.0,0.0,0.0,0.0,0.0,0.0,0.0,0.0,0.0,0.0,0.0,0.0,0.0,0.0,0.0,0.0,0.0,-22,0.0,-4,0.0,0,0.0,0.0,5,1,1,1,1,4,8,8.0,5↑
14,Aaron,Ramsdale,GKP,SOU,?,"Ramsdale (GKP, ?)",38,990,0,20,0,0,2,42,0,0,1,0,5,11,7,0.0,0.0,2.0,2.6666666666666665,3.651483716701108,0.0,0.0,30.0,40.0,42.42640687119285,1.5,1.5,2.111111111111111,2.049382716049383,2.9038076323048845,90.0,0.0,55.0,42.77777777777778,43.87482193696061,0.0,0.0,0.0,0.0,0.0,0.5,0.5,1.1111111111111112,1.148148148148148,1.286204100310025,0.0,0.0,0.0,0.0,0.0,0.0,0.0,0.0,0.0,0.0,0.0,0.0,0.1111111111111111,0.1975308641975308,0.3142696805273545,1.5,1.5,2.333333333333333,2.1481481481481484,2.3804761428476167,0.0,0.0,0.0,0.0,0.0,0.0,0.0,0.0,0.0,0.0,0.0,0.0,0.0555555555555555,0.1049382716049382,0.2290614236454256,0.0,0.0,0.0,0.0,0.0,0.0,0.0,0.2777777777777778,0.4938271604938272,0.8031573497111645,2.0,1.0,3.4545454545454546,2.2975206611570247,3.0260576321987704,90.0,0.0,90.0,0.0,0.0,0.0,0.0,0.0,0.0,0.0,2.0,1.0,1.818181818181818,1.1074380165289257,1.192261549873091,0.0,0.0,0.0,0.0,0.0,0.0,0.0,0.0,0.0,0.0,0.0,0.0,0.1818181818181818,0.2975206611570247,0.385694607919935,4.0,1.0,3.8181818181818175,1.652892561983471,1.898237547074645,0.0,0.0,0.0,0.0,0.0,0.0,0.0,0.0,0.0,0.0,0.0,0.0,0.0909090909090909,0.165289256198347,0.2874797872880344,0.0,0.0,0.0,0.0,0.0,0.0,0.0,0.4545454545454545,0.743801652892562,0.9875254992000196,-22,3.8333333333333335,-4,6.833333333333334,0,0.0,5.33333333333,5,3,1,3,1,0,8,2.6666666666700003,3↑
455,Jan,Bednarek,DEF,SOU,?,"Bednarek (DEF, ?)",27,1250,0,27,0,0,2,0,0,0,3,0,2,14,4,0.0,0.0,1.6666666666666667,2.2222222222222223,2.9249881291307074,45.0,45.0,45.0,45.0,45.0,1.0,1.0,1.5,1.3333333333333333,1.9790570145063195,90.0,0.0,69.44444444444444,30.8641975308642,37.18903993595458,0.0,0.0,0.0,0.0,0.0,1.0,1.0,1.5,1.2777777777777777,1.4624940645653537,0.0,0.0,0.0,0.0,0.0,0.0,0.0,0.0,0.0,0.0,0.0,0.0,0.1111111111111111,0.1975308641975308,0.3142696805273545,0.0,0.0,0.0,0.0,0.0,0.0,0.0,0.0,0.0,0.0,0.0,0.0,0.0,0.0,0.0,0.0,0.0,0.1666666666666666,0.2777777777777778,0.3726779962499649,0.0,0.0,0.0,0.0,0.0,0.0,0.0,0.1111111111111111,0.2098765432098765,0.4581228472908512,1.0,1.0,1.9285714285714288,1.346938775510204,2.051629516620725,90.0,0.0,89.28571428571429,1.3265306122448928,2.5753937681885644,0.0,0.0,0.0,0.0,0.0,1.5,1.5,1.9285714285714288,1.214285714285714,1.386891988496257,0.0,0.0,0.0,0.0,0.0,0.0,0.0,0.0,0.0,0.0,0.0,0.0,0.1428571428571428,0.2448979591836734,0.3499271061118826,0.0,0.0,0.0,0.0,0.0,0.0,0.0,0.0,0.0,0.0,0.0,0.0,0.0,0.0,0.0,0.0,0.0,0.2142857142857142,0.336734693877551,0.410325903324145,0.0,0.0,0.0,0.0,0.0,0.0,0.0,0.1428571428571428,0.2653061224489795,0.5150787536377127,-22,2.555555555555556,-4,4.555555555555555,0,0.0,3.55555555556,5,0,0,2,7,7,16,12.44444444444,6↑
470,Paul,Onuachu,FWD,SOU,?,"Onuachu (FWD, ?)",8,201,0,5,0,0,0,0,0,0,1,0,0,8,10,0.0,0.0,0.5,0.6666666666666666,0.7637626158259734,0.0,0.0,15.166666666666666,24.944444444444443,33.468476046705334,0.0,0.0,0.4444444444444444,0.54320987654321,0.5983516452371671,0.0,0.0,11.166666666666666,15.574074074074076,22.96918225216852,0.0,0.0,0.0,0.0,0.0,0.0,0.0,0.2777777777777778,0.4320987654320987,0.558326423395605,0.0,0.0,0.0,0.0,0.0,0.0,0.0,0.0,0.0,0.0,0.0,0.0,0.0,0.0,0.0,0.0,0.0,0.0,0.0,0.0,0.0,0.0,0.0,0.0,0.0,0.0,0.0,0.0,0.0,0.0,0.0,0.0,0.0555555555555555,0.1049382716049382,0.2290614236454256,0.0,0.0,0.0,0.0,0.0,0.0,0.0,0.0,0.0,0.0,1.0,0.0,1.0,0.25,0.5,16.5,14.5,25.125,22.6875,28.919878544004987,0.0,0.0,0.0,0.0,0.0,0.5,0.5,0.625,0.625,0.6959705453537527,0.0,0.0,0.0,0.0,0.0,0.0,0.0,0.0,0.0,0.0,0.0,0.0,0.0,0.0,0.0,0.0,0.0,0.0,0.0,0.0,0.0,0.0,0.0,0.0,0.0,0.0,0.0,0.0,0.0,0.0,0.0,0.0,0.125,0.21875,0.3307189138830738,0.0,0.0,0.0,0.0,0.0,0.0,0.0,0.0,0.0,0.0,-22,0.0,0,0.0,-22,0.0,0.0,5,2,1,1,5,2,11,11.0,5↑
397,Ryan,Fraser,MID,SOU,?,"Fraser (MID, ?)",6,301,0,12,0,0,0,0,0,0,0,1,0,7,11,0.0,0.0,0.5,0.6666666666666666,0.7637626158259734,0.0,0.0,14.166666666666666,18.888888888888893,22.704013350555936,0.0,0.0,0.3333333333333333,0.6666666666666666,0.8819171036881969,0.0,0.0,16.72222222222222,21.07407407407408,24.972886531764704,0.0,0.0,0.0,0.0,0.0,0.0,0.0,0.6666666666666666,0.9629629629629628,1.1547005383792517,0.0,0.0,0.0,0.0,0.0,0.0,0.0,0.0,0.0,0.0,0.0,0.0,0.0,0.0,0.0,0.0,0.0,0.0,0.0,0.0,0.0,0.0,0.0,0.0,0.0,0.0,0.0,0.0,0.0,0.0,0.0,0.0,0.0,0.0,0.0,0.0,0.0,0.0555555555555555,0.1049382716049382,0.2290614236454256,0.0,0.0,0.0,0.0,0.0,1.0,0.0,0.8571428571428571,0.816326530612245,1.2453996981544782,45.0,19.0,43.0,19.428571428571427,21.76497842209557,0.0,0.0,0.0,0.0,0.0,2.0,1.0,1.7142857142857142,1.1836734693877553,1.27775312999988,0.0,0.0,0.0,0.0,0.0,0.0,0.0,0.0,0.0,0.0,0.0,0.0,0.0,0.0,0.0,0.0,0.0,0.0,0.0,0.0,0.0,0.0,0.0,0.0,0.0,0.0,0.0,0.0,0.0,0.0,0.0,0.0,0.0,0.0,0.0,0.0,0.0,0.1428571428571428,0.2448979591836734,0.3499271061118826,0.0,0.0,0.0,0.0,0.0,-22,0.0,0,0.0,-22,0.0,0.0,5,0,0,0,0,1,1,1.0,~
188,Lesley,Ugochukwu,MID,SOU,?,"Ugochukwu (MID, ?)",8,327,0,9,0,0,0,0,0,0,2,0,0,8,10,0.0,0.0,0.3333333333333333,0.5555555555555555,0.74535599249993,0.0,0.0,19.83333333333333,26.444444444444446,31.95004781773504,0.0,0.0,0.4444444444444444,0.5925925925925927,0.6849348892187752,0.0,0.0,18.166666666666668,22.092592592592595,25.65205211630792,0.0,0.0,0.0,0.0,0.0,0.0,0.0,0.5,0.7222222222222222,0.8975274678557507,0.0,0.0,0.0,0.0,0.0,0.0,0.0,0.0,0.0,0.0,0.0,0.0,0.0,0.0,0.0,0.0,0.0,0.0,0.0,0.0,0.0,0.0,0.0,0.0,0.0,0.0,0.0,0.0,0.0,0.0,0.0,0.0,0.1111111111111111,0.1975308641975308,0.3142696805273545,0.0,0.0,0.0,0.0,0.0,0.0,0.0,0.0,0.0,0.0,1.0,0.5,1.0,0.5,0.7071067811865476,35.5,7.5,40.875,17.84375,23.50232701244709,0.0,0.0,0.0,0.0,0.0,1.0,1.0,1.125,0.90625,1.0532687216470449,0.0,0.0,0.0,0.0,0.0,0.0,0.0,0.0,0.0,0.0,0.0,0.0,0.0,0.0,0.0,0.0,0.0,0.0,0.0,0.0,0.0,0.0,0.0,0.0,0.0,0.0,0.0,0.0,0.0,0.0,0.0,0.0,0.25,0.375,0.4330127018922193,0.0,0.0,0.0,0.0,0.0,0.0,0.0,0.0,0.0,0.0,-22,0.0,0,0.0,-22,0.0,0.0,5,1,2,2,3,2,10,10.0,5↑
463,Adam,Lallana,MID,SOU,?,"Lallana (MID, ?)",12,315,0,5,0,2,0,0,0,0,4,0,1,9,9,0.0,0.0,0.1666666666666666,0.2777777777777777,0.372677996249965,0.0,0.0,0.5,0.8333333333333334,1.118033988749895,0.0,0.0,0.6666666666666666,0.8888888888888888,1.247219128924647,1.5,1.5,17.5,20.166666666666668,22.77486431231687,0.0,0.0,0.0,0.0,0.0,0.0,0.0,0.2777777777777778,0.4320987654320987,0.558326423395605,0.0,0.0,0.0,0.0,0.0,0.0,0.0,0.1111111111111111,0.1975308641975308,0.3142696805273545,0.0,0.0,0.0,0.0,0.0,0.0,0.0,0.0,0.0,0.0,0.0,0.0,0.0,0.0,0.0,0.0,0.0,0.0,0.0,0.0,0.0,0.0,0.2222222222222222,0.345679012345679,0.415739709641549,0.0,0.0,0.0,0.0,0.0,0.0,0.0,0.0555555555555555,0.1049382716049382,0.2290614236454256,1.0,1.0,1.3333333333333333,1.1851851851851851,1.49071198499986,36.0,22.0,35.0,18.22222222222222,20.612833111653742,0.0,0.0,0.0,0.0,0.0,0.0,0.0,0.5555555555555556,0.6172839506172839,0.6849348892187752,0.0,0.0,0.0,0.0,0.0,0.0,0.0,0.2222222222222222,0.345679012345679,0.415739709641549,0.0,0.0,0.0,0.0,0.0,0.0,0.0,0.0,0.0,0.0,0.0,0.0,0.0,0.0,0.0,0.0,0.0,0.0,0.0,0.0,0.0,0.0,0.4444444444444444,0.4938271604938272,0.4969039949999533,0.0,0.0,0.0,0.0,0.0,0.0,0.0,0.1111111111111111,0.1975308641975308,0.3142696805273544,-22,0.0,0,0.0,-22,0.0,0.0,5,1,1,0,0,1,3,3.0,3↑
469,Alex,McCarthy,GKP,SOU,?,"McCarthy (GKP, ?)",10,360,0,10,0,0,0,19,0,0,0,0,0,4,14,0.0,0.0,0.1666666666666666,0.2777777777777778,0.372677996249965,0.0,0.0,15.0,25.0,33.54101966249684,0.0,0.0,0.5555555555555556,0.8641975308641975,1.1653431646335015,0.0,0.0,20.0,31.11111111111111,37.416573867739416,0.0,0.0,0.0,0.0,0.0,0.0,0.0,0.5555555555555556,0.8641975308641975,1.300522212302181,0.0,0.0,0.0,0.0,0.0,0.0,0.0,0.0,0.0,0.0,0.0,0.0,0.0,0.0,0.0,0.0,0.0,1.0555555555555556,1.7592592592592595,2.460176647276059,0.0,0.0,0.0,0.0,0.0,0.0,0.0,0.0,0.0,0.0,0.0,0.0,0.0,0.0,0.0,0.0,0.0,0.0,0.0,0.0,0.0,0.0,0.0,0.0,0.0,2.5,1.0,2.5,1.0,1.118033988749895,90.0,0.0,90.0,0.0,0.0,0.0,0.0,0.0,0.0,0.0,2.0,1.0,2.5,1.5,1.6583123951777,0.0,0.0,0.0,0.0,0.0,0.0,0.0,0.0,0.0,0.0,0.0,0.0,0.0,0.0,0.0,5.5,2.0,4.75,2.75,3.112474899497183,0.0,0.0,0.0,0.0,0.0,0.0,0.0,0.0,0.0,0.0,0.0,0.0,0.0,0.0,0.0,0.0,0.0,0.0,0.0,0.0,0.0,0.0,0.0,0.0,0.0,-22,0.0,-4,0.0,0,0.0,0.0,5,0,0,0,0,2,2,2.0,2↑
475,Charlie,Taylor,DEF,SOU,?,"Taylor (DEF, ?)",6,218,0,6,0,0,0,0,0,0,1,0,0,6,12,0.0,0.0,0.1666666666666666,0.2777777777777778,0.372677996249965,0.0,0.0,1.8333333333333333,3.055555555555556,4.099457958749615,0.0,0.0,0.3333333333333333,0.4444444444444444,0.4714045207910317,0.0,0.0,12.11111111111111,17.518518518518515,27.910350308102327,0.0,0.0,0.0,0.0,0.0,0.0,0.0,0.3333333333333333,0.5185185185185186,0.7453559924999298,0.0,0.0,0.0,0.0,0.0,0.0,0.0,0.0,0.0,0.0,0.0,0.0,0.0,0.0,0.0,0.0,0.0,0.0,0.0,0.0,0.0,0.0,0.0,0.0,0.0,0.0,0.0,0.0,0.0,0.0,0.0,0.0,0.0555555555555555,0.1049382716049382,0.2290614236454256,0.0,0.0,0.0,0.0,0.0,0.0,0.0,0.0,0.0,0.0,1.0,0.0,1.0,0.0,0.0,13.0,7.0,36.333333333333336,35.77777777777778,38.16921388879904,0.0,0.0,0.0,0.0,0.0,1.0,0.5,1.0,0.6666666666666666,1.0,0.0,0.0,0.0,0.0,0.0,0.0,0.0,0.0,0.0,0.0,0.0,0.0,0.0,0.0,0.0,0.0,0.0,0.0,0.0,0.0,0.0,0.0,0.0,0.0,0.0,0.0,0.0,0.0,0.0,0.0,0.0,0.0,0.1666666666666666,0.2777777777777778,0.372677996249965,0.0,0.0,0.0,0.0,0.0,0.0,0.0,0.0,0.0,0.0,-22,0.0,-4,0.0,0,0.0,0.0,5,0,-1,0,0,0,-1,-1.0,~
460,Ronnie,Edwards,DEF,SOU,?,"Edwards (DEF, ?)",1,12,0,1,0,0,0,0,0,0,0,0,0,1,17,0.0,0.0,0.1666666666666666,0.2777777777777778,0.372677996249965,0.0,0.0,2.0,3.333333333333333,4.47213595499958,0.0,0.0,0.0555555555555555,0.1049382716049382,0.2290614236454256,0.0,0.0,0.6666666666666666,1.2592592592592593,2.7487370837451075,0.0,0.0,0.0,0.0,0.0,0.0,0.0,0.0555555555555555,0.1049382716049382,0.2290614236454256,0.0,0.0,0.0,0.0,0.0,0.0,0.0,0.0,0.0,0.0,0.0,0.0,0.0,0.0,0.0,0.0,0.0,0.0,0.0,0.0,0.0,0.0,0.0,0.0,0.0,0.0,0.0,0.0,0.0,0.0,0.0,0.0,0.0,0.0,0.0,0.0,0.0,0.0,0.0,0.0,0.0,0.0,0.0,0.0,0.0,1.0,0.0,1.0,0.0,0.0,12.0,0.0,12.0,0.0,0.0,0.0,0.0,0.0,0.0,0.0,1.0,0.0,1.0,0.0,0.0,0.0,0.0,0.0,0.0,0.0,0.0,0.0,0.0,0.0,0.0,0.0,0.0,0.0,0.0,0.0,0.0,0.0,0.0,0.0,0.0,0.0,0.0,0.0,0.0,0.0,0.0,0.0,0.0,0.0,0.0,0.0,0.0,0.0,0.0,0.0,0.0,0.0,0.0,0.0,0.0,0.0,0.0,0.0,0.0,0.0,-22,0.0,-4,0.0,0,0.0,0.0,5,0,0,0,0,0,0,0.0,~
472,Jack,Stephens,DEF,SOU,?,"Stephens (DEF, ?)",10,793,0,20,0,0,1,0,0,0,2,2,2,10,8,0.0,0.0,0.0,1.3333333333333333,2.309401076758503,0.0,0.0,21.33333333333333,28.444444444444446,33.698005216266964,0.0,0.0,0.5555555555555556,1.4074074074074074,2.0608041101101566,48.5,41.5,44.05555555555556,39.833333333333336,41.33665607910815,0.0,0.0,0.0,0.0,0.0,0.5,0.5,1.1111111111111112,1.1604938271604937,1.4487116456005886,0.0,0.0,0.0,0.0,0.0,0.0,0.0,0.0,0.0,0.0,0.0,0.0,0.0555555555555555,0.1049382716049382,0.2290614236454256,0.0,0.0,0.0,0.0,0.0,0.0,0.0,0.0,0.0,0.0,0.0,0.0,0.0,0.0,0.0,0.0,0.0,0.1111111111111111,0.1975308641975308,0.3142696805273545,0.0,0.0,0.1111111111111111,0.1975308641975308,0.3142696805273545,0.0,0.0,0.1111111111111111,0.2098765432098765,0.4581228472908512,1.0,1.0,1.0,2.0,2.683281572999748,90.0,0.0,79.3,12.84,16.757386431063768,0.0,0.0,0.0,0.0,0.0,1.5,1.0,2.0,1.2,1.4142135623730951,0.0,0.0,0.0,0.0,0.0,0.0,0.0,0.0,0.0,0.0,0.0,0.0,0.1,0.18,0.3,0.0,0.0,0.0,0.0,0.0,0.0,0.0,0.0,0.0,0.0,0.0,0.0,0.0,0.0,0.0,0.0,0.0,0.2,0.32,0.4000000000000001,0.0,0.0,0.2,0.32,0.4000000000000001,0.0,0.0,0.2,0.36,0.6000000000000001,-22,0.0,-4,0.0,0,0.0,0.0,5,0,0,0,0,0,0,0.0,~
471,Will,Smallbone,MID,SOU,?,"Smallbone (MID, ?)",6,240,0,5,0,0,0,0,0,0,0,0,0,4,14,0.0,0.0,0.0,0.0,0.0,0.0,0.0,0.0,0.0,0.0,0.0,0.0,0.3333333333333333,0.5185185185185186,0.6666666666666666,0.0,0.0,13.333333333333334,20.74074074074074,28.18391976523729,0.0,0.0,0.0,0.0,0.0,0.0,0.0,0.2777777777777778,0.4320987654320987,0.558326423395605,0.0,0.0,0.0,0.0,0.0,0.0,0.0,0.0,0.0,0.0,0.0,0.0,0.0,0.0,0.0,0.0,0.0,0.0,0.0,0.0,0.0,0.0,0.0,0.0,0.0,0.0,0.0,0.0,0.0,0.0,0.0,0.0,0.0,0.0,0.0,0.0,0.0,0.0,0.0,0.0,0.0,0.0,0.0,0.0,0.0,1.5,0.5,1.5,0.5,0.5,64.0,22.5,60.0,26.5,27.829840100151493,0.0,0.0,0.0,0.0,0.0,1.0,0.0,1.25,0.375,0.4330127018922193,0.0,0.0,0.0,0.0,0.0,0.0,0.0,0.0,0.0,0.0,0.0,0.0,0.0,0.0,0.0,0.0,0.0,0.0,0.0,0.0,0.0,0.0,0.0,0.0,0.0,0.0,0.0,0.0,0.0,0.0,0.0,0.0,0.0,0.0,0.0,0.0,0.0,0.0,0.0,0.0,0.0,0.0,0.0,0.0,0.0,-22,0.0,0,0.0,-22,0.0,0.0,5,0,0,1,1,1,3,3.0,3↑
473,Ross,Stewart,FWD,SOU,?,"Stewart (FWD, ?)",3,130,0,2,0,0,0,0,0,0,1,0,0,4,14,0.0,0.0,0.0,0.0,0.0,0.0,0.0,0.0,0.0,0.0,0.0,0.0,0.1666666666666666,0.2777777777777778,0.3726779962499649,0.0,0.0,7.222222222222222,11.234567901234568,13.95849226001288,0.0,0.0,0.0,0.0,0.0,0.0,0.0,0.1111111111111111,0.1975308641975308,0.3142696805273545,0.0,0.0,0.0,0.0,0.0,0.0,0.0,0.0,0.0,0.0,0.0,0.0,0.0,0.0,0.0,0.0,0.0,0.0,0.0,0.0,0.0,0.0,0.0,0.0,0.0,0.0,0.0,0.0,0.0,0.0,0.0,0.0,0.0555555555555555,0.1049382716049382,0.2290614236454256,0.0,0.0,0.0,0.0,0.0,0.0,0.0,0.0,0.0,0.0,1.0,0.0,0.75,0.375,0.4330127018922193,29.5,2.5,32.5,6.25,7.433034373659253,0.0,0.0,0.0,0.0,0.0,0.5,0.5,0.5,0.5,0.5,0.0,0.0,0.0,0.0,0.0,0.0,0.0,0.0,0.0,0.0,0.0,0.0,0.0,0.0,0.0,0.0,0.0,0.0,0.0,0.0,0.0,0.0,0.0,0.0,0.0,0.0,0.0,0.0,0.0,0.0,0.0,0.0,0.25,0.375,0.4330127018922193,0.0,0.0,0.0,0.0,0.0,0.0,0.0,0.0,0.0,0.0,-22,0.0,0,0.0,-22,0.0,0.0,5,0,0,0,0,0,0,0.0,~
450,Carlos,Alcaraz Durán,MID,SOU,?,"Alcaraz (MID, ?)",1,9,0,0,0,0,0,0,0,0,0,0,0,1,17,0.0,0.0,0.0,0.0,0.0,0.0,0.0,0.0,0.0,0.0,0.0,0.0,0.0555555555555555,0.1049382716049382,0.2290614236454256,0.0,0.0,0.5,0.9444444444444444,2.0615528128088303,0.0,0.0,0.0,0.0,0.0,0.0,0.0,0.0,0.0,0.0,0.0,0.0,0.0,0.0,0.0,0.0,0.0,0.0,0.0,0.0,0.0,0.0,0.0,0.0,0.0,0.0,0.0,0.0,0.0,0.0,0.0,0.0,0.0,0.0,0.0,0.0,0.0,0.0,0.0,0.0,0.0,0.0,0.0,0.0,0.0,0.0,0.0,0.0,0.0,0.0,0.0,0.0,0.0,0.0,0.0,1.0,0.0,1.0,0.0,0.0,9.0,0.0,9.0,0.0,0.0,0.0,0.0,0.0,0.0,0.0,0.0,0.0,0.0,0.0,0.0,0.0,0.0,0.0,0.0,0.0,0.0,0.0,0.0,0.0,0.0,0.0,0.0,0.0,0.0,0.0,0.0,0.0,0.0,0.0,0.0,0.0,0.0,0.0,0.0,0.0,0.0,0.0,0.0,0.0,0.0,0.0,0.0,0.0,0.0,0.0,0.0,0.0,0.0,0.0,0.0,0.0,0.0,0.0,0.0,0.0,-22,0.0,0,0.0,-22,0.0,0.0,5,0,0,0,0,0,0,0.0,~
451,Samuel,Amo-Ameyaw,MID,SOU,?,"Amo-Ameyaw (MID, ?)",1,26,0,0,0,0,0,0,0,0,1,0,0,2,16,0.0,0.0,0.0,0.0,0.0,0.0,0.0,2.833333333333333,4.722222222222221,6.335525936249404,0.0,0.0,0.0555555555555555,0.1049382716049382,0.2290614236454256,0.0,0.0,1.4444444444444444,2.567901234567901,4.297573245736381,0.0,0.0,0.0,0.0,0.0,0.0,0.0,0.0,0.0,0.0,0.0,0.0,0.0,0.0,0.0,0.0,0.0,0.0,0.0,0.0,0.0,0.0,0.0,0.0,0.0,0.0,0.0,0.0,0.0,0.0,0.0,0.0,0.0,0.0,0.0,0.0,0.0,0.0,0.0,0.0,0.0,0.0,0.0555555555555555,0.1049382716049382,0.2290614236454256,0.0,0.0,0.0,0.0,0.0,0.0,0.0,0.0,0.0,0.0,0.5,0.5,0.5,0.5,0.5,13.0,4.0,13.0,4.0,4.0,0.0,0.0,0.0,0.0,0.0,0.0,0.0,0.0,0.0,0.0,0.0,0.0,0.0,0.0,0.0,0.0,0.0,0.0,0.0,0.0,0.0,0.0,0.0,0.0,0.0,0.0,0.0,0.0,0.0,0.0,0.0,0.0,0.0,0.0,0.0,0.0,0.0,0.0,0.0,0.0,0.5,0.5,0.5,0.5,0.5,0.0,0.0,0.0,0.0,0.0,0.0,0.0,0.0,0.0,0.0,-22,0.0,0,0.0,-22,0.0,0.0,5,0,0,0,0,0,0,0.0,~
459,Samuel,Edozie,MID,SOU,?,"Edozie (MID, ?)",1,64,0,0,0,0,0,0,0,0,1,0,0,2,16,0.0,0.0,0.0,0.0,0.0,0.0,0.0,0.0,0.0,0.0,0.0,0.0,0.0555555555555555,0.1049382716049382,0.2290614236454256,0.0,0.0,3.555555555555556,6.320987654320988,10.950505935659484,0.0,0.0,0.0,0.0,0.0,0.0,0.0,0.0,0.0,0.0,0.0,0.0,0.0,0.0,0.0,0.0,0.0,0.0,0.0,0.0,0.0,0.0,0.0,0.0,0.0,0.0,0.0,0.0,0.0,0.0,0.0,0.0,0.0,0.0,0.0,0.0,0.0,0.0,0.0,0.0,0.0,0.0,0.0555555555555555,0.1049382716049382,0.2290614236454256,0.0,0.0,0.0,0.0,0.0,0.0,0.0,0.0,0.0,0.0,0.5,0.5,0.5,0.5,0.5,32.0,13.0,32.0,13.0,13.0,0.0,0.0,0.0,0.0,0.0,0.0,0.0,0.0,0.0,0.0,0.0,0.0,0.0,0.0,0.0,0.0,0.0,0.0,0.0,0.0,0.0,0.0,0.0,0.0,0.0,0.0,0.0,0.0,0.0,0.0,0.0,0.0,0.0,0.0,0.0,0.0,0.0,0.0,0.0,0.0,0.5,0.5,0.5,0.5,0.5,0.0,0.0,0.0,0.0,0.0,0.0,0.0,0.0,0.0,0.0,-22,0.0,0,0.0,-22,0.0,0.0,5,0,0,0,0,0,0,0.0,~
515,Maxwel,Cornet,MID,SOU,?,"Cornet (MID, ?)",1,71,0,4,0,0,0,0,0,0,1,0,0,2,16,0.0,0.0,0.0,0.0,0.0,0.0,0.0,0.0,0.0,0.0,0.0,0.0,0.0555555555555555,0.1049382716049382,0.2290614236454256,0.0,0.0,3.9444444444444446,7.012345679012345,11.597280438975638,0.0,0.0,0.0,0.0,0.0,0.0,0.0,0.2222222222222222,0.3950617283950617,0.7114582486036499,0.0,0.0,0.0,0.0,0.0,0.0,0.0,0.0,0.0,0.0,0.0,0.0,0.0,0.0,0.0,0.0,0.0,0.0,0.0,0.0,0.0,0.0,0.0,0.0,0.0,0.0,0.0,0.0,0.0,0.0,0.0,0.0,0.0555555555555555,0.1049382716049382,0.2290614236454256,0.0,0.0,0.0,0.0,0.0,0.0,0.0,0.0,0.0,0.0,0.5,0.5,0.5,0.5,0.5,35.5,9.5,35.5,9.5,9.5,0.0,0.0,0.0,0.0,0.0,2.0,1.0,2.0,1.0,1.0,0.0,0.0,0.0,0.0,0.0,0.0,0.0,0.0,0.0,0.0,0.0,0.0,0.0,0.0,0.0,0.0,0.0,0.0,0.0,0.0,0.0,0.0,0.0,0.0,0.0,0.0,0.0,0.0,0.0,0.0,0.5,0.5,0.5,0.5,0.5,0.0,0.0,0.0,0.0,0.0,0.0,0.0,0.0,0.0,0.0,-22,0.0,0,0.0,-22,0.0,0.0,5,0,0,0,0,0,0,0.0,~
454,Gavin,Bazunu,GKP,SOU,?,"Bazunu (GKP, ?)",0,0,0,0,0,0,0,0,0,0,0,0,0,0,18,0.0,0.0,0.0,0.0,0.0,0.0,0.0,0.0,0.0,0.0,0.0,0.0,0.0,0.0,0.0,0.0,0.0,0.0,0.0,0.0,0.0,0.0,0.0,0.0,0.0,0.0,0.0,0.0,0.0,0.0,0.0,0.0,0.0,0.0,0.0,0.0,0.0,0.0,0.0,0.0,0.0,0.0,0.0,0.0,0.0,0.0,0.0,0.0,0.0,0.0,0.0,0.0,0.0,0.0,0.0,0.0,0.0,0.0,0.0,0.0,0.0,0.0,0.0,0.0,0.0,0.0,0.0,0.0,0.0,0.0,0.0,0.0,0.0,0.0,0.0,0.0,0.0,0.0,0.0,0.0,0.0,0.0,0.0,0.0,0.0,0.0,0.0,0.0,0.0,0.0,0.0,0.0,0.0,0.0,0.0,0.0,0.0,0.0,0.0,0.0,0.0,0.0,0.0,0.0,0.0,0.0,0.0,0.0,0.0,0.0,0.0,0.0,0.0,0.0,0.0,0.0,0.0,0.0,0.0,0.0,0.0,0.0,0.0,0.0,0.0,0.0,0.0,0.0,0.0,0.0,0.0,0.0,0.0,0.0,0.0,0.0,0.0,0.0,0.0,0.0,-22,0.0,-4,0.0,0,0.0,0.0,5,0,0,0,0,0,0,0.0,~
456,Armel,Bella-Kotchap,DEF,SOU,?,"Bella-Kotchap (DEF, ?)",0,0,0,0,0,0,0,0,0,0,0,0,0,0,18,0.0,0.0,0.0,0.0,0.0,0.0,0.0,0.0,0.0,0.0,0.0,0.0,0.0,0.0,0.0,0.0,0.0,0.0,0.0,0.0,0.0,0.0,0.0,0.0,0.0,0.0,0.0,0.0,0.0,0.0,0.0,0.0,0.0,0.0,0.0,0.0,0.0,0.0,0.0,0.0,0.0,0.0,0.0,0.0,0.0,0.0,0.0,0.0,0.0,0.0,0.0,0.0,0.0,0.0,0.0,0.0,0.0,0.0,0.0,0.0,0.0,0.0,0.0,0.0,0.0,0.0,0.0,0.0,0.0,0.0,0.0,0.0,0.0,0.0,0.0,0.0,0.0,0.0,0.0,0.0,0.0,0.0,0.0,0.0,0.0,0.0,0.0,0.0,0.0,0.0,0.0,0.0,0.0,0.0,0.0,0.0,0.0,0.0,0.0,0.0,0.0,0.0,0.0,0.0,0.0,0.0,0.0,0.0,0.0,0.0,0.0,0.0,0.0,0.0,0.0,0.0,0.0,0.0,0.0,0.0,0.0,0.0,0.0,0.0,0.0,0.0,0.0,0.0,0.0,0.0,0.0,0.0,0.0,0.0,0.0,0.0,0.0,0.0,0.0,0.0,-22,0.0,-4,0.0,0,0.0,0.0,5,0,0,0,0,0,0,0.0,~
458,Shea,Charles,MID,SOU,?,"Charles (MID, ?)",0,0,0,0,0,0,0,0,0,0,0,0,0,0,18,0.0,0.0,0.0,0.0,0.0,0.0,0.0,0.0,0.0,0.0,0.0,0.0,0.0,0.0,0.0,0.0,0.0,0.0,0.0,0.0,0.0,0.0,0.0,0.0,0.0,0.0,0.0,0.0,0.0,0.0,0.0,0.0,0.0,0.0,0.0,0.0,0.0,0.0,0.0,0.0,0.0,0.0,0.0,0.0,0.0,0.0,0.0,0.0,0.0,0.0,0.0,0.0,0.0,0.0,0.0,0.0,0.0,0.0,0.0,0.0,0.0,0.0,0.0,0.0,0.0,0.0,0.0,0.0,0.0,0.0,0.0,0.0,0.0,0.0,0.0,0.0,0.0,0.0,0.0,0.0,0.0,0.0,0.0,0.0,0.0,0.0,0.0,0.0,0.0,0.0,0.0,0.0,0.0,0.0,0.0,0.0,0.0,0.0,0.0,0.0,0.0,0.0,0.0,0.0,0.0,0.0,0.0,0.0,0.0,0.0,0.0,0.0,0.0,0.0,0.0,0.0,0.0,0.0,0.0,0.0,0.0,0.0,0.0,0.0,0.0,0.0,0.0,0.0,0.0,0.0,0.0,0.0,0.0,0.0,0.0,0.0,0.0,0.0,0.0,0.0,-22,0.0,0,0.0,-22,0.0,0.0,5,0,0,0,0,0,0,0.0,~
464,Juan,Larios López,DEF,SOU,?,"Larios (DEF, ?)",0,0,0,0,0,0,0,0,0,0,0,0,0,0,18,0.0,0.0,0.0,0.0,0.0,0.0,0.0,0.0,0.0,0.0,0.0,0.0,0.0,0.0,0.0,0.0,0.0,0.0,0.0,0.0,0.0,0.0,0.0,0.0,0.0,0.0,0.0,0.0,0.0,0.0,0.0,0.0,0.0,0.0,0.0,0.0,0.0,0.0,0.0,0.0,0.0,0.0,0.0,0.0,0.0,0.0,0.0,0.0,0.0,0.0,0.0,0.0,0.0,0.0,0.0,0.0,0.0,0.0,0.0,0.0,0.0,0.0,0.0,0.0,0.0,0.0,0.0,0.0,0.0,0.0,0.0,0.0,0.0,0.0,0.0,0.0,0.0,0.0,0.0,0.0,0.0,0.0,0.0,0.0,0.0,0.0,0.0,0.0,0.0,0.0,0.0,0.0,0.0,0.0,0.0,0.0,0.0,0.0,0.0,0.0,0.0,0.0,0.0,0.0,0.0,0.0,0.0,0.0,0.0,0.0,0.0,0.0,0.0,0.0,0.0,0.0,0.0,0.0,0.0,0.0,0.0,0.0,0.0,0.0,0.0,0.0,0.0,0.0,0.0,0.0,0.0,0.0,0.0,0.0,0.0,0.0,0.0,0.0,0.0,0.0,-22,0.0,-4,0.0,0,0.0,0.0,5,0,0,0,0,0,0,0.0,~
465,Mateusz,Lis,GKP,SOU,?,"Lis (GKP, ?)",0,0,0,0,0,0,0,0,0,0,0,0,0,0,18,0.0,0.0,0.0,0.0,0.0,0.0,0.0,0.0,0.0,0.0,0.0,0.0,0.0,0.0,0.0,0.0,0.0,0.0,0.0,0.0,0.0,0.0,0.0,0.0,0.0,0.0,0.0,0.0,0.0,0.0,0.0,0.0,0.0,0.0,0.0,0.0,0.0,0.0,0.0,0.0,0.0,0.0,0.0,0.0,0.0,0.0,0.0,0.0,0.0,0.0,0.0,0.0,0.0,0.0,0.0,0.0,0.0,0.0,0.0,0.0,0.0,0.0,0.0,0.0,0.0,0.0,0.0,0.0,0.0,0.0,0.0,0.0,0.0,0.0,0.0,0.0,0.0,0.0,0.0,0.0,0.0,0.0,0.0,0.0,0.0,0.0,0.0,0.0,0.0,0.0,0.0,0.0,0.0,0.0,0.0,0.0,0.0,0.0,0.0,0.0,0.0,0.0,0.0,0.0,0.0,0.0,0.0,0.0,0.0,0.0,0.0,0.0,0.0,0.0,0.0,0.0,0.0,0.0,0.0,0.0,0.0,0.0,0.0,0.0,0.0,0.0,0.0,0.0,0.0,0.0,0.0,0.0,0.0,0.0,0.0,0.0,0.0,0.0,0.0,0.0,-22,0.0,-4,0.0,0,0.0,0.0,5,0,0,0,0,0,0,0.0,~
468,Sékou,Mara,FWD,SOU,?,"Mara (FWD, ?)",0,0,0,0,0,0,0,0,0,0,0,0,0,0,18,0.0,0.0,0.0,0.0,0.0,0.0,0.0,0.0,0.0,0.0,0.0,0.0,0.0,0.0,0.0,0.0,0.0,0.0,0.0,0.0,0.0,0.0,0.0,0.0,0.0,0.0,0.0,0.0,0.0,0.0,0.0,0.0,0.0,0.0,0.0,0.0,0.0,0.0,0.0,0.0,0.0,0.0,0.0,0.0,0.0,0.0,0.0,0.0,0.0,0.0,0.0,0.0,0.0,0.0,0.0,0.0,0.0,0.0,0.0,0.0,0.0,0.0,0.0,0.0,0.0,0.0,0.0,0.0,0.0,0.0,0.0,0.0,0.0,0.0,0.0,0.0,0.0,0.0,0.0,0.0,0.0,0.0,0.0,0.0,0.0,0.0,0.0,0.0,0.0,0.0,0.0,0.0,0.0,0.0,0.0,0.0,0.0,0.0,0.0,0.0,0.0,0.0,0.0,0.0,0.0,0.0,0.0,0.0,0.0,0.0,0.0,0.0,0.0,0.0,0.0,0.0,0.0,0.0,0.0,0.0,0.0,0.0,0.0,0.0,0.0,0.0,0.0,0.0,0.0,0.0,0.0,0.0,0.0,0.0,0.0,0.0,0.0,0.0,0.0,0.0,-22,0.0,0,0.0,-22,0.0,0.0,5,0,0,0,0,0,0,0.0,~
693,Joseph,O'Brien-Whitmarsh,MID,SOU,?,"O'Brien-Whitmarsh (MID, ?)",0,0,0,0,0,0,0,0,0,0,0,0,0,0,18,0.0,0.0,0.0,0.0,0.0,0.0,0.0,0.0,0.0,0.0,0.0,0.0,0.0,0.0,0.0,0.0,0.0,0.0,0.0,0.0,0.0,0.0,0.0,0.0,0.0,0.0,0.0,0.0,0.0,0.0,0.0,0.0,0.0,0.0,0.0,0.0,0.0,0.0,0.0,0.0,0.0,0.0,0.0,0.0,0.0,0.0,0.0,0.0,0.0,0.0,0.0,0.0,0.0,0.0,0.0,0.0,0.0,0.0,0.0,0.0,0.0,0.0,0.0,0.0,0.0,0.0,0.0,0.0,0.0,0.0,0.0,0.0,0.0,0.0,0.0,0.0,0.0,0.0,0.0,0.0,0.0,0.0,0.0,0.0,0.0,0.0,0.0,0.0,0.0,0.0,0.0,0.0,0.0,0.0,0.0,0.0,0.0,0.0,0.0,0.0,0.0,0.0,0.0,0.0,0.0,0.0,0.0,0.0,0.0,0.0,0.0,0.0,0.0,0.0,0.0,0.0,0.0,0.0,0.0,0.0,0.0,0.0,0.0,0.0,0.0,0.0,0.0,0.0,0.0,0.0,0.0,0.0,0.0,0.0,0.0,0.0,0.0,0.0,0.0,0.0,-22,0.0,0,0.0,-22,0.0,0.0,5,0,0,0,0,0,0,0.0,~
492,Dejan,Kulusevski,MID,TOT,?,"Kulusevski (MID, ?)",74,1408,5,23,0,3,4,0,0,0,3,0,5,18,0,4.5,2.5,4.5,2.833333333333333,2.8722813232690143,90.0,0.0,76.66666666666667,18.222222222222214,24.837248013596213,2.0,1.0,4.111111111111111,2.901234567901235,3.177855476905576,90.0,0.0,78.22222222222223,17.01234567901234,23.486534098300183,0.0,0.0,0.2777777777777778,0.4012345679012346,0.4479032082388083,1.0,1.0,1.2777777777777777,1.067901234567901,1.4834477692020764,0.0,0.0,0.0,0.0,0.0,0.0,0.0,0.1666666666666666,0.2777777777777778,0.3726779962499649,0.0,0.0,0.2222222222222222,0.345679012345679,0.415739709641549,0.0,0.0,0.0,0.0,0.0,0.0,0.0,0.0,0.0,0.0,0.0,0.0,0.0,0.0,0.0,0.0,0.0,0.1666666666666666,0.2777777777777778,0.3726779962499649,0.0,0.0,0.0,0.0,0.0,0.0,0.0,0.2777777777777778,0.4938271604938272,0.8031573497111645,2.0,1.0,4.111111111111111,2.901234567901235,3.177855476905576,90.0,0.0,78.22222222222223,17.01234567901234,23.486534098300183,0.0,0.0,0.2777777777777778,0.4012345679012346,0.4479032082388083,1.0,1.0,1.2777777777777777,1.067901234567901,1.4834477692020764,0.0,0.0,0.0,0.0,0.0,0.0,0.0,0.1666666666666666,0.2777777777777778,0.3726779962499649,0.0,0.0,0.2222222222222222,0.345679012345679,0.415739709641549,0.0,0.0,0.0,0.0,0.0,0.0,0.0,0.0,0.0,0.0,0.0,0.0,0.0,0.0,0.0,0.0,0.0,0.1666666666666666,0.2777777777777778,0.3726779962499649,0.0,0.0,0.0,0.0,0.0,0.0,0.0,0.2777777777777778,0.4938271604938272,0.8031573497111645,-9,9.0,0,0.0,22,12.444444444444445,10.72222222222,5,5,2,2,9,2,20,9.27777777778,5↑
82,Dominic,Solanke-Mitchell,FWD,TOT,?,"Solanke (FWD, ?)",72,1328,6,23,0,5,3,0,0,0,0,0,3,15,3,3.5,2.0,4.0,2.6666666666666665,3.0,90.0,0.0,73.5,24.5,33.03407331831786,2.0,2.0,4.0,2.888888888888889,3.80058475033046,90.0,0.0,73.77777777777777,24.592592592592595,33.12695370432354,0.0,0.0,0.3333333333333333,0.4814814814814815,0.5773502691896257,1.0,1.0,1.2777777777777777,1.0987654320987654,1.5565473029024337,0.0,0.0,0.0,0.0,0.0,0.0,0.0,0.2777777777777778,0.4012345679012346,0.4479032082388083,0.0,0.0,0.1666666666666666,0.2777777777777778,0.3726779962499649,0.0,0.0,0.0,0.0,0.0,0.0,0.0,0.0,0.0,0.0,0.0,0.0,0.0,0.0,0.0,0.0,0.0,0.0,0.0,0.0,0.0,0.0,0.0,0.0,0.0,0.0,0.0,0.1666666666666666,0.3148148148148148,0.6871842709362769,5.0,3.0,4.8,2.6133333333333337,3.673327283721576,90.0,0.0,88.53333333333333,2.346666666666668,3.2427697352040825,0.0,0.0,0.4,0.5333333333333333,0.6110100926607788,1.0,0.0,1.5333333333333334,1.1822222222222225,1.586050300449376,0.0,0.0,0.0,0.0,0.0,0.0,0.0,0.3333333333333333,0.4444444444444444,0.4714045207910317,0.0,0.0,0.2,0.32,0.4000000000000001,0.0,0.0,0.0,0.0,0.0,0.0,0.0,0.0,0.0,0.0,0.0,0.0,0.0,0.0,0.0,0.0,0.0,0.0,0.0,0.0,0.0,0.0,0.0,0.0,0.0,0.0,0.0,0.2,0.3733333333333334,0.7483314773547879,-9,8.0,0,0.0,22,14.88888888888889,11.44444444444,5,2,9,0,0,0,11,-0.4444444444400002,~
494,James,Maddison,MID,TOT,?,"Maddison (MID, ?)",97,1104,8,17,0,5,4,0,0,0,4,0,12,18,0,3.0,2.0,4.833333333333333,3.777777777777778,4.913134324327892,66.5,15.0,55.5,24.666666666666668,27.801378862687127,4.0,2.0,5.388888888888889,3.697530864197531,4.680205229223855,77.0,8.5,61.333333333333336,23.925925925925924,28.25282680055612,0.0,0.0,0.4444444444444444,0.5925925925925927,0.6849348892187752,1.0,1.0,0.9444444444444444,0.7345679012345678,1.078693768830422,0.0,0.0,0.0,0.0,0.0,0.0,0.0,0.2777777777777778,0.4012345679012345,0.4479032082388083,0.0,0.0,0.2222222222222222,0.345679012345679,0.415739709641549,0.0,0.0,0.0,0.0,0.0,0.0,0.0,0.0,0.0,0.0,0.0,0.0,0.0,0.0,0.0,0.0,0.0,0.2222222222222222,0.345679012345679,0.415739709641549,0.0,0.0,0.0,0.0,0.0,0.0,0.0,0.6666666666666666,1.0370370370370372,1.247219128924647,4.0,2.0,5.388888888888889,3.697530864197531,4.680205229223855,77.0,8.5,61.333333333333336,23.925925925925924,28.25282680055612,0.0,0.0,0.4444444444444444,0.5925925925925927,0.6849348892187752,1.0,1.0,0.9444444444444444,0.7345679012345678,1.078693768830422,0.0,0.0,0.0,0.0,0.0,0.0,0.0,0.2777777777777778,0.4012345679012345,0.4479032082388083,0.0,0.0,0.2222222222222222,0.345679012345679,0.415739709641549,0.0,0.0,0.0,0.0,0.0,0.0,0.0,0.0,0.0,0.0,0.0,0.0,0.0,0.0,0.0,0.0,0.0,0.2222222222222222,0.345679012345679,0.415739709641549,0.0,0.0,0.0,0.0,0.0,0.0,0.0,0.6666666666666666,1.0370370370370372,1.247219128924647,-9,18.0,0,0.0,22,24.88888888888889,21.44444444444,5,1,1,1,2,0,5,-16.44444444444,6↓
491,Brennan,Johnson,MID,TOT,?,"Johnson (MID, ?)",77,1292,6,18,0,4,2,0,0,0,3,0,5,18,0,3.0,1.0,3.6666666666666665,2.333333333333333,3.144660377352201,71.0,19.0,66.5,23.5,24.219482515803957,3.5,1.5,4.277777777777778,2.592592592592593,3.0877096070200563,80.0,10.0,71.77777777777777,18.38271604938272,21.42572585456702,0.0,0.0,0.3333333333333333,0.4444444444444444,0.4714045207910317,1.0,0.0,1.0,0.4444444444444444,0.7453559924999299,0.0,0.0,0.0,0.0,0.0,0.0,0.0,0.2222222222222222,0.345679012345679,0.415739709641549,0.0,0.0,0.1111111111111111,0.1975308641975308,0.3142696805273545,0.0,0.0,0.0,0.0,0.0,0.0,0.0,0.0,0.0,0.0,0.0,0.0,0.0,0.0,0.0,0.0,0.0,0.1666666666666666,0.2777777777777778,0.3726779962499649,0.0,0.0,0.0,0.0,0.0,0.0,0.0,0.2777777777777778,0.462962962962963,0.7307192465536614,3.5,1.5,4.277777777777778,2.592592592592593,3.0877096070200563,80.0,10.0,71.77777777777777,18.38271604938272,21.42572585456702,0.0,0.0,0.3333333333333333,0.4444444444444444,0.4714045207910317,1.0,0.0,1.0,0.4444444444444444,0.7453559924999299,0.0,0.0,0.0,0.0,0.0,0.0,0.0,0.2222222222222222,0.345679012345679,0.415739709641549,0.0,0.0,0.1111111111111111,0.1975308641975308,0.3142696805273545,0.0,0.0,0.0,0.0,0.0,0.0,0.0,0.0,0.0,0.0,0.0,0.0,0.0,0.0,0.0,0.0,0.0,0.1666666666666666,0.2777777777777778,0.3726779962499649,0.0,0.0,0.0,0.0,0.0,0.0,0.0,0.2777777777777778,0.462962962962963,0.7307192465536614,-9,16.0,0,0.0,22,21.166666666666668,18.58333333333,5,9,2,1,0,0,12,-6.58333333333,4↓
488,Fraser,Forster,GKP,TOT,?,"Forster (GKP, ?)",18,540,0,13,0,0,1,28,0,0,0,0,0,6,12,2.5,1.5,3.0,1.6666666666666667,2.0816659994661326,90.0,0.0,90.0,0.0,0.0,0.0,0.0,1.0,1.3333333333333333,1.855921454276674,0.0,0.0,30.0,40.0,42.42640687119285,0.0,0.0,0.0,0.0,0.0,0.0,0.0,0.7222222222222222,1.0432098765432098,1.5918387535438228,0.0,0.0,0.0,0.0,0.0,0.0,0.0,0.0,0.0,0.0,0.0,0.0,0.0555555555555555,0.1049382716049382,0.2290614236454256,0.0,0.0,1.5555555555555556,2.0740740740740744,2.3856567281759875,0.0,0.0,0.0,0.0,0.0,0.0,0.0,0.0,0.0,0.0,0.0,0.0,0.0,0.0,0.0,0.0,0.0,0.0,0.0,0.0,0.0,0.0,0.0,0.0,0.0,2.5,1.5,3.0,1.6666666666666667,2.0816659994661326,90.0,0.0,90.0,0.0,0.0,0.0,0.0,0.0,0.0,0.0,1.0,0.5,2.1666666666666665,1.8888888888888888,2.114762923408253,0.0,0.0,0.0,0.0,0.0,0.0,0.0,0.0,0.0,0.0,0.0,0.0,0.1666666666666666,0.2777777777777778,0.372677996249965,4.5,1.0,4.666666666666667,1.3333333333333333,1.5986105077709063,0.0,0.0,0.0,0.0,0.0,0.0,0.0,0.0,0.0,0.0,0.0,0.0,0.0,0.0,0.0,0.0,0.0,0.0,0.0,0.0,0.0,0.0,0.0,0.0,0.0,-9,0.0,4,0.0,0,0.0,0.0,5,1,0,0,0,0,1,1.0,~
503,Son,Heung-min,MID,TOT,?,"Son (MID, ?)",81,1145,5,20,0,6,2,0,0,0,0,0,9,15,3,2.0,0.5,4.666666666666667,3.888888888888889,4.606758320361751,80.5,9.5,69.83333333333333,20.55555555555556,22.41589217992945,2.0,2.0,4.5,3.7777777777777777,4.633812924819281,80.5,9.5,63.61111111111112,27.80864197530864,33.05742291644258,0.0,0.0,0.2777777777777778,0.4320987654320987,0.558326423395605,1.0,1.0,1.1111111111111112,0.9506172839506172,1.3698697784375504,0.0,0.0,0.0,0.0,0.0,0.0,0.0,0.3333333333333333,0.5185185185185186,0.6666666666666666,0.0,0.0,0.1111111111111111,0.1975308641975308,0.3142696805273545,0.0,0.0,0.0,0.0,0.0,0.0,0.0,0.0,0.0,0.0,0.0,0.0,0.0,0.0,0.0,0.0,0.0,0.0,0.0,0.0,0.0,0.0,0.0,0.0,0.0,0.0,0.0,0.5,0.7222222222222222,0.8975274678557507,3.0,1.0,5.4,3.813333333333333,4.572380853195266,90.0,0.0,76.33333333333333,15.688888888888892,18.445113776342563,0.0,0.0,0.3333333333333333,0.4888888888888888,0.5962847939999438,1.0,1.0,1.3333333333333333,1.0222222222222224,1.3984117975602022,0.0,0.0,0.0,0.0,0.0,0.0,0.0,0.4,0.5866666666666667,0.7118052168020875,0.0,0.0,0.1333333333333333,0.2311111111111111,0.339934634239519,0.0,0.0,0.0,0.0,0.0,0.0,0.0,0.0,0.0,0.0,0.0,0.0,0.0,0.0,0.0,0.0,0.0,0.0,0.0,0.0,0.0,0.0,0.0,0.0,0.0,0.0,0.0,0.6,0.7999999999999999,0.9521904571390464,-9,8.0,0,0.0,22,14.88888888888889,11.44444444444,5,0,1,8,2,2,13,1.5555555555599998,1↑
489,Archie,Gray,MID,TOT,?,"Gray (MID, ?)",16,423,0,9,0,0,1,0,0,0,0,0,0,11,7,2.0,0.5,1.8333333333333333,0.5555555555555557,0.6871842709362768,90.0,0.0,63.5,35.333333333333336,37.4777711895109,1.0,1.0,0.8888888888888888,0.6913580246913581,0.8748897637790901,5.0,5.0,23.5,29.55555555555556,35.91695668869758,0.0,0.0,0.0,0.0,0.0,0.0,0.0,0.5,0.7777777777777778,1.384437310486346,0.0,0.0,0.0,0.0,0.0,0.0,0.0,0.0,0.0,0.0,0.0,0.0,0.0555555555555555,0.1049382716049382,0.2290614236454256,0.0,0.0,0.0,0.0,0.0,0.0,0.0,0.0,0.0,0.0,0.0,0.0,0.0,0.0,0.0,0.0,0.0,0.0,0.0,0.0,0.0,0.0,0.0,0.0,0.0,0.0,0.0,0.0,0.0,0.0,1.0,0.0,1.4545454545454546,0.5785123966942148,0.6555547773570889,12.0,10.0,38.45454545454545,37.48760330578513,39.1903597523761,0.0,0.0,0.0,0.0,0.0,0.0,0.0,0.8181818181818182,1.0413223140495869,1.6958871005616027,0.0,0.0,0.0,0.0,0.0,0.0,0.0,0.0,0.0,0.0,0.0,0.0,0.0909090909090909,0.165289256198347,0.2874797872880344,0.0,0.0,0.0,0.0,0.0,0.0,0.0,0.0,0.0,0.0,0.0,0.0,0.0,0.0,0.0,0.0,0.0,0.0,0.0,0.0,0.0,0.0,0.0,0.0,0.0,0.0,0.0,0.0,0.0,0.0,-9,4.0,0,0.0,22,7.444444444444445,5.72222222222,5,2,2,2,0,2,8,2.27777777778,2↑
499,Pape Matar,Sarr,MID,TOT,?,"P.M.Sarr (MID, ?)",37,968,1,16,0,2,2,0,0,0,3,0,1,18,0,1.5,0.5,2.6666666666666665,2.111111111111111,2.867441755680876,73.5,16.5,73.33333333333333,14.666666666666666,14.962917124975627,1.5,0.5,2.055555555555556,1.2037037037037035,1.9571016615342816,56.5,30.5,53.77777777777778,24.80246913580247,28.151486156853355,0.0,0.0,0.0555555555555555,0.1049382716049382,0.2290614236454256,0.5,0.5,0.8888888888888888,0.8888888888888888,1.2422599874998832,0.0,0.0,0.0,0.0,0.0,0.0,0.0,0.1111111111111111,0.1975308641975308,0.3142696805273545,0.0,0.0,0.1111111111111111,0.1975308641975308,0.3142696805273545,0.0,0.0,0.0,0.0,0.0,0.0,0.0,0.0,0.0,0.0,0.0,0.0,0.0,0.0,0.0,0.0,0.0,0.1666666666666666,0.2777777777777778,0.3726779962499649,0.0,0.0,0.0,0.0,0.0,0.0,0.0,0.0555555555555555,0.1049382716049382,0.2290614236454256,1.5,0.5,2.055555555555556,1.2037037037037035,1.9571016615342816,56.5,30.5,53.77777777777778,24.80246913580247,28.151486156853355,0.0,0.0,0.0555555555555555,0.1049382716049382,0.2290614236454256,0.5,0.5,0.8888888888888888,0.8888888888888888,1.2422599874998832,0.0,0.0,0.0,0.0,0.0,0.0,0.0,0.1111111111111111,0.1975308641975308,0.3142696805273545,0.0,0.0,0.1111111111111111,0.1975308641975308,0.3142696805273545,0.0,0.0,0.0,0.0,0.0,0.0,0.0,0.0,0.0,0.0,0.0,0.0,0.0,0.0,0.0,0.0,0.0,0.1666666666666666,0.2777777777777778,0.3726779962499649,0.0,0.0,0.0,0.0,0.0,0.0,0.0,0.0555555555555555,0.1049382716049382,0.2290614236454256,-9,7.0,0,0.0,22,8.722222222222221,7.86111111111,5,1,2,0,2,1,6,-1.8611111111099996,2↓
495,Pedro,Porro,DEF,TOT,?,"Pedro Porro (DEF, ?)",61,1446,2,24,0,2,4,0,0,0,2,0,3,18,0,1.5,1.0,2.0,1.6666666666666667,2.160246899469287,76.0,14.0,61.5,28.666666666666668,32.443540702786024,2.0,1.0,3.388888888888889,2.6296296296296293,3.48231865426996,90.0,0.0,80.33333333333333,15.77777777777778,22.992752481307377,0.0,0.0,0.1111111111111111,0.1975308641975308,0.3142696805273545,1.0,1.0,1.3333333333333333,1.148148148148148,1.563471919941143,0.0,0.0,0.0,0.0,0.0,0.0,0.0,0.1111111111111111,0.1975308641975308,0.3142696805273545,0.0,0.0,0.2222222222222222,0.345679012345679,0.415739709641549,0.0,0.0,0.0,0.0,0.0,0.0,0.0,0.0,0.0,0.0,0.0,0.0,0.0,0.0,0.0,0.0,0.0,0.1111111111111111,0.1975308641975308,0.3142696805273545,0.0,0.0,0.0,0.0,0.0,0.0,0.0,0.1666666666666666,0.2962962962962963,0.4999999999999999,2.0,1.0,3.388888888888889,2.6296296296296293,3.48231865426996,90.0,0.0,80.33333333333333,15.77777777777778,22.992752481307377,0.0,0.0,0.1111111111111111,0.1975308641975308,0.3142696805273545,1.0,1.0,1.3333333333333333,1.148148148148148,1.563471919941143,0.0,0.0,0.0,0.0,0.0,0.0,0.0,0.1111111111111111,0.1975308641975308,0.3142696805273545,0.0,0.0,0.2222222222222222,0.345679012345679,0.415739709641549,0.0,0.0,0.0,0.0,0.0,0.0,0.0,0.0,0.0,0.0,0.0,0.0,0.0,0.0,0.0,0.0,0.0,0.1111111111111111,0.1975308641975308,0.3142696805273545,0.0,0.0,0.0,0.0,0.0,0.0,0.0,0.1666666666666666,0.2962962962962963,0.4999999999999999,-9,9.0,4,10.444444444444445,0,0.0,9.72222222222,5,4,4,1,1,6,16,6.277777777780001,4↑
486,Radu,Drăgușin,DEF,TOT,?,"Dragusin (DEF, ?)",21,890,0,18,0,0,2,0,0,0,1,0,0,11,7,1.5,1.0,1.6666666666666667,1.6666666666666663,2.2110831935702664,90.0,0.0,86.83333333333333,4.222222222222224,5.489889697333534,0.5,0.5,1.1666666666666667,1.351851851851852,1.8929694486000912,80.5,9.5,49.44444444444444,42.95061728395061,43.39511265648628,0.0,0.0,0.0,0.0,0.0,0.0,0.0,1.0,1.1111111111111112,1.5986105077709063,0.0,0.0,0.0,0.0,0.0,0.0,0.0,0.0,0.0,0.0,0.0,0.0,0.1111111111111111,0.1975308641975308,0.3142696805273545,0.0,0.0,0.0,0.0,0.0,0.0,0.0,0.0,0.0,0.0,0.0,0.0,0.0,0.0,0.0,0.0,0.0,0.0555555555555555,0.1049382716049382,0.2290614236454256,0.0,0.0,0.0,0.0,0.0,0.0,0.0,0.0,0.0,0.0,1.0,1.0,1.9090909090909087,1.537190082644628,2.108620637226037,90.0,0.0,80.9090909090909,14.148760330578511,23.14560451283273,0.0,0.0,0.0,0.0,0.0,1.0,1.0,1.6363636363636365,1.3553719008264464,1.7721444263289023,0.0,0.0,0.0,0.0,0.0,0.0,0.0,0.0,0.0,0.0,0.0,0.0,0.1818181818181818,0.2975206611570247,0.3856946079199349,0.0,0.0,0.0,0.0,0.0,0.0,0.0,0.0,0.0,0.0,0.0,0.0,0.0,0.0,0.0,0.0,0.0,0.0909090909090909,0.1652892561983471,0.2874797872880344,0.0,0.0,0.0,0.0,0.0,0.0,0.0,0.0,0.0,0.0,-9,2.0,4,2.7222222222222223,0,0.0,2.36111111111,5,1,0,1,0,1,3,0.63888888889,~
505,Destiny,Udogie,DEF,TOT,?,"Udogie (DEF, ?)",36,1381,0,20,0,1,2,0,0,0,2,0,0,17,1,1.5,0.5,1.1666666666666667,0.8333333333333334,0.8975274678557508,85.0,5.0,62.833333333333336,32.88888888888889,35.9185034333126,2.0,1.0,2.0,1.2222222222222223,1.795054935711501,90.0,0.0,76.72222222222223,18.09876543209876,25.20539085979549,0.0,0.0,0.0,0.0,0.0,1.0,0.5,1.1111111111111112,0.7283950617283951,1.048220125784067,0.0,0.0,0.0,0.0,0.0,0.0,0.0,0.0555555555555555,0.1049382716049382,0.2290614236454256,0.0,0.0,0.1111111111111111,0.1975308641975308,0.3142696805273545,0.0,0.0,0.0,0.0,0.0,0.0,0.0,0.0,0.0,0.0,0.0,0.0,0.0,0.0,0.0,0.0,0.0,0.1111111111111111,0.1975308641975308,0.3142696805273545,0.0,0.0,0.0,0.0,0.0,0.0,0.0,0.0,0.0,0.0,2.0,1.0,2.117647058823529,1.2525951557093424,1.778378406803644,90.0,0.0,81.23529411764706,11.903114186851212,17.494635856085267,0.0,0.0,0.0,0.0,0.0,1.0,0.0,1.1764705882352942,0.740484429065744,1.042355596862903,0.0,0.0,0.0,0.0,0.0,0.0,0.0,0.0588235294117647,0.1107266435986159,0.2352941176470588,0.0,0.0,0.1176470588235294,0.2076124567474048,0.3221897397089212,0.0,0.0,0.0,0.0,0.0,0.0,0.0,0.0,0.0,0.0,0.0,0.0,0.0,0.0,0.0,0.0,0.0,0.1176470588235294,0.2076124567474048,0.3221897397089212,0.0,0.0,0.0,0.0,0.0,0.0,0.0,0.0,0.0,0.0,-9,9.0,4,10.444444444444445,0,0.0,9.72222222222,5,1,0,0,0,0,1,-8.72222222222,5↓
509,Timo,Werner,MID,TOT,?,"Werner (MID, ?)",30,409,0,9,0,3,1,0,0,0,0,0,2,15,3,1.0,0.0,2.0,1.6666666666666667,2.23606797749979,11.5,3.0,24.0,18.666666666666668,21.66410241236256,1.0,0.0,1.6666666666666667,1.370370370370371,1.8257418583505536,12.5,11.5,22.72222222222222,19.296296296296298,24.832339030554397,0.0,0.0,0.0,0.0,0.0,0.0,0.0,0.5,0.7222222222222222,0.957427107756338,0.0,0.0,0.0,0.0,0.0,0.0,0.0,0.1666666666666666,0.2777777777777778,0.3726779962499649,0.0,0.0,0.0555555555555555,0.1049382716049382,0.2290614236454256,0.0,0.0,0.0,0.0,0.0,0.0,0.0,0.0,0.0,0.0,0.0,0.0,0.0,0.0,0.0,0.0,0.0,0.0,0.0,0.0,0.0,0.0,0.0,0.0,0.0,0.0,0.0,0.1111111111111111,0.2098765432098765,0.4581228472908512,1.0,0.0,2.0,1.4666666666666666,1.8257418583505536,16.0,8.0,27.266666666666666,19.95555555555556,24.820600762717696,0.0,0.0,0.0,0.0,0.0,0.0,0.0,0.6,0.8,1.0198039027185568,0.0,0.0,0.0,0.0,0.0,0.0,0.0,0.2,0.32,0.4000000000000001,0.0,0.0,0.0666666666666666,0.1244444444444444,0.2494438257849294,0.0,0.0,0.0,0.0,0.0,0.0,0.0,0.0,0.0,0.0,0.0,0.0,0.0,0.0,0.0,0.0,0.0,0.0,0.0,0.0,0.0,0.0,0.0,0.0,0.0,0.0,0.0,0.1333333333333333,0.2488888888888888,0.4988876515698589,-9,5.0,0,0.0,22,5.0,5.0,5,1,2,0,0,0,3,-2.0,2↓
482,Yves,Bissouma,MID,TOT,?,"Bissouma (MID, ?)",34,826,2,15,0,0,2,0,0,0,5,0,4,14,4,1.0,0.5,1.1666666666666667,0.5555555555555557,0.6871842709362768,78.5,11.5,56.66666666666666,36.77777777777778,39.30083403129704,1.0,1.0,1.8888888888888888,1.7407407407407407,2.7866524897743226,52.5,37.5,45.888888888888886,36.888888888888886,38.12973305977733,0.0,0.0,0.1111111111111111,0.1975308641975308,0.3142696805273545,0.0,0.0,0.8333333333333334,1.0185185185185184,1.5,0.0,0.0,0.0,0.0,0.0,0.0,0.0,0.0,0.0,0.0,0.0,0.0,0.1111111111111111,0.1975308641975308,0.3142696805273545,0.0,0.0,0.0,0.0,0.0,0.0,0.0,0.0,0.0,0.0,0.0,0.0,0.0,0.0,0.0,0.0,0.0,0.2777777777777778,0.4012345679012346,0.4479032082388083,0.0,0.0,0.0,0.0,0.0,0.0,0.0,0.2222222222222222,0.3950617283950617,0.7114582486036499,1.0,0.5,2.4285714285714284,2.020408163265305,2.9450754468697573,78.5,11.5,59.0,30.571428571428573,33.10157527541983,0.0,0.0,0.1428571428571428,0.2448979591836734,0.3499271061118826,0.5,0.5,1.0714285714285714,1.1122448979591837,1.6241167144145818,0.0,0.0,0.0,0.0,0.0,0.0,0.0,0.0,0.0,0.0,0.0,0.0,0.1428571428571428,0.2448979591836734,0.3499271061118826,0.0,0.0,0.0,0.0,0.0,0.0,0.0,0.0,0.0,0.0,0.0,0.0,0.0,0.0,0.0,0.0,0.0,0.3571428571428571,0.4591836734693876,0.4791574237499548,0.0,0.0,0.0,0.0,0.0,0.0,0.0,0.2857142857142857,0.4897959183673468,0.7953949089757173,-9,4.0,0,0.0,22,7.444444444444445,5.72222222222,5,2,1,1,0,0,4,-1.72222222222,2↓
481,Lucas,Bergvall,MID,TOT,?,"Bergvall (MID, ?)",12,221,0,3,0,0,1,0,0,0,2,0,0,12,6,1.0,0.0,1.0,0.3333333333333333,0.5773502691896257,18.5,11.0,29.0,21.33333333333333,28.867513459481287,1.0,0.0,0.6666666666666666,0.5185185185185185,0.5773502691896258,6.5,6.5,12.27777777777778,12.432098765432098,20.86412539252633,0.0,0.0,0.0,0.0,0.0,0.0,0.0,0.1666666666666666,0.2962962962962963,0.4999999999999999,0.0,0.0,0.0,0.0,0.0,0.0,0.0,0.0,0.0,0.0,0.0,0.0,0.0555555555555555,0.1049382716049382,0.2290614236454256,0.0,0.0,0.0,0.0,0.0,0.0,0.0,0.0,0.0,0.0,0.0,0.0,0.0,0.0,0.0,0.0,0.0,0.1111111111111111,0.1975308641975308,0.3142696805273545,0.0,0.0,0.0,0.0,0.0,0.0,0.0,0.0,0.0,0.0,1.0,0.0,1.0,0.1666666666666666,0.408248290463863,11.0,4.5,18.416666666666668,15.458333333333336,23.23595752755247,0.0,0.0,0.0,0.0,0.0,0.0,0.0,0.25,0.4166666666666667,0.5951190357119042,0.0,0.0,0.0,0.0,0.0,0.0,0.0,0.0,0.0,0.0,0.0,0.0,0.0833333333333333,0.1527777777777777,0.2763853991962833,0.0,0.0,0.0,0.0,0.0,0.0,0.0,0.0,0.0,0.0,0.0,0.0,0.0,0.0,0.0,0.0,0.0,0.1666666666666666,0.2777777777777778,0.3726779962499649,0.0,0.0,0.0,0.0,0.0,0.0,0.0,0.0,0.0,0.0,-9,5.0,0,0.0,22,5.0,5.0,5,0,2,2,1,2,7,2.0,2↑
504,Djed,Spence,DEF,TOT,?,"Spence (DEF, ?)",10,320,0,7,0,1,1,0,0,0,1,1,0,7,11,0.0,0.5,1.1666666666666667,2.611111111111111,3.531603350069515,38.0,38.0,42.66666666666666,42.66666666666666,42.921116274186325,0.0,0.0,0.5555555555555556,1.08641975308642,2.1140330656044943,0.0,0.0,17.77777777777778,25.54320987654321,32.148190817517346,0.0,0.0,0.0,0.0,0.0,0.0,0.0,0.3888888888888889,0.691358024691358,1.3799713720415798,0.0,0.0,0.0,0.0,0.0,0.0,0.0,0.0555555555555555,0.1049382716049382,0.2290614236454256,0.0,0.0,0.0555555555555555,0.1049382716049382,0.2290614236454256,0.0,0.0,0.0,0.0,0.0,0.0,0.0,0.0,0.0,0.0,0.0,0.0,0.0,0.0,0.0,0.0,0.0,0.0555555555555555,0.1049382716049382,0.2290614236454256,0.0,0.0,0.0555555555555555,0.1049382716049382,0.2290614236454256,0.0,0.0,0.0,0.0,0.0,1.0,1.0,1.4285714285714286,2.1632653061224487,3.2007652146297256,45.0,44.0,45.71428571428572,33.95918367346938,37.15494308861699,0.0,0.0,0.0,0.0,0.0,0.0,0.0,1.0,1.4285714285714286,2.070196678027062,0.0,0.0,0.0,0.0,0.0,0.0,0.0,0.1428571428571428,0.2448979591836734,0.3499271061118826,0.0,0.0,0.1428571428571428,0.2448979591836734,0.3499271061118826,0.0,0.0,0.0,0.0,0.0,0.0,0.0,0.0,0.0,0.0,0.0,0.0,0.0,0.0,0.0,0.0,0.0,0.1428571428571428,0.2448979591836734,0.3499271061118826,0.0,0.0,0.1428571428571428,0.2448979591836734,0.3499271061118826,0.0,0.0,0.0,0.0,0.0,-9,0.0,4,0.0,0,0.0,0.0,5,0,1,1,1,0,3,3.0,3↑
484,Ben,Davies,DEF,TOT,?,"Davies (DEF, ?)",10,270,0,2,0,0,1,0,0,0,1,0,0,4,14,0.0,0.0,0.5,0.6666666666666666,0.7637626158259734,0.0,0.0,25.166666666666668,33.55555555555555,36.56235161413384,0.0,0.0,0.5555555555555556,0.8641975308641975,1.4229164972072998,0.0,0.0,15.0,23.33333333333333,30.470386352070506,0.0,0.0,0.0,0.0,0.0,0.0,0.0,0.1111111111111111,0.1975308641975308,0.3142696805273545,0.0,0.0,0.0,0.0,0.0,0.0,0.0,0.0,0.0,0.0,0.0,0.0,0.0555555555555555,0.1049382716049382,0.2290614236454256,0.0,0.0,0.0,0.0,0.0,0.0,0.0,0.0,0.0,0.0,0.0,0.0,0.0,0.0,0.0,0.0,0.0,0.0555555555555555,0.1049382716049382,0.2290614236454256,0.0,0.0,0.0,0.0,0.0,0.0,0.0,0.0,0.0,0.0,1.5,0.5,2.5,1.75,2.0615528128088303,75.5,14.5,67.5,22.5,25.184320518926057,0.0,0.0,0.0,0.0,0.0,0.5,0.5,0.5,0.5,0.5,0.0,0.0,0.0,0.0,0.0,0.0,0.0,0.0,0.0,0.0,0.0,0.0,0.25,0.375,0.4330127018922193,0.0,0.0,0.0,0.0,0.0,0.0,0.0,0.0,0.0,0.0,0.0,0.0,0.0,0.0,0.0,0.0,0.0,0.25,0.375,0.4330127018922193,0.0,0.0,0.0,0.0,0.0,0.0,0.0,0.0,0.0,0.0,-9,0.0,4,0.0,0,0.0,0.0,5,0,0,0,1,1,2,2.0,2↑
480,Rodrigo,Bentancur,MID,TOT,?,"Bentancur (MID, ?)",21,595,1,10,0,0,1,0,0,0,4,0,1,11,7,0.0,0.0,0.3333333333333333,0.5555555555555555,0.74535599249993,0.0,0.0,10.5,17.5,23.47871376374779,1.0,1.0,1.1666666666666667,1.1296296296296298,1.6749792701868151,8.5,8.5,33.05555555555556,34.50617283950617,35.60192289161144,0.0,0.0,0.0555555555555555,0.1049382716049382,0.2290614236454256,0.0,0.0,0.5555555555555556,0.6790123456790123,0.8314794192830981,0.0,0.0,0.0,0.0,0.0,0.0,0.0,0.0,0.0,0.0,0.0,0.0,0.0555555555555555,0.1049382716049382,0.2290614236454256,0.0,0.0,0.0,0.0,0.0,0.0,0.0,0.0,0.0,0.0,0.0,0.0,0.0,0.0,0.0,0.0,0.0,0.2222222222222222,0.345679012345679,0.415739709641549,0.0,0.0,0.0,0.0,0.0,0.0,0.0,0.0555555555555555,0.1049382716049382,0.2290614236454256,1.0,1.0,1.9090909090909087,1.1735537190082646,1.7814470856604931,63.0,15.0,54.09090909090909,25.86776859504132,30.598438894981516,0.0,0.0,0.0909090909090909,0.1652892561983471,0.2874797872880344,1.0,1.0,0.9090909090909092,0.6611570247933884,0.899954085146515,0.0,0.0,0.0,0.0,0.0,0.0,0.0,0.0,0.0,0.0,0.0,0.0,0.0909090909090909,0.165289256198347,0.2874797872880344,0.0,0.0,0.0,0.0,0.0,0.0,0.0,0.0,0.0,0.0,0.0,0.0,0.0,0.0,0.0,0.0,0.0,0.3636363636363636,0.4628099173553719,0.4810456929208346,0.0,0.0,0.0,0.0,0.0,0.0,0.0,0.0909090909090909,0.1652892561983471,0.2874797872880344,-9,4.0,0,0.0,22,7.444444444444445,5.72222222222,5,6,0,0,0,2,8,2.27777777778,2↑
609,Will,Lankshear,FWD,TOT,?,"Lankshear (FWD, ?)",2,9,0,0,0,0,0,0,0,0,0,0,0,2,16,0.0,0.0,0.3333333333333333,0.4444444444444445,0.4714045207910317,0.0,0.0,1.5,2.1666666666666665,2.9297326385411577,0.0,0.0,0.1111111111111111,0.1975308641975308,0.3142696805273545,0.0,0.0,0.5,0.8888888888888888,1.8333333333333333,0.0,0.0,0.0,0.0,0.0,0.0,0.0,0.0,0.0,0.0,0.0,0.0,0.0,0.0,0.0,0.0,0.0,0.0,0.0,0.0,0.0,0.0,0.0,0.0,0.0,0.0,0.0,0.0,0.0,0.0,0.0,0.0,0.0,0.0,0.0,0.0,0.0,0.0,0.0,0.0,0.0,0.0,0.0,0.0,0.0,0.0,0.0,0.0,0.0,0.0,0.0,0.0,0.0,0.0,0.0,1.0,0.0,1.0,0.0,0.0,4.5,3.5,4.5,3.5,3.5,0.0,0.0,0.0,0.0,0.0,0.0,0.0,0.0,0.0,0.0,0.0,0.0,0.0,0.0,0.0,0.0,0.0,0.0,0.0,0.0,0.0,0.0,0.0,0.0,0.0,0.0,0.0,0.0,0.0,0.0,0.0,0.0,0.0,0.0,0.0,0.0,0.0,0.0,0.0,0.0,0.0,0.0,0.0,0.0,0.0,0.0,0.0,0.0,0.0,0.0,0.0,0.0,0.0,0.0,0.0,-9,0.0,0,0.0,22,0.0,0.0,5,0,0,0,0,1,1,1.0,~
699,Alfie,Dorrington,DEF,TOT,?,"Dorrington (DEF, ?)",1,13,0,0,0,0,0,0,0,0,0,0,0,1,17,0.0,0.0,0.3333333333333333,0.4444444444444444,0.4714045207910317,0.0,0.0,4.333333333333333,5.777777777777778,6.128258770283412,0.0,0.0,0.0555555555555555,0.1049382716049382,0.2290614236454256,0.0,0.0,0.7222222222222222,1.3641975308641974,2.9777985073905326,0.0,0.0,0.0,0.0,0.0,0.0,0.0,0.0,0.0,0.0,0.0,0.0,0.0,0.0,0.0,0.0,0.0,0.0,0.0,0.0,0.0,0.0,0.0,0.0,0.0,0.0,0.0,0.0,0.0,0.0,0.0,0.0,0.0,0.0,0.0,0.0,0.0,0.0,0.0,0.0,0.0,0.0,0.0,0.0,0.0,0.0,0.0,0.0,0.0,0.0,0.0,0.0,0.0,0.0,0.0,1.0,0.0,1.0,0.0,0.0,13.0,0.0,13.0,0.0,0.0,0.0,0.0,0.0,0.0,0.0,0.0,0.0,0.0,0.0,0.0,0.0,0.0,0.0,0.0,0.0,0.0,0.0,0.0,0.0,0.0,0.0,0.0,0.0,0.0,0.0,0.0,0.0,0.0,0.0,0.0,0.0,0.0,0.0,0.0,0.0,0.0,0.0,0.0,0.0,0.0,0.0,0.0,0.0,0.0,0.0,0.0,0.0,0.0,0.0,0.0,0.0,0.0,0.0,0.0,0.0,-9,0.0,4,0.0,0,0.0,0.0,5,0,0,0,0,0,0,0.0,~
498,Cristian,Romero,DEF,TOT,?,"Romero (DEF, ?)",35,974,1,13,0,0,2,0,0,0,1,0,2,12,6,0.0,0.0,0.1666666666666666,0.2777777777777778,0.372677996249965,0.0,0.0,2.333333333333333,3.888888888888888,5.21749194749951,1.0,1.0,1.9444444444444444,1.820987654320988,3.2398940692940736,90.0,0.0,54.11111111111112,40.53086419753086,42.22412276424315,0.0,0.0,0.0555555555555555,0.1049382716049382,0.2290614236454256,0.5,0.5,0.7222222222222222,0.7222222222222221,0.8695819912499182,0.0,0.0,0.0,0.0,0.0,0.0,0.0,0.0,0.0,0.0,0.0,0.0,0.1111111111111111,0.1975308641975308,0.3142696805273545,0.0,0.0,0.0,0.0,0.0,0.0,0.0,0.0,0.0,0.0,0.0,0.0,0.0,0.0,0.0,0.0,0.0,0.0555555555555555,0.1049382716049382,0.2290614236454256,0.0,0.0,0.0,0.0,0.0,0.0,0.0,0.1111111111111111,0.2098765432098765,0.4581228472908512,2.0,1.0,2.9166666666666665,2.361111111111111,3.5930101895516837,90.0,0.0,81.16666666666667,14.72222222222222,21.87019788560578,0.0,0.0,0.0833333333333333,0.1527777777777777,0.2763853991962833,1.0,0.5,1.0833333333333333,0.6249999999999999,0.8620067027323834,0.0,0.0,0.0,0.0,0.0,0.0,0.0,0.0,0.0,0.0,0.0,0.0,0.1666666666666666,0.2777777777777777,0.3726779962499649,0.0,0.0,0.0,0.0,0.0,0.0,0.0,0.0,0.0,0.0,0.0,0.0,0.0,0.0,0.0,0.0,0.0,0.0833333333333333,0.1527777777777777,0.2763853991962833,0.0,0.0,0.0,0.0,0.0,0.0,0.0,0.1666666666666666,0.3055555555555555,0.5527707983925666,-9,4.0,4,5.444444444444445,0,0.0,4.72222222222,5,0,0,0,0,0,0,-4.72222222222,4↓
506,Micky,van de Ven,DEF,TOT,?,"Van de Ven (DEF, ?)",28,788,0,11,0,2,2,0,0,0,4,0,2,9,9,0.0,0.0,0.1666666666666666,0.2777777777777778,0.372677996249965,0.0,0.0,13.0,21.666666666666668,29.068883707497267,0.5,0.5,1.5555555555555556,1.9259259259259256,3.0590888662080453,39.0,39.0,43.77777777777778,43.777777777777786,43.898311224864464,0.0,0.0,0.0,0.0,0.0,0.0,0.0,0.6111111111111112,0.7469135802469135,0.950957931590205,0.0,0.0,0.0,0.0,0.0,0.0,0.0,0.1111111111111111,0.1975308641975308,0.3142696805273545,0.0,0.0,0.1111111111111111,0.1975308641975308,0.3142696805273545,0.0,0.0,0.0,0.0,0.0,0.0,0.0,0.0,0.0,0.0,0.0,0.0,0.0,0.0,0.0,0.0,0.0,0.2222222222222222,0.345679012345679,0.415739709641549,0.0,0.0,0.0,0.0,0.0,0.0,0.0,0.1111111111111111,0.2098765432098765,0.4581228472908512,1.0,0.0,3.111111111111111,3.061728395061728,3.725123247608936,90.0,0.0,87.55555555555556,3.802469135802468,4.597369081239378,0.0,0.0,0.0,0.0,0.0,1.0,0.0,1.2222222222222223,0.7901234567901235,1.0304020550550783,0.0,0.0,0.0,0.0,0.0,0.0,0.0,0.2222222222222222,0.345679012345679,0.415739709641549,0.0,0.0,0.2222222222222222,0.345679012345679,0.415739709641549,0.0,0.0,0.0,0.0,0.0,0.0,0.0,0.0,0.0,0.0,0.0,0.0,0.0,0.0,0.0,0.0,0.0,0.4444444444444444,0.4938271604938272,0.4969039949999533,0.0,0.0,0.0,0.0,0.0,0.0,0.0,0.2222222222222222,0.3950617283950617,0.6285393610547089,-9,2.0,4,2.7222222222222223,0,0.0,2.36111111111,5,0,0,0,0,0,0,-2.36111111111,2↓
508,Guglielmo,Vicario,GKP,TOT,?,"Vicario (GKP, ?)",37,1080,0,13,0,0,3,29,0,0,1,0,1,12,6,0.0,0.0,0.0,0.0,0.0,0.0,0.0,0.0,0.0,0.0,1.5,1.5,2.055555555555556,1.7469135802469136,2.3207331749117133,90.0,0.0,60.0,40.0,42.42640687119285,0.0,0.0,0.0,0.0,0.0,0.5,0.5,0.7222222222222222,0.7222222222222221,0.8695819912499182,0.0,0.0,0.0,0.0,0.0,0.0,0.0,0.0,0.0,0.0,0.0,0.0,0.1666666666666666,0.2777777777777778,0.3726779962499649,1.0,1.0,1.6111111111111112,1.41358024691358,1.736499956454198,0.0,0.0,0.0,0.0,0.0,0.0,0.0,0.0,0.0,0.0,0.0,0.0,0.0555555555555555,0.1049382716049382,0.2290614236454256,0.0,0.0,0.0,0.0,0.0,0.0,0.0,0.0555555555555555,0.1049382716049382,0.2290614236454256,2.0,1.0,3.083333333333333,1.7916666666666667,2.215789300051388,90.0,0.0,90.0,0.0,0.0,0.0,0.0,0.0,0.0,0.0,1.0,0.5,1.0833333333333333,0.6249999999999999,0.8620067027323834,0.0,0.0,0.0,0.0,0.0,0.0,0.0,0.0,0.0,0.0,0.0,0.0,0.25,0.375,0.4330127018922193,2.0,1.0,2.4166666666666665,1.3888888888888886,1.6051133570215186,0.0,0.0,0.0,0.0,0.0,0.0,0.0,0.0,0.0,0.0,0.0,0.0,0.0833333333333333,0.1527777777777777,0.2763853991962833,0.0,0.0,0.0,0.0,0.0,0.0,0.0,0.0833333333333333,0.1527777777777778,0.2763853991962833,-9,6.0,4,8.166666666666668,0,0.0,7.08333333333,5,0,0,0,0,0,0,-7.08333333333,5↓
497,Richarlison,de Andrade,FWD,TOT,?,"Richarlison (FWD, ?)",7,87,0,0,0,1,0,0,0,0,1,0,0,5,13,0.0,0.0,0.0,0.0,0.0,0.0,0.0,0.0,0.0,0.0,0.0,0.0,0.3888888888888889,0.6049382716049383,0.9509579315902048,0.0,0.0,4.833333333333333,7.407407407407408,9.564111156935716,0.0,0.0,0.0,0.0,0.0,0.0,0.0,0.0,0.0,0.0,0.0,0.0,0.0,0.0,0.0,0.0,0.0,0.0555555555555555,0.1049382716049382,0.2290614236454256,0.0,0.0,0.0,0.0,0.0,0.0,0.0,0.0,0.0,0.0,0.0,0.0,0.0,0.0,0.0,0.0,0.0,0.0,0.0,0.0,0.0,0.0,0.0555555555555555,0.1049382716049382,0.2290614236454256,0.0,0.0,0.0,0.0,0.0,0.0,0.0,0.0,0.0,0.0,1.0,0.0,1.4,1.0399999999999998,1.3564659966250536,24.0,4.0,17.4,9.92,10.518555033843764,0.0,0.0,0.0,0.0,0.0,0.0,0.0,0.0,0.0,0.0,0.0,0.0,0.0,0.0,0.0,0.0,0.0,0.2,0.32,0.4,0.0,0.0,0.0,0.0,0.0,0.0,0.0,0.0,0.0,0.0,0.0,0.0,0.0,0.0,0.0,0.0,0.0,0.0,0.0,0.0,0.0,0.0,0.2,0.32,0.4,0.0,0.0,0.0,0.0,0.0,0.0,0.0,0.0,0.0,0.0,-9,0.0,0,0.0,22,0.0,0.0,5,0,0,1,5,5,11,11.0,5↑
612,Wilson,Odobert,MID,TOT,?,"Odobert (MID, ?)",6,160,0,1,0,0,1,0,0,0,0,0,0,3,15,0.0,0.0,0.0,0.0,0.0,0.0,0.0,0.0,0.0,0.0,0.0,0.0,0.3333333333333333,0.5555555555555556,0.816496580927726,0.0,0.0,8.88888888888889,14.814814814814817,21.878169964319557,0.0,0.0,0.0,0.0,0.0,0.0,0.0,0.0555555555555555,0.1049382716049382,0.2290614236454256,0.0,0.0,0.0,0.0,0.0,0.0,0.0,0.0,0.0,0.0,0.0,0.0,0.0555555555555555,0.1049382716049382,0.2290614236454256,0.0,0.0,0.0,0.0,0.0,0.0,0.0,0.0,0.0,0.0,0.0,0.0,0.0,0.0,0.0,0.0,0.0,0.0,0.0,0.0,0.0,0.0,0.0,0.0,0.0,0.0,0.0,0.0,0.0,0.0,2.0,1.0,2.0,0.6666666666666666,0.816496580927726,65.0,8.0,53.333333333333336,20.88888888888889,22.395436042987765,0.0,0.0,0.0,0.0,0.0,0.0,0.0,0.3333333333333333,0.4444444444444444,0.4714045207910317,0.0,0.0,0.0,0.0,0.0,0.0,0.0,0.0,0.0,0.0,0.0,0.0,0.3333333333333333,0.4444444444444444,0.4714045207910317,0.0,0.0,0.0,0.0,0.0,0.0,0.0,0.0,0.0,0.0,0.0,0.0,0.0,0.0,0.0,0.0,0.0,0.0,0.0,0.0,0.0,0.0,0.0,0.0,0.0,0.0,0.0,0.0,0.0,0.0,-9,0.0,0,0.0,22,0.0,0.0,5,0,0,0,0,0,0,0.0,~
610,Mikey,Moore,MID,TOT,?,"Moore (MID, ?)",5,82,0,1,0,0,0,0,0,0,0,0,0,4,14,0.0,0.0,0.0,0.0,0.0,0.0,0.0,0.0,0.0,0.0,0.0,0.0,0.2777777777777778,0.4320987654320987,0.558326423395605,0.0,0.0,4.555555555555555,7.37037037037037,14.08790743164041,0.0,0.0,0.0,0.0,0.0,0.0,0.0,0.0555555555555555,0.1049382716049382,0.2290614236454256,0.0,0.0,0.0,0.0,0.0,0.0,0.0,0.0,0.0,0.0,0.0,0.0,0.0,0.0,0.0,0.0,0.0,0.0,0.0,0.0,0.0,0.0,0.0,0.0,0.0,0.0,0.0,0.0,0.0,0.0,0.0,0.0,0.0,0.0,0.0,0.0,0.0,0.0,0.0,0.0,0.0,0.0,0.0,0.0,0.0,1.0,0.0,1.25,0.375,0.4330127018922193,9.5,6.0,20.5,20.25,23.79600806858159,0.0,0.0,0.0,0.0,0.0,0.0,0.0,0.25,0.375,0.4330127018922193,0.0,0.0,0.0,0.0,0.0,0.0,0.0,0.0,0.0,0.0,0.0,0.0,0.0,0.0,0.0,0.0,0.0,0.0,0.0,0.0,0.0,0.0,0.0,0.0,0.0,0.0,0.0,0.0,0.0,0.0,0.0,0.0,0.0,0.0,0.0,0.0,0.0,0.0,0.0,0.0,0.0,0.0,0.0,0.0,0.0,-9,0.0,0,0.0,22,0.0,0.0,5,0,0,0,7,1,8,8.0,5↑
478,Ashley,Phillips,DEF,TOT,?,"A.Phillips (DEF, ?)",0,0,0,0,0,0,0,0,0,0,0,0,0,0,18,0.0,0.0,0.0,0.0,0.0,0.0,0.0,0.0,0.0,0.0,0.0,0.0,0.0,0.0,0.0,0.0,0.0,0.0,0.0,0.0,0.0,0.0,0.0,0.0,0.0,0.0,0.0,0.0,0.0,0.0,0.0,0.0,0.0,0.0,0.0,0.0,0.0,0.0,0.0,0.0,0.0,0.0,0.0,0.0,0.0,0.0,0.0,0.0,0.0,0.0,0.0,0.0,0.0,0.0,0.0,0.0,0.0,0.0,0.0,0.0,0.0,0.0,0.0,0.0,0.0,0.0,0.0,0.0,0.0,0.0,0.0,0.0,0.0,0.0,0.0,0.0,0.0,0.0,0.0,0.0,0.0,0.0,0.0,0.0,0.0,0.0,0.0,0.0,0.0,0.0,0.0,0.0,0.0,0.0,0.0,0.0,0.0,0.0,0.0,0.0,0.0,0.0,0.0,0.0,0.0,0.0,0.0,0.0,0.0,0.0,0.0,0.0,0.0,0.0,0.0,0.0,0.0,0.0,0.0,0.0,0.0,0.0,0.0,0.0,0.0,0.0,0.0,0.0,0.0,0.0,0.0,0.0,0.0,0.0,0.0,0.0,0.0,0.0,0.0,0.0,-9,0.0,4,0.0,0,0.0,0.0,5,0,0,0,0,0,0,0.0,~
479,Brandon,Austin,GKP,TOT,?,"Austin (GKP, ?)",0,0,0,0,0,0,0,0,0,0,0,0,0,0,18,0.0,0.0,0.0,0.0,0.0,0.0,0.0,0.0,0.0,0.0,0.0,0.0,0.0,0.0,0.0,0.0,0.0,0.0,0.0,0.0,0.0,0.0,0.0,0.0,0.0,0.0,0.0,0.0,0.0,0.0,0.0,0.0,0.0,0.0,0.0,0.0,0.0,0.0,0.0,0.0,0.0,0.0,0.0,0.0,0.0,0.0,0.0,0.0,0.0,0.0,0.0,0.0,0.0,0.0,0.0,0.0,0.0,0.0,0.0,0.0,0.0,0.0,0.0,0.0,0.0,0.0,0.0,0.0,0.0,0.0,0.0,0.0,0.0,0.0,0.0,0.0,0.0,0.0,0.0,0.0,0.0,0.0,0.0,0.0,0.0,0.0,0.0,0.0,0.0,0.0,0.0,0.0,0.0,0.0,0.0,0.0,0.0,0.0,0.0,0.0,0.0,0.0,0.0,0.0,0.0,0.0,0.0,0.0,0.0,0.0,0.0,0.0,0.0,0.0,0.0,0.0,0.0,0.0,0.0,0.0,0.0,0.0,0.0,0.0,0.0,0.0,0.0,0.0,0.0,0.0,0.0,0.0,0.0,0.0,0.0,0.0,0.0,0.0,0.0,0.0,-9,0.0,4,0.0,0,0.0,0.0,5,0,1,0,0,0,1,1.0,~
483,Bryan,Gil Salvatierra,MID,TOT,?,"Bryan (MID, ?)",0,0,0,0,0,0,0,0,0,0,0,0,0,0,18,0.0,0.0,0.0,0.0,0.0,0.0,0.0,0.0,0.0,0.0,0.0,0.0,0.0,0.0,0.0,0.0,0.0,0.0,0.0,0.0,0.0,0.0,0.0,0.0,0.0,0.0,0.0,0.0,0.0,0.0,0.0,0.0,0.0,0.0,0.0,0.0,0.0,0.0,0.0,0.0,0.0,0.0,0.0,0.0,0.0,0.0,0.0,0.0,0.0,0.0,0.0,0.0,0.0,0.0,0.0,0.0,0.0,0.0,0.0,0.0,0.0,0.0,0.0,0.0,0.0,0.0,0.0,0.0,0.0,0.0,0.0,0.0,0.0,0.0,0.0,0.0,0.0,0.0,0.0,0.0,0.0,0.0,0.0,0.0,0.0,0.0,0.0,0.0,0.0,0.0,0.0,0.0,0.0,0.0,0.0,0.0,0.0,0.0,0.0,0.0,0.0,0.0,0.0,0.0,0.0,0.0,0.0,0.0,0.0,0.0,0.0,0.0,0.0,0.0,0.0,0.0,0.0,0.0,0.0,0.0,0.0,0.0,0.0,0.0,0.0,0.0,0.0,0.0,0.0,0.0,0.0,0.0,0.0,0.0,0.0,0.0,0.0,0.0,0.0,0.0,-9,0.0,0,0.0,22,0.0,0.0,5,0,0,0,0,0,0,0.0,~
485,Alfie,Devine,MID,TOT,?,"Devine (MID, ?)",0,0,0,0,0,0,0,0,0,0,0,0,0,0,18,0.0,0.0,0.0,0.0,0.0,0.0,0.0,0.0,0.0,0.0,0.0,0.0,0.0,0.0,0.0,0.0,0.0,0.0,0.0,0.0,0.0,0.0,0.0,0.0,0.0,0.0,0.0,0.0,0.0,0.0,0.0,0.0,0.0,0.0,0.0,0.0,0.0,0.0,0.0,0.0,0.0,0.0,0.0,0.0,0.0,0.0,0.0,0.0,0.0,0.0,0.0,0.0,0.0,0.0,0.0,0.0,0.0,0.0,0.0,0.0,0.0,0.0,0.0,0.0,0.0,0.0,0.0,0.0,0.0,0.0,0.0,0.0,0.0,0.0,0.0,0.0,0.0,0.0,0.0,0.0,0.0,0.0,0.0,0.0,0.0,0.0,0.0,0.0,0.0,0.0,0.0,0.0,0.0,0.0,0.0,0.0,0.0,0.0,0.0,0.0,0.0,0.0,0.0,0.0,0.0,0.0,0.0,0.0,0.0,0.0,0.0,0.0,0.0,0.0,0.0,0.0,0.0,0.0,0.0,0.0,0.0,0.0,0.0,0.0,0.0,0.0,0.0,0.0,0.0,0.0,0.0,0.0,0.0,0.0,0.0,0.0,0.0,0.0,0.0,0.0,-9,0.0,0,0.0,22,0.0,0.0,5,0,0,0,0,0,0,0.0,~
487,Emerson,Leite de Souza Junior,DEF,TOT,?,"E.Royal (DEF, ?)",0,0,0,0,0,0,0,0,0,0,0,0,0,0,18,0.0,0.0,0.0,0.0,0.0,0.0,0.0,0.0,0.0,0.0,0.0,0.0,0.0,0.0,0.0,0.0,0.0,0.0,0.0,0.0,0.0,0.0,0.0,0.0,0.0,0.0,0.0,0.0,0.0,0.0,0.0,0.0,0.0,0.0,0.0,0.0,0.0,0.0,0.0,0.0,0.0,0.0,0.0,0.0,0.0,0.0,0.0,0.0,0.0,0.0,0.0,0.0,0.0,0.0,0.0,0.0,0.0,0.0,0.0,0.0,0.0,0.0,0.0,0.0,0.0,0.0,0.0,0.0,0.0,0.0,0.0,0.0,0.0,0.0,0.0,0.0,0.0,0.0,0.0,0.0,0.0,0.0,0.0,0.0,0.0,0.0,0.0,0.0,0.0,0.0,0.0,0.0,0.0,0.0,0.0,0.0,0.0,0.0,0.0,0.0,0.0,0.0,0.0,0.0,0.0,0.0,0.0,0.0,0.0,0.0,0.0,0.0,0.0,0.0,0.0,0.0,0.0,0.0,0.0,0.0,0.0,0.0,0.0,0.0,0.0,0.0,0.0,0.0,0.0,0.0,0.0,0.0,0.0,0.0,0.0,0.0,0.0,0.0,0.0,0.0,-9,0.0,4,0.0,0,0.0,0.0,5,0,0,0,0,0,0,0.0,~
490,Pierre-Emile,Højbjerg,MID,TOT,?,"Højbjerg (MID, ?)",0,0,0,0,0,0,0,0,0,0,0,0,0,0,18,0.0,0.0,0.0,0.0,0.0,0.0,0.0,0.0,0.0,0.0,0.0,0.0,0.0,0.0,0.0,0.0,0.0,0.0,0.0,0.0,0.0,0.0,0.0,0.0,0.0,0.0,0.0,0.0,0.0,0.0,0.0,0.0,0.0,0.0,0.0,0.0,0.0,0.0,0.0,0.0,0.0,0.0,0.0,0.0,0.0,0.0,0.0,0.0,0.0,0.0,0.0,0.0,0.0,0.0,0.0,0.0,0.0,0.0,0.0,0.0,0.0,0.0,0.0,0.0,0.0,0.0,0.0,0.0,0.0,0.0,0.0,0.0,0.0,0.0,0.0,0.0,0.0,0.0,0.0,0.0,0.0,0.0,0.0,0.0,0.0,0.0,0.0,0.0,0.0,0.0,0.0,0.0,0.0,0.0,0.0,0.0,0.0,0.0,0.0,0.0,0.0,0.0,0.0,0.0,0.0,0.0,0.0,0.0,0.0,0.0,0.0,0.0,0.0,0.0,0.0,0.0,0.0,0.0,0.0,0.0,0.0,0.0,0.0,0.0,0.0,0.0,0.0,0.0,0.0,0.0,0.0,0.0,0.0,0.0,0.0,0.0,0.0,0.0,0.0,0.0,-9,0.0,0,0.0,22,0.0,0.0,5,0,0,0,0,0,0,0.0,~
493,Giovani,Lo Celso,MID,TOT,?,"Lo Celso (MID, ?)",0,0,0,0,0,0,0,0,0,0,0,0,0,0,18,0.0,0.0,0.0,0.0,0.0,0.0,0.0,0.0,0.0,0.0,0.0,0.0,0.0,0.0,0.0,0.0,0.0,0.0,0.0,0.0,0.0,0.0,0.0,0.0,0.0,0.0,0.0,0.0,0.0,0.0,0.0,0.0,0.0,0.0,0.0,0.0,0.0,0.0,0.0,0.0,0.0,0.0,0.0,0.0,0.0,0.0,0.0,0.0,0.0,0.0,0.0,0.0,0.0,0.0,0.0,0.0,0.0,0.0,0.0,0.0,0.0,0.0,0.0,0.0,0.0,0.0,0.0,0.0,0.0,0.0,0.0,0.0,0.0,0.0,0.0,0.0,0.0,0.0,0.0,0.0,0.0,0.0,0.0,0.0,0.0,0.0,0.0,0.0,0.0,0.0,0.0,0.0,0.0,0.0,0.0,0.0,0.0,0.0,0.0,0.0,0.0,0.0,0.0,0.0,0.0,0.0,0.0,0.0,0.0,0.0,0.0,0.0,0.0,0.0,0.0,0.0,0.0,0.0,0.0,0.0,0.0,0.0,0.0,0.0,0.0,0.0,0.0,0.0,0.0,0.0,0.0,0.0,0.0,0.0,0.0,0.0,0.0,0.0,0.0,0.0,-9,0.0,0,0.0,22,0.0,0.0,5,0,0,0,0,0,0,0.0,~
496,Sergio,Reguilón,DEF,TOT,?,"Reguilón (DEF, ?)",0,0,0,0,0,0,0,0,0,0,0,0,0,0,18,0.0,0.0,0.0,0.0,0.0,0.0,0.0,0.0,0.0,0.0,0.0,0.0,0.0,0.0,0.0,0.0,0.0,0.0,0.0,0.0,0.0,0.0,0.0,0.0,0.0,0.0,0.0,0.0,0.0,0.0,0.0,0.0,0.0,0.0,0.0,0.0,0.0,0.0,0.0,0.0,0.0,0.0,0.0,0.0,0.0,0.0,0.0,0.0,0.0,0.0,0.0,0.0,0.0,0.0,0.0,0.0,0.0,0.0,0.0,0.0,0.0,0.0,0.0,0.0,0.0,0.0,0.0,0.0,0.0,0.0,0.0,0.0,0.0,0.0,0.0,0.0,0.0,0.0,0.0,0.0,0.0,0.0,0.0,0.0,0.0,0.0,0.0,0.0,0.0,0.0,0.0,0.0,0.0,0.0,0.0,0.0,0.0,0.0,0.0,0.0,0.0,0.0,0.0,0.0,0.0,0.0,0.0,0.0,0.0,0.0,0.0,0.0,0.0,0.0,0.0,0.0,0.0,0.0,0.0,0.0,0.0,0.0,0.0,0.0,0.0,0.0,0.0,0.0,0.0,0.0,0.0,0.0,0.0,0.0,0.0,0.0,0.0,0.0,0.0,0.0,-9,0.0,4,0.0,0,0.0,0.0,5,1,0,0,0,0,1,1.0,~
500,Dane,Scarlett,FWD,TOT,?,"Scarlett (FWD, ?)",0,0,0,0,0,0,0,0,0,0,0,0,0,0,18,0.0,0.0,0.0,0.0,0.0,0.0,0.0,0.0,0.0,0.0,0.0,0.0,0.0,0.0,0.0,0.0,0.0,0.0,0.0,0.0,0.0,0.0,0.0,0.0,0.0,0.0,0.0,0.0,0.0,0.0,0.0,0.0,0.0,0.0,0.0,0.0,0.0,0.0,0.0,0.0,0.0,0.0,0.0,0.0,0.0,0.0,0.0,0.0,0.0,0.0,0.0,0.0,0.0,0.0,0.0,0.0,0.0,0.0,0.0,0.0,0.0,0.0,0.0,0.0,0.0,0.0,0.0,0.0,0.0,0.0,0.0,0.0,0.0,0.0,0.0,0.0,0.0,0.0,0.0,0.0,0.0,0.0,0.0,0.0,0.0,0.0,0.0,0.0,0.0,0.0,0.0,0.0,0.0,0.0,0.0,0.0,0.0,0.0,0.0,0.0,0.0,0.0,0.0,0.0,0.0,0.0,0.0,0.0,0.0,0.0,0.0,0.0,0.0,0.0,0.0,0.0,0.0,0.0,0.0,0.0,0.0,0.0,0.0,0.0,0.0,0.0,0.0,0.0,0.0,0.0,0.0,0.0,0.0,0.0,0.0,0.0,0.0,0.0,0.0,0.0,-9,0.0,0,0.0,22,0.0,0.0,5,0,0,0,0,0,0,0.0,~
502,Manor,Solomon,MID,TOT,?,"Solomon (MID, ?)",0,0,0,0,0,0,0,0,0,0,0,0,0,0,18,0.0,0.0,0.0,0.0,0.0,0.0,0.0,0.0,0.0,0.0,0.0,0.0,0.0,0.0,0.0,0.0,0.0,0.0,0.0,0.0,0.0,0.0,0.0,0.0,0.0,0.0,0.0,0.0,0.0,0.0,0.0,0.0,0.0,0.0,0.0,0.0,0.0,0.0,0.0,0.0,0.0,0.0,0.0,0.0,0.0,0.0,0.0,0.0,0.0,0.0,0.0,0.0,0.0,0.0,0.0,0.0,0.0,0.0,0.0,0.0,0.0,0.0,0.0,0.0,0.0,0.0,0.0,0.0,0.0,0.0,0.0,0.0,0.0,0.0,0.0,0.0,0.0,0.0,0.0,0.0,0.0,0.0,0.0,0.0,0.0,0.0,0.0,0.0,0.0,0.0,0.0,0.0,0.0,0.0,0.0,0.0,0.0,0.0,0.0,0.0,0.0,0.0,0.0,0.0,0.0,0.0,0.0,0.0,0.0,0.0,0.0,0.0,0.0,0.0,0.0,0.0,0.0,0.0,0.0,0.0,0.0,0.0,0.0,0.0,0.0,0.0,0.0,0.0,0.0,0.0,0.0,0.0,0.0,0.0,0.0,0.0,0.0,0.0,0.0,0.0,-9,0.0,0,0.0,22,0.0,0.0,5,0,0,0,0,0,0,0.0,~
507,Alejo,Véliz,FWD,TOT,?,"Veliz (FWD, ?)",0,0,0,0,0,0,0,0,0,0,0,0,0,0,18,0.0,0.0,0.0,0.0,0.0,0.0,0.0,0.0,0.0,0.0,0.0,0.0,0.0,0.0,0.0,0.0,0.0,0.0,0.0,0.0,0.0,0.0,0.0,0.0,0.0,0.0,0.0,0.0,0.0,0.0,0.0,0.0,0.0,0.0,0.0,0.0,0.0,0.0,0.0,0.0,0.0,0.0,0.0,0.0,0.0,0.0,0.0,0.0,0.0,0.0,0.0,0.0,0.0,0.0,0.0,0.0,0.0,0.0,0.0,0.0,0.0,0.0,0.0,0.0,0.0,0.0,0.0,0.0,0.0,0.0,0.0,0.0,0.0,0.0,0.0,0.0,0.0,0.0,0.0,0.0,0.0,0.0,0.0,0.0,0.0,0.0,0.0,0.0,0.0,0.0,0.0,0.0,0.0,0.0,0.0,0.0,0.0,0.0,0.0,0.0,0.0,0.0,0.0,0.0,0.0,0.0,0.0,0.0,0.0,0.0,0.0,0.0,0.0,0.0,0.0,0.0,0.0,0.0,0.0,0.0,0.0,0.0,0.0,0.0,0.0,0.0,0.0,0.0,0.0,0.0,0.0,0.0,0.0,0.0,0.0,0.0,0.0,0.0,0.0,0.0,-9,0.0,0,0.0,22,0.0,0.0,5,0,0,0,0,0,0,0.0,~
510,Alfie,Whiteman,GKP,TOT,?,"Whiteman (GKP, ?)",0,0,0,0,0,0,0,0,0,0,0,0,0,0,18,0.0,0.0,0.0,0.0,0.0,0.0,0.0,0.0,0.0,0.0,0.0,0.0,0.0,0.0,0.0,0.0,0.0,0.0,0.0,0.0,0.0,0.0,0.0,0.0,0.0,0.0,0.0,0.0,0.0,0.0,0.0,0.0,0.0,0.0,0.0,0.0,0.0,0.0,0.0,0.0,0.0,0.0,0.0,0.0,0.0,0.0,0.0,0.0,0.0,0.0,0.0,0.0,0.0,0.0,0.0,0.0,0.0,0.0,0.0,0.0,0.0,0.0,0.0,0.0,0.0,0.0,0.0,0.0,0.0,0.0,0.0,0.0,0.0,0.0,0.0,0.0,0.0,0.0,0.0,0.0,0.0,0.0,0.0,0.0,0.0,0.0,0.0,0.0,0.0,0.0,0.0,0.0,0.0,0.0,0.0,0.0,0.0,0.0,0.0,0.0,0.0,0.0,0.0,0.0,0.0,0.0,0.0,0.0,0.0,0.0,0.0,0.0,0.0,0.0,0.0,0.0,0.0,0.0,0.0,0.0,0.0,0.0,0.0,0.0,0.0,0.0,0.0,0.0,0.0,0.0,0.0,0.0,0.0,0.0,0.0,0.0,0.0,0.0,0.0,0.0,-9,0.0,4,0.0,0,0.0,0.0,5,0,0,0,0,0,0,0.0,~
683,Callum,Olusesi,MID,TOT,?,"Olusesi (MID, ?)",0,0,0,0,0,0,0,0,0,0,0,0,0,0,18,0.0,0.0,0.0,0.0,0.0,0.0,0.0,0.0,0.0,0.0,0.0,0.0,0.0,0.0,0.0,0.0,0.0,0.0,0.0,0.0,0.0,0.0,0.0,0.0,0.0,0.0,0.0,0.0,0.0,0.0,0.0,0.0,0.0,0.0,0.0,0.0,0.0,0.0,0.0,0.0,0.0,0.0,0.0,0.0,0.0,0.0,0.0,0.0,0.0,0.0,0.0,0.0,0.0,0.0,0.0,0.0,0.0,0.0,0.0,0.0,0.0,0.0,0.0,0.0,0.0,0.0,0.0,0.0,0.0,0.0,0.0,0.0,0.0,0.0,0.0,0.0,0.0,0.0,0.0,0.0,0.0,0.0,0.0,0.0,0.0,0.0,0.0,0.0,0.0,0.0,0.0,0.0,0.0,0.0,0.0,0.0,0.0,0.0,0.0,0.0,0.0,0.0,0.0,0.0,0.0,0.0,0.0,0.0,0.0,0.0,0.0,0.0,0.0,0.0,0.0,0.0,0.0,0.0,0.0,0.0,0.0,0.0,0.0,0.0,0.0,0.0,0.0,0.0,0.0,0.0,0.0,0.0,0.0,0.0,0.0,0.0,0.0,0.0,0.0,0.0,-9,0.0,0,0.0,22,0.0,0.0,5,0,0,0,0,0,0,0.0,~
684,Malachi,Hardy,DEF,TOT,?,"Hardy (DEF, ?)",0,0,0,0,0,0,0,0,0,0,0,0,0,0,18,0.0,0.0,0.0,0.0,0.0,0.0,0.0,0.0,0.0,0.0,0.0,0.0,0.0,0.0,0.0,0.0,0.0,0.0,0.0,0.0,0.0,0.0,0.0,0.0,0.0,0.0,0.0,0.0,0.0,0.0,0.0,0.0,0.0,0.0,0.0,0.0,0.0,0.0,0.0,0.0,0.0,0.0,0.0,0.0,0.0,0.0,0.0,0.0,0.0,0.0,0.0,0.0,0.0,0.0,0.0,0.0,0.0,0.0,0.0,0.0,0.0,0.0,0.0,0.0,0.0,0.0,0.0,0.0,0.0,0.0,0.0,0.0,0.0,0.0,0.0,0.0,0.0,0.0,0.0,0.0,0.0,0.0,0.0,0.0,0.0,0.0,0.0,0.0,0.0,0.0,0.0,0.0,0.0,0.0,0.0,0.0,0.0,0.0,0.0,0.0,0.0,0.0,0.0,0.0,0.0,0.0,0.0,0.0,0.0,0.0,0.0,0.0,0.0,0.0,0.0,0.0,0.0,0.0,0.0,0.0,0.0,0.0,0.0,0.0,0.0,0.0,0.0,0.0,0.0,0.0,0.0,0.0,0.0,0.0,0.0,0.0,0.0,0.0,0.0,0.0,-9,0.0,4,0.0,0,0.0,0.0,5,0,0,0,0,0,0,0.0,~
689,Luca,Williams-Barnett,MID,TOT,?,"Williams-Barnett (MID, ?)",0,0,0,0,0,0,0,0,0,0,0,0,0,0,18,0.0,0.0,0.0,0.0,0.0,0.0,0.0,0.0,0.0,0.0,0.0,0.0,0.0,0.0,0.0,0.0,0.0,0.0,0.0,0.0,0.0,0.0,0.0,0.0,0.0,0.0,0.0,0.0,0.0,0.0,0.0,0.0,0.0,0.0,0.0,0.0,0.0,0.0,0.0,0.0,0.0,0.0,0.0,0.0,0.0,0.0,0.0,0.0,0.0,0.0,0.0,0.0,0.0,0.0,0.0,0.0,0.0,0.0,0.0,0.0,0.0,0.0,0.0,0.0,0.0,0.0,0.0,0.0,0.0,0.0,0.0,0.0,0.0,0.0,0.0,0.0,0.0,0.0,0.0,0.0,0.0,0.0,0.0,0.0,0.0,0.0,0.0,0.0,0.0,0.0,0.0,0.0,0.0,0.0,0.0,0.0,0.0,0.0,0.0,0.0,0.0,0.0,0.0,0.0,0.0,0.0,0.0,0.0,0.0,0.0,0.0,0.0,0.0,0.0,0.0,0.0,0.0,0.0,0.0,0.0,0.0,0.0,0.0,0.0,0.0,0.0,0.0,0.0,0.0,0.0,0.0,0.0,0.0,0.0,0.0,0.0,0.0,0.0,0.0,0.0,-9,0.0,0,0.0,22,0.0,0.0,5,0,0,0,0,0,0,0.0,~
700,Maeson,King,DEF,TOT,?,"King (DEF, ?)",0,0,0,0,0,0,0,0,0,0,0,0,0,0,18,0.0,0.0,0.0,0.0,0.0,0.0,0.0,0.0,0.0,0.0,0.0,0.0,0.0,0.0,0.0,0.0,0.0,0.0,0.0,0.0,0.0,0.0,0.0,0.0,0.0,0.0,0.0,0.0,0.0,0.0,0.0,0.0,0.0,0.0,0.0,0.0,0.0,0.0,0.0,0.0,0.0,0.0,0.0,0.0,0.0,0.0,0.0,0.0,0.0,0.0,0.0,0.0,0.0,0.0,0.0,0.0,0.0,0.0,0.0,0.0,0.0,0.0,0.0,0.0,0.0,0.0,0.0,0.0,0.0,0.0,0.0,0.0,0.0,0.0,0.0,0.0,0.0,0.0,0.0,0.0,0.0,0.0,0.0,0.0,0.0,0.0,0.0,0.0,0.0,0.0,0.0,0.0,0.0,0.0,0.0,0.0,0.0,0.0,0.0,0.0,0.0,0.0,0.0,0.0,0.0,0.0,0.0,0.0,0.0,0.0,0.0,0.0,0.0,0.0,0.0,0.0,0.0,0.0,0.0,0.0,0.0,0.0,0.0,0.0,0.0,0.0,0.0,0.0,0.0,0.0,0.0,0.0,0.0,0.0,0.0,0.0,0.0,0.0,0.0,0.0,-9,0.0,4,0.0,0,0.0,0.0,5,0,0,0,0,0,0,0.0,~
514,Jarrod,Bowen,MID,WHU,?,"Bowen (MID, ?)",89,1597,5,29,0,6,4,0,0,0,1,0,7,18,0,4.0,2.0,5.333333333333333,3.333333333333333,3.771236166328253,90.0,0.0,90.0,0.0,0.0,4.0,2.0,4.944444444444445,2.833333333333333,3.3411944341677544,90.0,0.0,88.72222222222223,2.2716049382716,4.213807404178099,0.0,0.0,0.2777777777777778,0.4012345679012346,0.4479032082388083,1.0,1.0,1.6111111111111112,1.259259259259259,1.4582671942674097,0.0,0.0,0.0,0.0,0.0,0.0,0.0,0.3333333333333333,0.4444444444444444,0.4714045207910317,0.0,0.0,0.2222222222222222,0.345679012345679,0.415739709641549,0.0,0.0,0.0,0.0,0.0,0.0,0.0,0.0,0.0,0.0,0.0,0.0,0.0,0.0,0.0,0.0,0.0,0.0555555555555555,0.1049382716049382,0.2290614236454256,0.0,0.0,0.0,0.0,0.0,0.0,0.0,0.3888888888888889,0.6049382716049383,0.8258927081843616,4.0,2.0,4.944444444444445,2.833333333333333,3.3411944341677544,90.0,0.0,88.72222222222223,2.2716049382716,4.213807404178099,0.0,0.0,0.2777777777777778,0.4012345679012346,0.4479032082388083,1.0,1.0,1.6111111111111112,1.259259259259259,1.4582671942674097,0.0,0.0,0.0,0.0,0.0,0.0,0.0,0.3333333333333333,0.4444444444444444,0.4714045207910317,0.0,0.0,0.2222222222222222,0.345679012345679,0.415739709641549,0.0,0.0,0.0,0.0,0.0,0.0,0.0,0.0,0.0,0.0,0.0,0.0,0.0,0.0,0.0,0.0,0.0,0.0555555555555555,0.1049382716049382,0.2290614236454256,0.0,0.0,0.0,0.0,0.0,0.0,0.0,0.3888888888888889,0.6049382716049383,0.8258927081843616,-12,17.333333333333332,0,0.0,-12,17.333333333333332,17.33333333333,5,1,0,0,0,0,1,-16.33333333333,6↓
388,Aaron,Wan-Bissaka,DEF,WHU,?,"Wan-Bissaka (DEF, ?)",58,1444,2,28,0,1,3,0,0,0,0,0,6,17,1,3.5,2.0,4.166666666666667,2.5,2.793842435706701,90.0,0.0,90.0,0.0,0.0,2.0,1.0,3.2222222222222223,2.765432098765432,3.690160423425693,90.0,0.0,80.22222222222223,16.29629629629629,24.49388938661948,0.0,0.0,0.1111111111111111,0.1975308641975308,0.3142696805273545,1.0,1.0,1.5555555555555556,1.2962962962962965,1.4989708403591155,0.0,0.0,0.0,0.0,0.0,0.0,0.0,0.0555555555555555,0.1049382716049382,0.2290614236454256,0.0,0.0,0.1666666666666666,0.2777777777777778,0.372677996249965,0.0,0.0,0.0,0.0,0.0,0.0,0.0,0.0,0.0,0.0,0.0,0.0,0.0,0.0,0.0,0.0,0.0,0.0,0.0,0.0,0.0,0.0,0.0,0.0,0.0,0.0,0.0,0.3333333333333333,0.5925925925925926,0.9428090415820634,2.0,1.0,3.411764705882353,2.8166089965397925,3.71101418719706,90.0,0.0,84.94117647058823,8.927335640138411,15.310398574115238,0.0,0.0,0.1176470588235294,0.2076124567474048,0.3221897397089212,1.0,1.0,1.6470588235294117,1.3079584775086506,1.492773828288179,0.0,0.0,0.0,0.0,0.0,0.0,0.0,0.0588235294117647,0.1107266435986159,0.2352941176470588,0.0,0.0,0.1764705882352941,0.2906574394463668,0.3812200410828153,0.0,0.0,0.0,0.0,0.0,0.0,0.0,0.0,0.0,0.0,0.0,0.0,0.0,0.0,0.0,0.0,0.0,0.0,0.0,0.0,0.0,0.0,0.0,0.0,0.0,0.0,0.0,0.3529411764705882,0.6228373702422145,0.9665692191267636,-12,8.666666666666666,-3,9.666666666666668,0,0.0,9.16666666667,5,0,0,3,1,2,6,-3.1666666666700003,3↓
525,Mohammed,Kudus,MID,WHU,?,"Kudus (MID, ?)",47,1080,3,19,0,1,3,0,0,0,0,1,4,13,5,3.0,2.0,4.0,2.6666666666666665,3.055050463303893,82.0,8.0,69.66666666666667,23.222222222222214,31.715751431881426,2.0,1.5,2.611111111111111,1.969135802469136,2.584975583140409,85.0,5.0,60.0,35.0,38.58612300930075,0.0,0.0,0.1666666666666666,0.2777777777777778,0.3726779962499649,1.0,1.0,1.0555555555555556,0.969135802469136,1.2234841969747356,0.0,0.0,0.0,0.0,0.0,0.0,0.0,0.0555555555555555,0.1049382716049382,0.2290614236454256,0.0,0.0,0.1666666666666666,0.2777777777777778,0.3726779962499649,0.0,0.0,0.0,0.0,0.0,0.0,0.0,0.0,0.0,0.0,0.0,0.0,0.0,0.0,0.0,0.0,0.0,0.0,0.0,0.0,0.0,0.0,0.0555555555555555,0.1049382716049382,0.2290614236454256,0.0,0.0,0.2222222222222222,0.3950617283950617,0.628539361054709,3.0,1.0,3.615384615384616,1.9289940828402368,2.370928462680376,87.0,3.0,83.07692307692308,8.03550295857988,12.015768732164084,0.0,0.0,0.2307692307692307,0.3550295857988166,0.4213250442347432,1.0,1.0,1.4615384615384617,1.029585798816568,1.2162606385262995,0.0,0.0,0.0,0.0,0.0,0.0,0.0,0.0769230769230769,0.1420118343195266,0.2664693550105965,0.0,0.0,0.2307692307692307,0.3550295857988166,0.4213250442347431,0.0,0.0,0.0,0.0,0.0,0.0,0.0,0.0,0.0,0.0,0.0,0.0,0.0,0.0,0.0,0.0,0.0,0.0,0.0,0.0,0.0,0.0,0.0769230769230769,0.1420118343195266,0.2664693550105965,0.0,0.0,0.3076923076923077,0.5207100591715976,0.7216024245882199,-12,8.0,0,0.0,-12,8.0,8.0,5,2,2,2,2,2,10,2.0,2↑
530,Tomáš,Souček,MID,WHU,?,"Souček (MID, ?)",60,1253,4,22,0,1,4,0,0,0,5,0,8,17,1,2.0,0.0,3.0,2.0,2.70801280154532,90.0,0.0,85.16666666666667,8.055555555555552,10.807661891248983,2.0,1.0,3.333333333333333,2.814814814814815,3.3665016461206925,90.0,0.0,69.61111111111111,23.475308641975307,27.83909898144632,0.0,0.0,0.2222222222222222,0.345679012345679,0.415739709641549,1.0,0.5,1.2222222222222223,0.9012345679012346,1.314684396244359,0.0,0.0,0.0,0.0,0.0,0.0,0.0,0.0555555555555555,0.1049382716049382,0.2290614236454256,0.0,0.0,0.2222222222222222,0.345679012345679,0.415739709641549,0.0,0.0,0.0,0.0,0.0,0.0,0.0,0.0,0.0,0.0,0.0,0.0,0.0,0.0,0.0,0.0,0.0,0.2777777777777778,0.4012345679012346,0.4479032082388083,0.0,0.0,0.0,0.0,0.0,0.0,0.0,0.4444444444444444,0.691358024691358,0.8958064164776167,2.0,1.0,3.5294117647058822,2.865051903114187,3.362730806577989,90.0,0.0,73.70588235294117,19.557093425605537,22.777090414512237,0.0,0.0,0.2352941176470588,0.3598615916955017,0.4241825029957634,1.0,0.0,1.2941176470588236,0.9204152249134948,1.3179621472004752,0.0,0.0,0.0,0.0,0.0,0.0,0.0,0.0588235294117647,0.1107266435986159,0.2352941176470588,0.0,0.0,0.2352941176470588,0.3598615916955017,0.4241825029957634,0.0,0.0,0.0,0.0,0.0,0.0,0.0,0.0,0.0,0.0,0.0,0.0,0.0,0.0,0.0,0.0,0.0,0.2941176470588235,0.4152249134948097,0.4556450995538137,0.0,0.0,0.0,0.0,0.0,0.0,0.0,0.4705882352941176,0.7197231833910035,0.9150793638884732,-12,8.666666666666666,0,0.0,-12,8.666666666666666,8.66666666667,5,0,5,6,2,1,14,5.33333333333,4↑
521,Łukasz,Fabiański,GKP,WHU,?,"Fabianski (GKP, ?)",33,890,0,16,0,0,2,40,0,0,2,0,2,11,7,2.0,0.5,2.0,1.0,1.5275252316519468,90.0,0.0,80.83333333333333,15.27777777777778,20.49728979374807,1.5,1.5,1.8333333333333333,1.8333333333333333,2.4551533104427063,67.5,22.5,49.44444444444444,40.55555555555556,42.25875612385914,0.0,0.0,0.0,0.0,0.0,0.0,0.0,0.8888888888888888,0.9876543209876544,1.3698697784375502,0.0,0.0,0.0,0.0,0.0,0.0,0.0,0.0,0.0,0.0,0.0,0.0,0.1111111111111111,0.1975308641975308,0.3142696805273545,2.0,2.0,2.2222222222222223,1.8024691358024687,2.199887763691481,0.0,0.0,0.0,0.0,0.0,0.0,0.0,0.0,0.0,0.0,0.0,0.0,0.1111111111111111,0.1975308641975308,0.3142696805273545,0.0,0.0,0.0,0.0,0.0,0.0,0.0,0.1111111111111111,0.2098765432098765,0.4581228472908512,2.0,1.0,3.0,1.818181818181818,2.522624895547565,90.0,0.0,80.9090909090909,14.876033057851242,19.402223609466404,0.0,0.0,0.0,0.0,0.0,1.0,1.0,1.4545454545454546,1.206611570247934,1.49931113658824,0.0,0.0,0.0,0.0,0.0,0.0,0.0,0.0,0.0,0.0,0.0,0.0,0.1818181818181818,0.2975206611570247,0.3856946079199349,3.0,1.0,3.636363636363636,1.2396694214876034,1.6663911618021234,0.0,0.0,0.0,0.0,0.0,0.0,0.0,0.0,0.0,0.0,0.0,0.0,0.1818181818181818,0.2975206611570247,0.3856946079199349,0.0,0.0,0.0,0.0,0.0,0.0,0.0,0.1818181818181818,0.3305785123966941,0.5749595745760688,-12,5.5,-3,7.0,0,0.0,6.25,5,0,0,1,2,0,3,-3.25,3↓
520,Emerson,Palmieri dos Santos,DEF,WHU,?,"Emerson (DEF, ?)",43,1261,1,26,0,1,4,0,0,0,5,0,0,17,1,1.5,1.0,2.5,2.0,2.217355782608345,67.0,20.0,56.0,28.0,31.89043743820395,1.0,1.0,2.388888888888889,2.228395061728395,2.6486660980133814,76.0,12.0,70.05555555555556,17.487654320987655,23.86413446115838,0.0,0.0,0.0555555555555555,0.1049382716049382,0.2290614236454256,1.0,1.0,1.4444444444444444,1.148148148148148,1.4229164972072998,0.0,0.0,0.0,0.0,0.0,0.0,0.0,0.0555555555555555,0.1049382716049382,0.2290614236454256,0.0,0.0,0.2222222222222222,0.345679012345679,0.415739709641549,0.0,0.0,0.0,0.0,0.0,0.0,0.0,0.0,0.0,0.0,0.0,0.0,0.0,0.0,0.0,0.0,0.0,0.2777777777777778,0.4012345679012345,0.4479032082388083,0.0,0.0,0.0,0.0,0.0,0.0,0.0,0.0,0.0,0.0,1.0,1.0,2.5294117647058822,2.27681660899654,2.659448130695839,78.0,10.0,74.17647058823529,13.460207612456747,17.243021756871922,0.0,0.0,0.0588235294117647,0.1107266435986159,0.2352941176470588,1.0,1.0,1.5294117647058822,1.1557093425605538,1.4190985978605668,0.0,0.0,0.0,0.0,0.0,0.0,0.0,0.0588235294117647,0.1107266435986159,0.2352941176470588,0.0,0.0,0.2352941176470588,0.3598615916955017,0.4241825029957634,0.0,0.0,0.0,0.0,0.0,0.0,0.0,0.0,0.0,0.0,0.0,0.0,0.0,0.0,0.0,0.0,0.0,0.2941176470588235,0.4152249134948097,0.4556450995538137,0.0,0.0,0.0,0.0,0.0,0.0,0.0,0.0,0.0,0.0,-12,3.666666666666667,-3,4.666666666666667,0,0.0,4.16666666667,5,0,0,1,1,10,12,7.83333333333,5↑
528,Konstantinos,Mavropanos,DEF,WHU,?,"Mavropanos (DEF, ?)",30,1088,0,17,0,0,2,0,0,0,2,0,4,15,3,1.5,1.0,2.1666666666666665,1.9444444444444444,2.7335365778094545,90.0,0.0,67.5,30.0,34.3693177121688,1.0,1.0,1.6666666666666667,1.5185185185185186,2.333333333333333,90.0,0.0,60.44444444444444,32.839506172839506,35.59060772204784,0.0,0.0,0.0,0.0,0.0,0.0,0.0,0.9444444444444444,1.0493827160493825,1.2234841969747354,0.0,0.0,0.0,0.0,0.0,0.0,0.0,0.0,0.0,0.0,0.0,0.0,0.1111111111111111,0.1975308641975308,0.3142696805273545,0.0,0.0,0.0,0.0,0.0,0.0,0.0,0.0,0.0,0.0,0.0,0.0,0.0,0.0,0.0,0.0,0.0,0.1111111111111111,0.1975308641975308,0.3142696805273545,0.0,0.0,0.0,0.0,0.0,0.0,0.0,0.2222222222222222,0.3950617283950617,0.628539361054709,1.0,0.0,2.0,1.6,2.422120283277993,90.0,0.0,72.53333333333333,23.28888888888889,25.36103748315952,0.0,0.0,0.0,0.0,0.0,1.0,1.0,1.1333333333333333,1.111111111111111,1.2578641509408803,0.0,0.0,0.0,0.0,0.0,0.0,0.0,0.0,0.0,0.0,0.0,0.0,0.1333333333333333,0.2311111111111111,0.339934634239519,0.0,0.0,0.0,0.0,0.0,0.0,0.0,0.0,0.0,0.0,0.0,0.0,0.0,0.0,0.0,0.0,0.0,0.1333333333333333,0.2311111111111111,0.339934634239519,0.0,0.0,0.0,0.0,0.0,0.0,0.0,0.2666666666666666,0.4622222222222222,0.6798692684790381,-12,3.666666666666667,-3,4.666666666666667,0,0.0,4.16666666667,5,0,0,1,-2,0,-1,-5.16666666667,4↓
654,Carlos,Soler,MID,WHU,?,"C.Soler (MID, ?)",18,647,0,9,0,1,2,0,0,0,5,0,0,14,4,1.5,1.0,1.6666666666666667,1.3333333333333333,1.6996731711975948,58.0,9.0,50.16666666666666,18.444444444444443,24.388635787094685,1.0,1.0,1.0,0.8888888888888888,1.2909944487358056,40.5,20.5,35.94444444444444,21.7283950617284,25.65036760018638,0.0,0.0,0.0,0.0,0.0,0.0,0.0,0.5,0.8333333333333334,1.2583057392117916,0.0,0.0,0.0,0.0,0.0,0.0,0.0,0.0555555555555555,0.1049382716049382,0.2290614236454256,0.0,0.0,0.1111111111111111,0.1975308641975308,0.3142696805273545,0.0,0.0,0.0,0.0,0.0,0.0,0.0,0.0,0.0,0.0,0.0,0.0,0.0,0.0,0.0,0.0,0.0,0.2777777777777778,0.4012345679012345,0.4479032082388083,0.0,0.0,0.0,0.0,0.0,0.0,0.0,0.0,0.0,0.0,1.0,1.0,1.2857142857142858,0.979591836734694,1.3324827218698307,45.0,16.0,46.21428571428572,15.418367346938776,19.269437575855605,0.0,0.0,0.0,0.0,0.0,0.0,0.0,0.6428571428571429,1.010204081632653,1.3942300925673667,0.0,0.0,0.0,0.0,0.0,0.0,0.0,0.0714285714285714,0.1326530612244897,0.2575393768188563,0.0,0.0,0.1428571428571428,0.2448979591836734,0.3499271061118826,0.0,0.0,0.0,0.0,0.0,0.0,0.0,0.0,0.0,0.0,0.0,0.0,0.0,0.0,0.0,0.0,0.0,0.3571428571428571,0.4591836734693876,0.4791574237499548,0.0,0.0,0.0,0.0,0.0,0.0,0.0,0.0,0.0,0.0,-12,3.666666666666667,0,0.0,-12,3.6666666666666665,3.66666666667,5,2,0,9,1,2,14,10.33333333333,5↑
511,Edson,Álvarez Velázquez,MID,WHU,?,"Álvarez (MID, ?)",15,837,0,15,0,0,1,0,0,0,4,1,0,14,4,1.5,0.5,1.5,0.5,0.5,80.5,9.0,71.66666666666667,17.777777777777775,19.576062480034697,1.0,1.0,0.8333333333333334,0.7777777777777778,1.0137937550497031,45.5,34.5,46.5,29.77777777777778,34.10970862118617,0.0,0.0,0.0,0.0,0.0,0.0,0.0,0.8333333333333334,0.925925925925926,1.118033988749895,0.0,0.0,0.0,0.0,0.0,0.0,0.0,0.0,0.0,0.0,0.0,0.0,0.0555555555555555,0.1049382716049382,0.2290614236454256,0.0,0.0,0.0,0.0,0.0,0.0,0.0,0.0,0.0,0.0,0.0,0.0,0.0,0.0,0.0,0.0,0.0,0.2222222222222222,0.345679012345679,0.415739709641549,0.0,0.0,0.0555555555555555,0.1049382716049382,0.2290614236454256,0.0,0.0,0.0,0.0,0.0,1.0,0.5,1.0714285714285714,0.6632653061224489,1.0326308782000686,63.5,21.0,59.785714285714285,24.071428571428573,26.487675224064308,0.0,0.0,0.0,0.0,0.0,1.0,1.0,1.0714285714285714,0.9591836734693876,1.1627728997214075,0.0,0.0,0.0,0.0,0.0,0.0,0.0,0.0,0.0,0.0,0.0,0.0,0.0714285714285714,0.1326530612244897,0.2575393768188563,0.0,0.0,0.0,0.0,0.0,0.0,0.0,0.0,0.0,0.0,0.0,0.0,0.0,0.0,0.0,0.0,0.0,0.2857142857142857,0.4081632653061224,0.4517539514526256,0.0,0.0,0.0714285714285714,0.1326530612244897,0.2575393768188563,0.0,0.0,0.0,0.0,0.0,-12,3.666666666666667,0,0.0,-12,3.6666666666666665,3.66666666667,5,1,2,2,1,4,10,6.33333333333,4↑
524,Max,Kilman,DEF,WHU,?,"Kilman (DEF, ?)",41,1548,0,30,0,1,3,0,0,0,3,0,3,18,0,1.5,0.5,1.3333333333333333,0.6666666666666666,0.74535599249993,90.0,0.0,78.0,20.0,26.83281572999748,1.5,0.5,2.2777777777777777,1.9074074074074077,2.9022128636908837,90.0,0.0,86.0,7.555555555555555,16.492422502470642,0.0,0.0,0.0,0.0,0.0,1.0,1.0,1.6666666666666667,1.2592592592592595,1.4529663145135576,0.0,0.0,0.0,0.0,0.0,0.0,0.0,0.0555555555555555,0.1049382716049382,0.2290614236454256,0.0,0.0,0.1666666666666666,0.2777777777777778,0.3726779962499649,0.0,0.0,0.0,0.0,0.0,0.0,0.0,0.0,0.0,0.0,0.0,0.0,0.0,0.0,0.0,0.0,0.0,0.1666666666666666,0.2777777777777778,0.3726779962499649,0.0,0.0,0.0,0.0,0.0,0.0,0.0,0.1666666666666666,0.3148148148148148,0.6871842709362769,1.5,0.5,2.2777777777777777,1.9074074074074077,2.9022128636908837,90.0,0.0,86.0,7.555555555555555,16.492422502470642,0.0,0.0,0.0,0.0,0.0,1.0,1.0,1.6666666666666667,1.2592592592592595,1.4529663145135576,0.0,0.0,0.0,0.0,0.0,0.0,0.0,0.0555555555555555,0.1049382716049382,0.2290614236454256,0.0,0.0,0.1666666666666666,0.2777777777777778,0.3726779962499649,0.0,0.0,0.0,0.0,0.0,0.0,0.0,0.0,0.0,0.0,0.0,0.0,0.0,0.0,0.0,0.0,0.0,0.1666666666666666,0.2777777777777778,0.3726779962499649,0.0,0.0,0.0,0.0,0.0,0.0,0.0,0.1666666666666666,0.3148148148148148,0.6871842709362769,-12,6.833333333333333,-3,7.333333333333334,0,0.0,7.08333333333,5,0,0,1,1,2,4,-3.0833333333299997,3↓
527,Lucas,Tolentino Coelho de Lima,MID,WHU,?,"L.Paquetá (MID, ?)",50,1191,3,25,0,1,3,0,0,0,5,0,4,17,1,1.0,0.5,3.0,3.0,3.5118845842842465,49.0,25.0,48.333333333333336,30.33333333333333,32.19558285783246,2.0,1.0,2.7777777777777777,2.0617283950617287,2.698879511442471,74.0,16.0,66.16666666666667,21.444444444444443,26.141176544125,0.0,0.0,0.1666666666666666,0.2777777777777778,0.3726779962499649,1.0,1.0,1.3888888888888888,1.2283950617283952,1.4958791130929177,0.0,0.0,0.0,0.0,0.0,0.0,0.0,0.0555555555555555,0.1049382716049382,0.2290614236454256,0.0,0.0,0.1666666666666666,0.2777777777777778,0.3726779962499649,0.0,0.0,0.0,0.0,0.0,0.0,0.0,0.0,0.0,0.0,0.0,0.0,0.0,0.0,0.0,0.0,0.0,0.2777777777777778,0.4012345679012346,0.4479032082388083,0.0,0.0,0.0,0.0,0.0,0.0,0.0,0.2222222222222222,0.3950617283950617,0.7114582486036499,2.0,1.0,2.9411764705882355,2.0484429065743948,2.689206929567638,75.0,15.0,70.05882352941177,17.217993079584772,21.233909030924195,0.0,0.0,0.1764705882352941,0.2906574394463668,0.3812200410828153,1.0,1.0,1.4705882352941178,1.2525951557093429,1.4997116216449369,0.0,0.0,0.0,0.0,0.0,0.0,0.0,0.0588235294117647,0.1107266435986159,0.2352941176470588,0.0,0.0,0.1764705882352941,0.2906574394463668,0.3812200410828152,0.0,0.0,0.0,0.0,0.0,0.0,0.0,0.0,0.0,0.0,0.0,0.0,0.0,0.0,0.0,0.0,0.0,0.2941176470588235,0.4152249134948096,0.4556450995538137,0.0,0.0,0.0,0.0,0.0,0.0,0.0,0.2352941176470588,0.4152249134948097,0.7299808027053445,-12,8.666666666666666,0,0.0,-12,8.666666666666666,8.66666666667,5,2,2,7,1,2,14,5.33333333333,4↑
589,Niclas,Füllkrug,FWD,WHU,?,"Füllkrug (FWD, ?)",16,231,1,5,0,1,1,0,0,0,0,0,1,7,11,1.0,1.0,2.1666666666666665,2.222222222222222,2.4094720491334933,22.5,22.5,28.0,24.33333333333333,26.451212952654306,0.0,0.0,0.8888888888888888,1.08641975308642,1.6960375024970828,0.0,0.0,12.833333333333334,15.88888888888889,20.161156271955782,0.0,0.0,0.0555555555555555,0.1049382716049382,0.2290614236454256,0.0,0.0,0.2777777777777778,0.4012345679012345,0.4479032082388083,0.0,0.0,0.0,0.0,0.0,0.0,0.0,0.0555555555555555,0.1049382716049382,0.2290614236454256,0.0,0.0,0.0555555555555555,0.1049382716049382,0.2290614236454256,0.0,0.0,0.0,0.0,0.0,0.0,0.0,0.0,0.0,0.0,0.0,0.0,0.0,0.0,0.0,0.0,0.0,0.0,0.0,0.0,0.0,0.0,0.0,0.0,0.0,0.0,0.0,0.0555555555555555,0.1049382716049382,0.2290614236454256,1.0,0.0,2.2857142857142856,1.836734693877551,2.050385727772475,27.0,10.0,33.0,16.571428571428573,19.48625889477725,0.0,0.0,0.1428571428571428,0.2448979591836734,0.3499271061118826,1.0,0.0,0.7142857142857143,0.4081632653061224,0.4517539514526256,0.0,0.0,0.0,0.0,0.0,0.0,0.0,0.1428571428571428,0.2448979591836734,0.3499271061118826,0.0,0.0,0.1428571428571428,0.2448979591836734,0.3499271061118826,0.0,0.0,0.0,0.0,0.0,0.0,0.0,0.0,0.0,0.0,0.0,0.0,0.0,0.0,0.0,0.0,0.0,0.0,0.0,0.0,0.0,0.0,0.0,0.0,0.0,0.0,0.0,0.1428571428571428,0.2448979591836734,0.3499271061118826,-12,0.0,0,0.0,-12,0.0,0.0,5,1,5,0,0,0,6,6.0,4↑
587,Crysencio,Summerville,MID,WHU,?,"Summerville (MID, ?)",30,656,1,15,0,1,2,0,0,0,2,0,2,17,1,1.0,0.5,1.5,1.0,1.2583057392117916,39.0,11.5,38.66666666666666,15.333333333333334,18.53525169927712,1.0,0.0,1.6666666666666667,1.1851851851851851,1.6329931618554518,39.0,19.5,36.44444444444444,20.77777777777778,24.73464107554024,0.0,0.0,0.0555555555555555,0.1049382716049382,0.2290614236454256,0.0,0.0,0.8333333333333334,0.925925925925926,1.3017082793177757,0.0,0.0,0.0,0.0,0.0,0.0,0.0,0.0555555555555555,0.1049382716049382,0.2290614236454256,0.0,0.0,0.1111111111111111,0.1975308641975308,0.3142696805273545,0.0,0.0,0.0,0.0,0.0,0.0,0.0,0.0,0.0,0.0,0.0,0.0,0.0,0.0,0.0,0.0,0.0,0.1111111111111111,0.1975308641975308,0.3142696805273545,0.0,0.0,0.0,0.0,0.0,0.0,0.0,0.1111111111111111,0.2098765432098765,0.4581228472908512,1.0,0.0,1.7647058823529411,1.1972318339100343,1.6280414709527116,45.0,23.0,38.588235294117645,19.73010380622837,23.77111154205113,0.0,0.0,0.0588235294117647,0.1107266435986159,0.2352941176470588,0.0,0.0,0.8823529411764706,0.9342560553633218,1.3232025740237636,0.0,0.0,0.0,0.0,0.0,0.0,0.0,0.0588235294117647,0.1107266435986159,0.2352941176470588,0.0,0.0,0.1176470588235294,0.2076124567474048,0.3221897397089212,0.0,0.0,0.0,0.0,0.0,0.0,0.0,0.0,0.0,0.0,0.0,0.0,0.0,0.0,0.0,0.0,0.0,0.1176470588235294,0.2076124567474048,0.3221897397089212,0.0,0.0,0.0,0.0,0.0,0.0,0.0,0.1176470588235294,0.2214532871972318,0.4705882352941177,-12,5.0,0,0.0,-12,5.0,5.0,5,1,2,0,0,0,3,-2.0,2↓
516,Vladimír,Coufal,DEF,WHU,?,"Coufal (DEF, ?)",15,433,0,6,0,0,1,0,0,0,2,0,0,11,7,1.0,0.5,0.8333333333333334,0.5555555555555555,0.6871842709362768,22.0,21.0,32.833333333333336,28.444444444444446,32.513672337785664,0.5,0.5,0.8333333333333334,0.8333333333333335,1.384437310486346,17.0,17.0,24.05555555555556,23.407407407407405,29.343695560303964,0.0,0.0,0.0,0.0,0.0,0.0,0.0,0.3333333333333333,0.5185185185185186,0.6666666666666667,0.0,0.0,0.0,0.0,0.0,0.0,0.0,0.0,0.0,0.0,0.0,0.0,0.0555555555555555,0.1049382716049382,0.2290614236454256,0.0,0.0,0.0,0.0,0.0,0.0,0.0,0.0,0.0,0.0,0.0,0.0,0.0,0.0,0.0,0.0,0.0,0.1111111111111111,0.1975308641975308,0.3142696805273545,0.0,0.0,0.0,0.0,0.0,0.0,0.0,0.0,0.0,0.0,1.0,0.0,1.3636363636363635,0.958677685950413,1.5534552264213692,25.0,10.0,39.36363636363637,25.37190082644628,28.397415782787277,0.0,0.0,0.0,0.0,0.0,0.0,0.0,0.5454545454545454,0.6942148760330578,0.7820295697311479,0.0,0.0,0.0,0.0,0.0,0.0,0.0,0.0,0.0,0.0,0.0,0.0,0.0909090909090909,0.165289256198347,0.2874797872880344,0.0,0.0,0.0,0.0,0.0,0.0,0.0,0.0,0.0,0.0,0.0,0.0,0.0,0.0,0.0,0.0,0.0,0.1818181818181818,0.2975206611570247,0.3856946079199349,0.0,0.0,0.0,0.0,0.0,0.0,0.0,0.0,0.0,0.0,-12,1.8333333333333333,-3,2.333333333333333,0,0.0,2.08333333333,5,0,-2,0,0,3,1,-1.0833333333300001,1↓
591,Jean-Clair,Todibo,DEF,WHU,?,"Todibo (DEF, ?)",24,766,0,16,0,0,2,0,0,0,0,0,1,13,5,0.5,0.5,1.5,1.8333333333333333,2.5,23.5,23.5,34.666666666666664,34.0,36.42191037762236,1.0,1.0,1.3333333333333333,1.296296296296296,1.9436506316151,45.0,45.0,42.55555555555556,36.827160493827165,39.624939147828805,0.0,0.0,0.0,0.0,0.0,0.0,0.0,0.8888888888888888,1.08641975308642,1.4865653511399617,0.0,0.0,0.0,0.0,0.0,0.0,0.0,0.0,0.0,0.0,0.0,0.0,0.1111111111111111,0.1975308641975308,0.3142696805273545,0.0,0.0,0.0,0.0,0.0,0.0,0.0,0.0,0.0,0.0,0.0,0.0,0.0,0.0,0.0,0.0,0.0,0.0,0.0,0.0,0.0,0.0,0.0,0.0,0.0,0.0,0.0,0.0555555555555555,0.1049382716049382,0.2290614236454256,1.0,0.0,1.8461538461538465,1.4792899408284026,2.0697883149344167,71.0,19.0,58.92307692307692,30.54437869822485,34.77944029819372,0.0,0.0,0.0,0.0,0.0,1.0,1.0,1.2307692307692308,1.2781065088757395,1.6245163139956058,0.0,0.0,0.0,0.0,0.0,0.0,0.0,0.0,0.0,0.0,0.0,0.0,0.1538461538461538,0.2603550295857988,0.36080121229411,0.0,0.0,0.0,0.0,0.0,0.0,0.0,0.0,0.0,0.0,0.0,0.0,0.0,0.0,0.0,0.0,0.0,0.0,0.0,0.0,0.0,0.0,0.0,0.0,0.0,0.0,0.0,0.0769230769230769,0.1420118343195266,0.2664693550105965,-12,3.666666666666667,-3,4.666666666666667,0,0.0,4.16666666667,5,0,0,0,0,0,0,-4.16666666667,3↓
588,Guido,Rodríguez,MID,WHU,?,"G.Rodríguez (MID, ?)",24,889,0,16,0,0,3,0,0,0,5,0,0,16,2,0.5,0.5,0.6666666666666666,0.6666666666666666,0.74535599249993,2.0,2.0,14.0,17.666666666666668,24.12467616362964,1.0,1.0,1.3333333333333333,0.8148148148148149,0.9428090415820636,66.5,23.5,49.388888888888886,32.23456790123457,35.18702236918999,0.0,0.0,0.0,0.0,0.0,0.5,0.5,0.8888888888888888,0.8888888888888888,1.1493422703098446,0.0,0.0,0.0,0.0,0.0,0.0,0.0,0.0,0.0,0.0,0.0,0.0,0.1666666666666666,0.2777777777777778,0.3726779962499649,0.0,0.0,0.0,0.0,0.0,0.0,0.0,0.0,0.0,0.0,0.0,0.0,0.0,0.0,0.0,0.0,0.0,0.2777777777777778,0.4012345679012345,0.4479032082388083,0.0,0.0,0.0,0.0,0.0,0.0,0.0,0.0,0.0,0.0,1.5,0.5,1.5,0.75,0.8660254037844386,68.0,22.0,55.5625,28.546875,32.40171436436658,0.0,0.0,0.0,0.0,0.0,1.0,1.0,1.0,0.875,1.1726039399558574,0.0,0.0,0.0,0.0,0.0,0.0,0.0,0.0,0.0,0.0,0.0,0.0,0.1875,0.3046875,0.3903123748998999,0.0,0.0,0.0,0.0,0.0,0.0,0.0,0.0,0.0,0.0,0.0,0.0,0.0,0.0,0.0,0.0,0.0,0.3125,0.4296875,0.4635124054434789,0.0,0.0,0.0,0.0,0.0,0.0,0.0,0.0,0.0,0.0,-12,3.666666666666667,0,0.0,-12,3.6666666666666665,3.66666666667,5,0,0,2,1,1,4,0.33333333333000015,~
523,Danny,Ings,FWD,WHU,?,"Ings (FWD, ?)",23,172,1,2,0,2,0,0,0,0,0,0,4,9,9,0.5,0.5,0.5,0.5,0.5,8.5,8.5,14.5,14.5,16.72074559741082,0.5,0.5,1.2777777777777777,1.4938271604938271,2.42224770628796,2.5,2.5,9.555555555555555,10.234567901234566,12.302764920592365,0.0,0.0,0.0555555555555555,0.1049382716049382,0.2290614236454256,0.0,0.0,0.1111111111111111,0.1975308641975308,0.3142696805273545,0.0,0.0,0.0,0.0,0.0,0.0,0.0,0.1111111111111111,0.2098765432098765,0.4581228472908512,0.0,0.0,0.0,0.0,0.0,0.0,0.0,0.0,0.0,0.0,0.0,0.0,0.0,0.0,0.0,0.0,0.0,0.0,0.0,0.0,0.0,0.0,0.0,0.0,0.0,0.0,0.0,0.0,0.0,0.0,0.0,0.0,0.2222222222222222,0.3950617283950617,0.7114582486036499,1.0,0.0,2.555555555555556,2.419753086419753,2.910177967490843,17.0,6.0,19.11111111111111,7.925925925925927,10.958958227500403,0.0,0.0,0.1111111111111111,0.1975308641975308,0.3142696805273544,0.0,0.0,0.2222222222222222,0.345679012345679,0.415739709641549,0.0,0.0,0.0,0.0,0.0,0.0,0.0,0.2222222222222222,0.3950617283950617,0.6285393610547089,0.0,0.0,0.0,0.0,0.0,0.0,0.0,0.0,0.0,0.0,0.0,0.0,0.0,0.0,0.0,0.0,0.0,0.0,0.0,0.0,0.0,0.0,0.0,0.0,0.0,0.0,0.0,0.0,0.0,0.0,0.0,0.0,0.4444444444444444,0.691358024691358,0.955813918560292,-12,1.8333333333333333,0,0.0,-12,1.8333333333333333,1.83333333333,5,0,1,4,1,1,7,5.16666666667,4↑
512,Michail,Antonio,FWD,WHU,?,"Antonio (FWD, ?)",42,834,1,18,0,4,4,0,0,0,1,0,3,14,4,0.0,0.0,0.5,0.6666666666666666,0.7637626158259734,0.0,0.0,15.333333333333334,20.44444444444444,24.046251729161916,2.0,1.0,2.333333333333333,2.037037037037037,3.986086914367133,60.5,13.5,46.333333333333336,24.07407407407407,27.8468031279076,0.0,0.0,0.0555555555555555,0.1049382716049382,0.2290614236454256,0.5,0.5,1.0,1.0,1.4142135623730951,0.0,0.0,0.0,0.0,0.0,0.0,0.0,0.2222222222222222,0.3950617283950617,0.7114582486036499,0.0,0.0,0.2222222222222222,0.345679012345679,0.415739709641549,0.0,0.0,0.0,0.0,0.0,0.0,0.0,0.0,0.0,0.0,0.0,0.0,0.0,0.0,0.0,0.0,0.0,0.0555555555555555,0.1049382716049382,0.2290614236454256,0.0,0.0,0.0,0.0,0.0,0.0,0.0,0.1666666666666666,0.3148148148148148,0.6871842709362769,2.0,0.0,3.0,2.4285714285714284,4.292851200376205,65.0,6.0,59.57142857142857,12.040816326530612,14.435641832008743,0.0,0.0,0.0714285714285714,0.1326530612244897,0.2575393768188563,1.0,1.0,1.2857142857142858,1.1224489795918369,1.4846149779161806,0.0,0.0,0.0,0.0,0.0,0.0,0.0,0.2857142857142857,0.4897959183673468,0.7953949089757173,0.0,0.0,0.2857142857142857,0.4081632653061224,0.4517539514526256,0.0,0.0,0.0,0.0,0.0,0.0,0.0,0.0,0.0,0.0,0.0,0.0,0.0,0.0,0.0,0.0,0.0,0.0714285714285714,0.1326530612244897,0.2575393768188563,0.0,0.0,0.0,0.0,0.0,0.0,0.0,0.2142857142857142,0.3979591836734694,0.7726181304565691,-12,8.666666666666666,0,0.0,-12,8.666666666666666,8.66666666667,5,0,0,0,0,0,0,-8.66666666667,5↓
517,Aaron,Cresswell,DEF,WHU,?,"Cresswell (DEF, ?)",5,50,0,0,0,0,0,0,0,0,1,0,0,6,12,0.0,0.0,0.3333333333333333,0.4444444444444445,0.4714045207910317,0.0,0.0,4.0,6.0,8.082903768654761,0.0,0.0,0.2777777777777778,0.4012345679012345,0.4479032082388083,0.0,0.0,2.7777777777777777,4.185185185185185,6.187402574367046,0.0,0.0,0.0,0.0,0.0,0.0,0.0,0.0,0.0,0.0,0.0,0.0,0.0,0.0,0.0,0.0,0.0,0.0,0.0,0.0,0.0,0.0,0.0,0.0,0.0,0.0,0.0,0.0,0.0,0.0,0.0,0.0,0.0,0.0,0.0,0.0,0.0,0.0,0.0,0.0,0.0,0.0,0.0555555555555555,0.1049382716049382,0.2290614236454256,0.0,0.0,0.0,0.0,0.0,0.0,0.0,0.0,0.0,0.0,1.0,0.0,0.8333333333333334,0.2777777777777777,0.3726779962499649,4.5,3.5,8.333333333333334,7.444444444444445,8.27982823224948,0.0,0.0,0.0,0.0,0.0,0.0,0.0,0.0,0.0,0.0,0.0,0.0,0.0,0.0,0.0,0.0,0.0,0.0,0.0,0.0,0.0,0.0,0.0,0.0,0.0,0.0,0.0,0.0,0.0,0.0,0.0,0.0,0.0,0.0,0.0,0.0,0.0,0.0,0.0,0.0,0.0,0.0,0.1666666666666666,0.2777777777777778,0.372677996249965,0.0,0.0,0.0,0.0,0.0,0.0,0.0,0.0,0.0,0.0,-12,0.0,-3,0.0,0,0.0,0.0,5,0,0,1,1,1,3,3.0,3↑
677,Ollie,Scarles,DEF,WHU,?,"Scarles (DEF, ?)",2,34,0,1,0,0,0,0,0,0,0,0,0,2,16,0.0,0.0,0.3333333333333333,0.4444444444444445,0.4714045207910317,0.0,0.0,5.666666666666667,7.555555555555554,8.096638534327411,0.0,0.0,0.1111111111111111,0.1975308641975308,0.3142696805273545,0.0,0.0,1.8888888888888888,3.3580246913580245,5.384018417593652,0.0,0.0,0.0,0.0,0.0,0.0,0.0,0.0555555555555555,0.1049382716049382,0.2290614236454256,0.0,0.0,0.0,0.0,0.0,0.0,0.0,0.0,0.0,0.0,0.0,0.0,0.0,0.0,0.0,0.0,0.0,0.0,0.0,0.0,0.0,0.0,0.0,0.0,0.0,0.0,0.0,0.0,0.0,0.0,0.0,0.0,0.0,0.0,0.0,0.0,0.0,0.0,0.0,0.0,0.0,0.0,0.0,0.0,0.0,1.0,0.0,1.0,0.0,0.0,17.0,2.0,17.0,2.0,2.0,0.0,0.0,0.0,0.0,0.0,0.5,0.5,0.5,0.5,0.5,0.0,0.0,0.0,0.0,0.0,0.0,0.0,0.0,0.0,0.0,0.0,0.0,0.0,0.0,0.0,0.0,0.0,0.0,0.0,0.0,0.0,0.0,0.0,0.0,0.0,0.0,0.0,0.0,0.0,0.0,0.0,0.0,0.0,0.0,0.0,0.0,0.0,0.0,0.0,0.0,0.0,0.0,0.0,0.0,0.0,-12,0.0,-3,0.0,0,0.0,0.0,5,0,0,1,1,1,3,3.0,3↑
513,Alphonse,Areola,GKP,WHU,?,"Areola (GKP, ?)",16,729,0,14,1,0,1,22,0,0,0,0,0,9,9,0.0,0.0,0.1666666666666666,0.2777777777777777,0.372677996249965,0.0,0.0,9.0,15.0,20.12461179749811,0.0,0.5,0.8888888888888888,1.0987654320987654,1.5595187608464665,22.5,22.5,40.5,40.5,42.24038352098617,0.0,0.0,0.0,0.0,0.0,0.0,0.0,0.7777777777777778,0.9506172839506172,1.181127312526072,0.0,0.0,0.0555555555555555,0.1049382716049382,0.2290614236454256,0.0,0.0,0.0,0.0,0.0,0.0,0.0,0.0555555555555555,0.1049382716049382,0.2290614236454256,0.5,0.5,1.2222222222222223,1.2469135802469136,1.3966450099973928,0.0,0.0,0.0,0.0,0.0,0.0,0.0,0.0,0.0,0.0,0.0,0.0,0.0,0.0,0.0,0.0,0.0,0.0,0.0,0.0,0.0,0.0,0.0,0.0,0.0,1.0,1.0,1.7777777777777777,1.308641975308642,1.8121673811444543,90.0,0.0,81.0,14.0,16.97056274847714,0.0,0.0,0.0,0.0,0.0,1.0,1.0,1.5555555555555556,1.0617283950617284,1.257078722109418,0.0,0.0,0.1111111111111111,0.1975308641975308,0.3142696805273544,0.0,0.0,0.0,0.0,0.0,0.0,0.0,0.1111111111111111,0.1975308641975308,0.3142696805273544,2.0,0.0,2.4444444444444446,0.8148148148148149,0.955813918560292,0.0,0.0,0.0,0.0,0.0,0.0,0.0,0.0,0.0,0.0,0.0,0.0,0.0,0.0,0.0,0.0,0.0,0.0,0.0,0.0,0.0,0.0,0.0,0.0,0.0,-12,-0.6666666666666666,-3,-0.1666666666666666,0,0.0,-0.41666666667,5,2,1,0,0,3,6,6.41666666667,4↑
576,Andy,Irving,MID,WHU,?,"Irving (MID, ?)",4,48,0,0,0,0,0,0,0,0,1,0,0,5,13,0.0,0.0,0.1666666666666666,0.2777777777777778,0.372677996249965,0.0,0.0,2.0,3.333333333333333,4.47213595499958,0.0,0.0,0.2222222222222222,0.345679012345679,0.415739709641549,0.0,0.0,2.6666666666666665,4.037037037037037,5.259911279353167,0.0,0.0,0.0,0.0,0.0,0.0,0.0,0.0,0.0,0.0,0.0,0.0,0.0,0.0,0.0,0.0,0.0,0.0,0.0,0.0,0.0,0.0,0.0,0.0,0.0,0.0,0.0,0.0,0.0,0.0,0.0,0.0,0.0,0.0,0.0,0.0,0.0,0.0,0.0,0.0,0.0,0.0,0.0555555555555555,0.1049382716049382,0.2290614236454256,0.0,0.0,0.0,0.0,0.0,0.0,0.0,0.0,0.0,0.0,1.0,0.0,0.8,0.3199999999999999,0.4000000000000001,11.0,5.0,9.6,4.88,5.748043145279966,0.0,0.0,0.0,0.0,0.0,0.0,0.0,0.0,0.0,0.0,0.0,0.0,0.0,0.0,0.0,0.0,0.0,0.0,0.0,0.0,0.0,0.0,0.0,0.0,0.0,0.0,0.0,0.0,0.0,0.0,0.0,0.0,0.0,0.0,0.0,0.0,0.0,0.0,0.0,0.0,0.0,0.0,0.2,0.3199999999999999,0.4000000000000001,0.0,0.0,0.0,0.0,0.0,0.0,0.0,0.0,0.0,0.0,-12,0.0,0,0.0,-12,0.0,0.0,5,1,0,1,0,1,3,3.0,3↑
643,Kaelan,Casey,DEF,WHU,?,"Casey (DEF, ?)",1,1,0,0,0,0,0,0,0,0,0,0,0,1,17,0.0,0.0,0.1666666666666666,0.2777777777777778,0.372677996249965,0.0,0.0,0.1666666666666666,0.2777777777777778,0.372677996249965,0.0,0.0,0.0555555555555555,0.1049382716049382,0.2290614236454256,0.0,0.0,0.0555555555555555,0.1049382716049382,0.2290614236454256,0.0,0.0,0.0,0.0,0.0,0.0,0.0,0.0,0.0,0.0,0.0,0.0,0.0,0.0,0.0,0.0,0.0,0.0,0.0,0.0,0.0,0.0,0.0,0.0,0.0,0.0,0.0,0.0,0.0,0.0,0.0,0.0,0.0,0.0,0.0,0.0,0.0,0.0,0.0,0.0,0.0,0.0,0.0,0.0,0.0,0.0,0.0,0.0,0.0,0.0,0.0,0.0,0.0,0.0,0.0,1.0,0.0,1.0,0.0,0.0,1.0,0.0,1.0,0.0,0.0,0.0,0.0,0.0,0.0,0.0,0.0,0.0,0.0,0.0,0.0,0.0,0.0,0.0,0.0,0.0,0.0,0.0,0.0,0.0,0.0,0.0,0.0,0.0,0.0,0.0,0.0,0.0,0.0,0.0,0.0,0.0,0.0,0.0,0.0,0.0,0.0,0.0,0.0,0.0,0.0,0.0,0.0,0.0,0.0,0.0,0.0,0.0,0.0,0.0,0.0,0.0,0.0,0.0,0.0,0.0,-12,0.0,-3,0.0,0,0.0,0.0,5,0,0,0,0,0,0,0.0,~
526,Luis Guilherme,Lira dos Santos,MID,WHU,?,"L.Guilherme (MID, ?)",2,11,0,0,0,0,0,0,0,0,0,0,0,2,16,0.0,0.0,0.0,0.0,0.0,0.0,0.0,0.0,0.0,0.0,0.0,0.0,0.1111111111111111,0.1975308641975308,0.3142696805273545,0.0,0.0,0.6111111111111112,1.08641975308642,1.7993483045224052,0.0,0.0,0.0,0.0,0.0,0.0,0.0,0.0,0.0,0.0,0.0,0.0,0.0,0.0,0.0,0.0,0.0,0.0,0.0,0.0,0.0,0.0,0.0,0.0,0.0,0.0,0.0,0.0,0.0,0.0,0.0,0.0,0.0,0.0,0.0,0.0,0.0,0.0,0.0,0.0,0.0,0.0,0.0,0.0,0.0,0.0,0.0,0.0,0.0,0.0,0.0,0.0,0.0,0.0,0.0,1.0,0.0,1.0,0.0,0.0,5.5,1.5,5.5,1.5,1.5,0.0,0.0,0.0,0.0,0.0,0.0,0.0,0.0,0.0,0.0,0.0,0.0,0.0,0.0,0.0,0.0,0.0,0.0,0.0,0.0,0.0,0.0,0.0,0.0,0.0,0.0,0.0,0.0,0.0,0.0,0.0,0.0,0.0,0.0,0.0,0.0,0.0,0.0,0.0,0.0,0.0,0.0,0.0,0.0,0.0,0.0,0.0,0.0,0.0,0.0,0.0,0.0,0.0,0.0,0.0,-12,0.0,0,0.0,-12,0.0,0.0,5,1,1,0,1,0,3,3.0,3↑
519,George,Earthy,MID,WHU,?,"Earthy (MID, ?)",0,0,0,0,0,0,0,0,0,0,0,0,0,0,18,0.0,0.0,0.0,0.0,0.0,0.0,0.0,0.0,0.0,0.0,0.0,0.0,0.0,0.0,0.0,0.0,0.0,0.0,0.0,0.0,0.0,0.0,0.0,0.0,0.0,0.0,0.0,0.0,0.0,0.0,0.0,0.0,0.0,0.0,0.0,0.0,0.0,0.0,0.0,0.0,0.0,0.0,0.0,0.0,0.0,0.0,0.0,0.0,0.0,0.0,0.0,0.0,0.0,0.0,0.0,0.0,0.0,0.0,0.0,0.0,0.0,0.0,0.0,0.0,0.0,0.0,0.0,0.0,0.0,0.0,0.0,0.0,0.0,0.0,0.0,0.0,0.0,0.0,0.0,0.0,0.0,0.0,0.0,0.0,0.0,0.0,0.0,0.0,0.0,0.0,0.0,0.0,0.0,0.0,0.0,0.0,0.0,0.0,0.0,0.0,0.0,0.0,0.0,0.0,0.0,0.0,0.0,0.0,0.0,0.0,0.0,0.0,0.0,0.0,0.0,0.0,0.0,0.0,0.0,0.0,0.0,0.0,0.0,0.0,0.0,0.0,0.0,0.0,0.0,0.0,0.0,0.0,0.0,0.0,0.0,0.0,0.0,0.0,0.0,0.0,-12,0.0,0,0.0,-12,0.0,0.0,5,0,0,0,0,0,0,0.0,~
522,Wes,Foderingham,GKP,WHU,?,"Foderingham (GKP, ?)",0,0,0,0,0,0,0,0,0,0,0,0,0,0,18,0.0,0.0,0.0,0.0,0.0,0.0,0.0,0.0,0.0,0.0,0.0,0.0,0.0,0.0,0.0,0.0,0.0,0.0,0.0,0.0,0.0,0.0,0.0,0.0,0.0,0.0,0.0,0.0,0.0,0.0,0.0,0.0,0.0,0.0,0.0,0.0,0.0,0.0,0.0,0.0,0.0,0.0,0.0,0.0,0.0,0.0,0.0,0.0,0.0,0.0,0.0,0.0,0.0,0.0,0.0,0.0,0.0,0.0,0.0,0.0,0.0,0.0,0.0,0.0,0.0,0.0,0.0,0.0,0.0,0.0,0.0,0.0,0.0,0.0,0.0,0.0,0.0,0.0,0.0,0.0,0.0,0.0,0.0,0.0,0.0,0.0,0.0,0.0,0.0,0.0,0.0,0.0,0.0,0.0,0.0,0.0,0.0,0.0,0.0,0.0,0.0,0.0,0.0,0.0,0.0,0.0,0.0,0.0,0.0,0.0,0.0,0.0,0.0,0.0,0.0,0.0,0.0,0.0,0.0,0.0,0.0,0.0,0.0,0.0,0.0,0.0,0.0,0.0,0.0,0.0,0.0,0.0,0.0,0.0,0.0,0.0,0.0,0.0,0.0,0.0,-12,0.0,-3,0.0,0,0.0,0.0,5,0,0,0,0,0,0,0.0,~
529,Nayef,Aguerd,DEF,WHU,?,"N.Aguerd (DEF, ?)",0,0,0,0,0,0,0,0,0,0,0,0,0,0,18,0.0,0.0,0.0,0.0,0.0,0.0,0.0,0.0,0.0,0.0,0.0,0.0,0.0,0.0,0.0,0.0,0.0,0.0,0.0,0.0,0.0,0.0,0.0,0.0,0.0,0.0,0.0,0.0,0.0,0.0,0.0,0.0,0.0,0.0,0.0,0.0,0.0,0.0,0.0,0.0,0.0,0.0,0.0,0.0,0.0,0.0,0.0,0.0,0.0,0.0,0.0,0.0,0.0,0.0,0.0,0.0,0.0,0.0,0.0,0.0,0.0,0.0,0.0,0.0,0.0,0.0,0.0,0.0,0.0,0.0,0.0,0.0,0.0,0.0,0.0,0.0,0.0,0.0,0.0,0.0,0.0,0.0,0.0,0.0,0.0,0.0,0.0,0.0,0.0,0.0,0.0,0.0,0.0,0.0,0.0,0.0,0.0,0.0,0.0,0.0,0.0,0.0,0.0,0.0,0.0,0.0,0.0,0.0,0.0,0.0,0.0,0.0,0.0,0.0,0.0,0.0,0.0,0.0,0.0,0.0,0.0,0.0,0.0,0.0,0.0,0.0,0.0,0.0,0.0,0.0,0.0,0.0,0.0,0.0,0.0,0.0,0.0,0.0,0.0,0.0,-12,0.0,-3,0.0,0,0.0,0.0,5,0,0,0,0,0,0,0.0,~
532,Kurt,Zouma,DEF,WHU,?,"Zouma (DEF, ?)",0,0,0,0,0,0,0,0,0,0,0,0,0,0,18,0.0,0.0,0.0,0.0,0.0,0.0,0.0,0.0,0.0,0.0,0.0,0.0,0.0,0.0,0.0,0.0,0.0,0.0,0.0,0.0,0.0,0.0,0.0,0.0,0.0,0.0,0.0,0.0,0.0,0.0,0.0,0.0,0.0,0.0,0.0,0.0,0.0,0.0,0.0,0.0,0.0,0.0,0.0,0.0,0.0,0.0,0.0,0.0,0.0,0.0,0.0,0.0,0.0,0.0,0.0,0.0,0.0,0.0,0.0,0.0,0.0,0.0,0.0,0.0,0.0,0.0,0.0,0.0,0.0,0.0,0.0,0.0,0.0,0.0,0.0,0.0,0.0,0.0,0.0,0.0,0.0,0.0,0.0,0.0,0.0,0.0,0.0,0.0,0.0,0.0,0.0,0.0,0.0,0.0,0.0,0.0,0.0,0.0,0.0,0.0,0.0,0.0,0.0,0.0,0.0,0.0,0.0,0.0,0.0,0.0,0.0,0.0,0.0,0.0,0.0,0.0,0.0,0.0,0.0,0.0,0.0,0.0,0.0,0.0,0.0,0.0,0.0,0.0,0.0,0.0,0.0,0.0,0.0,0.0,0.0,0.0,0.0,0.0,0.0,0.0,-12,0.0,-3,0.0,0,0.0,0.0,5,0,0,0,0,0,0,0.0,~
686,Ezra,Mayers,DEF,WHU,?,"Mayers (DEF, ?)",0,0,0,0,0,0,0,0,0,0,0,0,0,0,18,0.0,0.0,0.0,0.0,0.0,0.0,0.0,0.0,0.0,0.0,0.0,0.0,0.0,0.0,0.0,0.0,0.0,0.0,0.0,0.0,0.0,0.0,0.0,0.0,0.0,0.0,0.0,0.0,0.0,0.0,0.0,0.0,0.0,0.0,0.0,0.0,0.0,0.0,0.0,0.0,0.0,0.0,0.0,0.0,0.0,0.0,0.0,0.0,0.0,0.0,0.0,0.0,0.0,0.0,0.0,0.0,0.0,0.0,0.0,0.0,0.0,0.0,0.0,0.0,0.0,0.0,0.0,0.0,0.0,0.0,0.0,0.0,0.0,0.0,0.0,0.0,0.0,0.0,0.0,0.0,0.0,0.0,0.0,0.0,0.0,0.0,0.0,0.0,0.0,0.0,0.0,0.0,0.0,0.0,0.0,0.0,0.0,0.0,0.0,0.0,0.0,0.0,0.0,0.0,0.0,0.0,0.0,0.0,0.0,0.0,0.0,0.0,0.0,0.0,0.0,0.0,0.0,0.0,0.0,0.0,0.0,0.0,0.0,0.0,0.0,0.0,0.0,0.0,0.0,0.0,0.0,0.0,0.0,0.0,0.0,0.0,0.0,0.0,0.0,0.0,-12,0.0,-3,0.0,0,0.0,0.0,5,0,0,0,0,0,0,0.0,~
701,Lewis,Orford,MID,WHU,?,"Orford (MID, ?)",0,0,0,0,0,0,0,0,0,0,0,0,0,0,18,0.0,0.0,0.0,0.0,0.0,0.0,0.0,0.0,0.0,0.0,0.0,0.0,0.0,0.0,0.0,0.0,0.0,0.0,0.0,0.0,0.0,0.0,0.0,0.0,0.0,0.0,0.0,0.0,0.0,0.0,0.0,0.0,0.0,0.0,0.0,0.0,0.0,0.0,0.0,0.0,0.0,0.0,0.0,0.0,0.0,0.0,0.0,0.0,0.0,0.0,0.0,0.0,0.0,0.0,0.0,0.0,0.0,0.0,0.0,0.0,0.0,0.0,0.0,0.0,0.0,0.0,0.0,0.0,0.0,0.0,0.0,0.0,0.0,0.0,0.0,0.0,0.0,0.0,0.0,0.0,0.0,0.0,0.0,0.0,0.0,0.0,0.0,0.0,0.0,0.0,0.0,0.0,0.0,0.0,0.0,0.0,0.0,0.0,0.0,0.0,0.0,0.0,0.0,0.0,0.0,0.0,0.0,0.0,0.0,0.0,0.0,0.0,0.0,0.0,0.0,0.0,0.0,0.0,0.0,0.0,0.0,0.0,0.0,0.0,0.0,0.0,0.0,0.0,0.0,0.0,0.0,0.0,0.0,0.0,0.0,0.0,0.0,0.0,0.0,0.0,-12,0.0,0,0.0,-12,0.0,0.0,5,0,0,0,1,0,1,1.0,~
541,Matheus,Santos Carneiro Da Cunha,FWD,WOL,?,"Cunha (FWD, ?)",110,1515,10,37,0,4,3,0,0,0,2,0,25,18,0,5.5,3.5,5.833333333333333,4.166666666666667,4.29793231940921,90.0,0.0,90.0,0.0,0.0,6.0,4.0,6.111111111111111,3.901234567901234,4.4583116994975285,90.0,0.0,84.16666666666667,9.611111111111107,14.419315748906628,0.5,0.5,0.5555555555555556,0.5555555555555556,0.5983516452371671,2.0,1.0,2.055555555555556,1.191358024691358,1.5446043082730938,0.0,0.0,0.0,0.0,0.0,0.0,0.0,0.2222222222222222,0.345679012345679,0.415739709641549,0.0,0.0,0.1666666666666666,0.2777777777777777,0.372677996249965,0.0,0.0,0.0,0.0,0.0,0.0,0.0,0.0,0.0,0.0,0.0,0.0,0.0,0.0,0.0,0.0,0.0,0.1111111111111111,0.1975308641975308,0.3142696805273545,0.0,0.0,0.0,0.0,0.0,0.5,0.5,1.3888888888888888,1.432098765432099,1.4582671942674097,6.0,4.0,6.111111111111111,3.901234567901234,4.4583116994975285,90.0,0.0,84.16666666666667,9.611111111111107,14.419315748906628,0.5,0.5,0.5555555555555556,0.5555555555555556,0.5983516452371671,2.0,1.0,2.055555555555556,1.191358024691358,1.5446043082730938,0.0,0.0,0.0,0.0,0.0,0.0,0.0,0.2222222222222222,0.345679012345679,0.415739709641549,0.0,0.0,0.1666666666666666,0.2777777777777777,0.372677996249965,0.0,0.0,0.0,0.0,0.0,0.0,0.0,0.0,0.0,0.0,0.0,0.0,0.0,0.0,0.0,0.0,0.0,0.1111111111111111,0.1975308641975308,0.3142696805273545,0.0,0.0,0.0,0.0,0.0,0.5,0.5,1.3888888888888888,1.432098765432099,1.4582671942674097,-27,18.0,0,0.0,-1,29.55555555555556,23.77777777778,5,1,0,1,2,2,6,-17.77777777778,6↓
548,Gonçalo Manuel,Ganchinho Guedes,MID,WOL,?,"Guedes (MID, ?)",42,405,2,12,0,4,2,0,0,0,1,0,2,15,3,3.5,1.5,4.333333333333333,2.888888888888889,4.068851871911234,42.0,16.0,47.0,20.33333333333333,21.118712081942878,1.0,0.5,2.333333333333333,2.111111111111112,3.0368111930480994,19.5,12.5,22.5,17.22222222222222,22.78218114618918,0.0,0.0,0.1111111111111111,0.1975308641975308,0.3142696805273545,0.0,0.0,0.6666666666666666,0.7407407407407407,0.9428090415820634,0.0,0.0,0.0,0.0,0.0,0.0,0.0,0.2222222222222222,0.345679012345679,0.415739709641549,0.0,0.0,0.1111111111111111,0.1975308641975308,0.3142696805273545,0.0,0.0,0.0,0.0,0.0,0.0,0.0,0.0,0.0,0.0,0.0,0.0,0.0,0.0,0.0,0.0,0.0,0.0555555555555555,0.1049382716049382,0.2290614236454256,0.0,0.0,0.0,0.0,0.0,0.0,0.0,0.1111111111111111,0.2098765432098765,0.4581228472908512,1.0,0.0,2.8,2.1600000000000006,3.124099870362661,25.0,10.0,27.0,16.4,22.390474164995556,0.0,0.0,0.1333333333333333,0.2311111111111111,0.339934634239519,1.0,1.0,0.8,0.7466666666666666,0.9797958971132712,0.0,0.0,0.0,0.0,0.0,0.0,0.0,0.2666666666666666,0.3911111111111111,0.4422166387140533,0.0,0.0,0.1333333333333333,0.2311111111111111,0.339934634239519,0.0,0.0,0.0,0.0,0.0,0.0,0.0,0.0,0.0,0.0,0.0,0.0,0.0,0.0,0.0,0.0,0.0,0.0666666666666666,0.1244444444444444,0.2494438257849294,0.0,0.0,0.0,0.0,0.0,0.0,0.0,0.1333333333333333,0.2488888888888888,0.4988876515698588,-27,3.5,0,0.0,-1,4.944444444444445,4.22222222222,5,1,2,2,1,1,7,2.77777777778,3↑
543,Matt,Doherty,DEF,WOL,?,"Doherty (DEF, ?)",26,621,1,16,1,1,2,0,0,0,2,0,2,11,7,3.0,3.0,3.6666666666666665,3.666666666666666,3.9015666369065416,83.0,7.0,68.16666666666667,24.444444444444443,32.05420755879363,0.0,0.5,1.4444444444444444,1.9629629629629628,2.7932900199947857,8.0,8.0,34.5,38.61111111111112,40.293713322717394,0.0,0.0,0.0555555555555555,0.1049382716049382,0.2290614236454256,0.0,0.0,0.8888888888888888,1.1851851851851851,1.629208699846131,0.0,0.0,0.0555555555555555,0.1049382716049382,0.2290614236454256,0.0,0.0,0.0555555555555555,0.1049382716049382,0.2290614236454256,0.0,0.0,0.1111111111111111,0.1975308641975308,0.3142696805273545,0.0,0.0,0.0,0.0,0.0,0.0,0.0,0.0,0.0,0.0,0.0,0.0,0.0,0.0,0.0,0.0,0.0,0.1111111111111111,0.1975308641975308,0.3142696805273545,0.0,0.0,0.0,0.0,0.0,0.0,0.0,0.1111111111111111,0.1975308641975308,0.3142696805273545,1.0,1.0,2.363636363636364,2.7107438016528924,3.255002507266938,76.0,14.0,56.45454545454545,35.239669421487605,37.647560916681,0.0,0.0,0.0909090909090909,0.165289256198347,0.2874797872880344,1.0,1.0,1.4545454545454546,1.487603305785124,1.8763424945954807,0.0,0.0,0.0909090909090909,0.165289256198347,0.2874797872880344,0.0,0.0,0.0909090909090909,0.1652892561983471,0.2874797872880344,0.0,0.0,0.1818181818181818,0.2975206611570247,0.385694607919935,0.0,0.0,0.0,0.0,0.0,0.0,0.0,0.0,0.0,0.0,0.0,0.0,0.0,0.0,0.0,0.0,0.0,0.1818181818181818,0.2975206611570247,0.385694607919935,0.0,0.0,0.0,0.0,0.0,0.0,0.0,0.1818181818181818,0.2975206611570247,0.385694607919935,-27,-1.5,-32,-1.7777777777777777,0,0.0,-1.63888888889,5,1,1,0,7,2,11,12.63888888889,6↑
566,Jørgen,Strand Larsen,FWD,WOL,?,"Strand Larsen (FWD, ?)",71,1489,6,35,0,2,4,0,0,0,2,0,7,18,0,2.0,0.0,3.5,2.5,3.3541019662496847,90.0,0.0,84.0,8.0,10.598742063723098,2.0,0.0,3.9444444444444446,2.487654320987654,2.876576325777693,87.5,2.5,82.72222222222223,7.845679012345676,9.677037859200256,0.0,0.0,0.3333333333333333,0.4814814814814814,0.5773502691896257,2.0,1.0,1.9444444444444444,1.2839506172839503,1.7150387822703477,0.0,0.0,0.0,0.0,0.0,0.0,0.0,0.1111111111111111,0.1975308641975308,0.3142696805273545,0.0,0.0,0.2222222222222222,0.345679012345679,0.415739709641549,0.0,0.0,0.0,0.0,0.0,0.0,0.0,0.0,0.0,0.0,0.0,0.0,0.0,0.0,0.0,0.0,0.0,0.1111111111111111,0.1975308641975308,0.3142696805273545,0.0,0.0,0.0,0.0,0.0,0.0,0.0,0.3888888888888889,0.6481481481481483,0.8906233078822998,2.0,0.0,3.9444444444444446,2.487654320987654,2.876576325777693,87.5,2.5,82.72222222222223,7.845679012345676,9.677037859200256,0.0,0.0,0.3333333333333333,0.4814814814814814,0.5773502691896257,2.0,1.0,1.9444444444444444,1.2839506172839503,1.7150387822703477,0.0,0.0,0.0,0.0,0.0,0.0,0.0,0.1111111111111111,0.1975308641975308,0.3142696805273545,0.0,0.0,0.2222222222222222,0.345679012345679,0.415739709641549,0.0,0.0,0.0,0.0,0.0,0.0,0.0,0.0,0.0,0.0,0.0,0.0,0.0,0.0,0.0,0.0,0.0,0.1111111111111111,0.1975308641975308,0.3142696805273545,0.0,0.0,0.0,0.0,0.0,0.0,0.0,0.3888888888888889,0.6481481481481483,0.8906233078822998,-27,10.0,0,0.0,-1,10.0,10.0,5,6,2,2,2,1,13,3.0,3↑
642,André,Trindade da Costa Neto,MID,WOL,?,"André (MID, ?)",23,909,0,22,0,0,2,0,0,0,2,0,0,14,4,2.0,0.5,2.1666666666666665,0.5555555555555555,0.6871842709362768,85.5,4.5,76.16666666666667,15.444444444444445,17.314894038242205,1.0,1.0,1.2777777777777777,0.7839506172839505,0.9312808119022338,58.5,31.5,50.5,34.333333333333336,37.97404084078725,0.0,0.0,0.0,0.0,0.0,1.0,1.0,1.2222222222222223,1.2098765432098766,1.4740554623801778,0.0,0.0,0.0,0.0,0.0,0.0,0.0,0.0,0.0,0.0,0.0,0.0,0.1111111111111111,0.1975308641975308,0.3142696805273545,0.0,0.0,0.0,0.0,0.0,0.0,0.0,0.0,0.0,0.0,0.0,0.0,0.0,0.0,0.0,0.0,0.0,0.1111111111111111,0.1975308641975308,0.3142696805273545,0.0,0.0,0.0,0.0,0.0,0.0,0.0,0.0,0.0,0.0,1.5,0.5,1.6428571428571428,0.642857142857143,0.7178482586514922,78.5,11.5,64.92857142857143,25.36734693877551,30.28546158924228,0.0,0.0,0.0,0.0,0.0,1.0,1.0,1.5714285714285714,1.306122448979592,1.498298354528788,0.0,0.0,0.0,0.0,0.0,0.0,0.0,0.0,0.0,0.0,0.0,0.0,0.1428571428571428,0.2448979591836734,0.3499271061118826,0.0,0.0,0.0,0.0,0.0,0.0,0.0,0.0,0.0,0.0,0.0,0.0,0.0,0.0,0.0,0.0,0.0,0.1428571428571428,0.2448979591836734,0.3499271061118826,0.0,0.0,0.0,0.0,0.0,0.0,0.0,0.0,0.0,0.0,-27,2.0,0,0.0,-1,4.888888888888889,3.44444444444,5,2,0,2,1,2,7,3.55555555556,3↑
553,João Victor,Gomes da Silva,MID,WOL,?,"J.Gomes (MID, ?)",48,1428,2,34,0,1,3,0,0,0,6,0,5,17,1,2.0,0.5,1.6666666666666667,0.7777777777777777,0.9428090415820634,80.0,8.0,68.33333333333333,22.777777777777786,31.16978594016256,2.0,1.0,2.6666666666666665,1.9259259259259256,3.0731814857642963,88.5,1.5,79.33333333333333,12.51851851851852,20.9311039152528,0.0,0.0,0.1111111111111111,0.1975308641975308,0.3142696805273545,2.0,1.0,1.8888888888888888,1.2345679012345678,1.629208699846131,0.0,0.0,0.0,0.0,0.0,0.0,0.0,0.0555555555555555,0.1049382716049382,0.2290614236454256,0.0,0.0,0.1666666666666666,0.2777777777777778,0.372677996249965,0.0,0.0,0.0,0.0,0.0,0.0,0.0,0.0,0.0,0.0,0.0,0.0,0.0,0.0,0.0,0.0,0.0,0.3333333333333333,0.4444444444444444,0.4714045207910317,0.0,0.0,0.0,0.0,0.0,0.0,0.0,0.2777777777777778,0.4938271604938272,0.8031573497111645,2.0,1.0,2.823529411764706,1.9653979238754329,3.0914549043460973,89.0,1.0,84.0,6.705882352941177,8.478346120628508,0.0,0.0,0.1176470588235294,0.2076124567474048,0.3221897397089212,2.0,1.0,2.0,1.1764705882352942,1.6087993330796877,0.0,0.0,0.0,0.0,0.0,0.0,0.0,0.0588235294117647,0.1107266435986159,0.2352941176470588,0.0,0.0,0.1764705882352941,0.2906574394463668,0.3812200410828153,0.0,0.0,0.0,0.0,0.0,0.0,0.0,0.0,0.0,0.0,0.0,0.0,0.0,0.0,0.0,0.0,0.0,0.3529411764705882,0.4567474048442907,0.4778846120374094,0.0,0.0,0.0,0.0,0.0,0.0,0.0,0.2941176470588235,0.5190311418685122,0.823529411764706,-27,7.0,0,0.0,-1,9.88888888888889,8.44444444444,5,2,2,2,4,-1,9,0.5555555555599998,~
567,Toti António,Gomes,DEF,WOL,?,"Toti (DEF, ?)",34,1263,0,28,0,1,3,0,0,0,4,0,4,16,2,1.0,0.0,3.0,2.6666666666666665,2.886751345948129,90.0,0.0,72.66666666666667,23.11111111111111,28.44683149706171,1.0,1.0,1.8888888888888888,1.851851851851852,2.557969874049186,90.0,0.0,70.16666666666667,26.444444444444443,32.13383471254767,0.0,0.0,0.0,0.0,0.0,1.0,1.0,1.5555555555555556,1.2839506172839508,1.674057685924374,0.0,0.0,0.0,0.0,0.0,0.0,0.0,0.0555555555555555,0.1049382716049382,0.2290614236454256,0.0,0.0,0.1666666666666666,0.2777777777777778,0.3726779962499649,0.0,0.0,0.0,0.0,0.0,0.0,0.0,0.0,0.0,0.0,0.0,0.0,0.0,0.0,0.0,0.0,0.0,0.2222222222222222,0.345679012345679,0.415739709641549,0.0,0.0,0.0,0.0,0.0,0.0,0.0,0.2222222222222222,0.3950617283950617,0.628539361054709,1.0,1.0,2.125,1.953125,2.6190408549696205,90.0,0.0,78.9375,16.59375,21.66353142380069,0.0,0.0,0.0,0.0,0.0,1.5,0.5,1.75,1.25,1.6770509831248424,0.0,0.0,0.0,0.0,0.0,0.0,0.0,0.0625,0.1171875,0.2420614591379635,0.0,0.0,0.1875,0.3046875,0.3903123748998999,0.0,0.0,0.0,0.0,0.0,0.0,0.0,0.0,0.0,0.0,0.0,0.0,0.0,0.0,0.0,0.0,0.0,0.25,0.375,0.4330127018922193,0.0,0.0,0.0,0.0,0.0,0.0,0.0,0.25,0.4375,0.6614378277661477,-27,2.0,-32,1.4444444444444446,0,0.0,1.72222222222,5,0,0,0,0,0,0,-1.72222222222,2↓
559,Nélson,Cabral Semedo,DEF,WOL,?,"N.Semedo (DEF, ?)",35,1318,0,27,0,3,3,0,0,0,5,0,0,15,3,1.0,1.5,2.6666666666666665,3.222222222222222,3.590109871423003,90.0,0.0,74.66666666666667,24.88888888888889,33.39993346633427,1.0,1.0,1.9444444444444444,1.820987654320988,2.50493340391011,90.0,0.0,73.22222222222223,24.407407407407405,33.07324456676181,0.0,0.0,0.0,0.0,0.0,1.5,1.0,1.5,1.1666666666666667,1.4240006242195884,0.0,0.0,0.0,0.0,0.0,0.0,0.0,0.1666666666666666,0.2777777777777778,0.372677996249965,0.0,0.0,0.1666666666666666,0.2777777777777778,0.3726779962499649,0.0,0.0,0.0,0.0,0.0,0.0,0.0,0.0,0.0,0.0,0.0,0.0,0.0,0.0,0.0,0.0,0.0,0.2777777777777778,0.4012345679012345,0.4479032082388083,0.0,0.0,0.0,0.0,0.0,0.0,0.0,0.0,0.0,0.0,1.0,1.0,2.333333333333333,1.9555555555555555,2.573367875415838,90.0,0.0,87.86666666666666,3.431111111111116,5.0841802573166985,0.0,0.0,0.0,0.0,0.0,2.0,1.0,1.8,1.04,1.3759844960366865,0.0,0.0,0.0,0.0,0.0,0.0,0.0,0.2,0.32,0.4000000000000001,0.0,0.0,0.2,0.32,0.4,0.0,0.0,0.0,0.0,0.0,0.0,0.0,0.0,0.0,0.0,0.0,0.0,0.0,0.0,0.0,0.0,0.0,0.3333333333333333,0.4444444444444443,0.4714045207910317,0.0,0.0,0.0,0.0,0.0,0.0,0.0,0.0,0.0,0.0,-27,2.0,-32,1.4444444444444446,0,0.0,1.72222222222,5,0,0,1,0,2,3,1.27777777778,1↑
564,Santiago,Bueno,DEF,WOL,?,"S.Bueno (DEF, ?)",24,880,0,18,0,0,3,0,0,0,0,0,0,11,7,1.0,1.0,2.333333333333333,2.444444444444444,2.6246692913372702,90.0,0.0,72.66666666666667,24.222222222222214,32.89714611060088,0.5,0.5,1.3333333333333333,1.5555555555555554,2.1343747458109497,76.0,14.0,48.888888888888886,42.56790123456791,43.07214734074922,0.0,0.0,0.0,0.0,0.0,0.0,0.0,1.0,1.1111111111111112,1.2018504251546631,0.0,0.0,0.0,0.0,0.0,0.0,0.0,0.0,0.0,0.0,0.0,0.0,0.1666666666666666,0.2777777777777778,0.3726779962499649,0.0,0.0,0.0,0.0,0.0,0.0,0.0,0.0,0.0,0.0,0.0,0.0,0.0,0.0,0.0,0.0,0.0,0.0,0.0,0.0,0.0,0.0,0.0,0.0,0.0,0.0,0.0,0.0,0.0,0.0,1.0,0.0,2.1818181818181817,2.0826446280991733,2.36713028478028,90.0,0.0,80.0,14.545454545454543,23.38608755027422,0.0,0.0,0.0,0.0,0.0,2.0,0.0,1.6363636363636365,0.8925619834710742,1.149919149152138,0.0,0.0,0.0,0.0,0.0,0.0,0.0,0.0,0.0,0.0,0.0,0.0,0.2727272727272727,0.3966942148760331,0.4453617714151233,0.0,0.0,0.0,0.0,0.0,0.0,0.0,0.0,0.0,0.0,0.0,0.0,0.0,0.0,0.0,0.0,0.0,0.0,0.0,0.0,0.0,0.0,0.0,0.0,0.0,0.0,0.0,0.0,0.0,0.0,-27,1.0,-32,0.7222222222222223,0,0.0,0.86111111111,5,1,1,1,1,2,6,5.1388888888899995,4↑
563,Rodrigo,Martins Gomes,MID,WOL,?,"R.Gomes (MID, ?)",20,354,1,10,0,0,1,0,0,0,0,0,0,11,7,1.0,0.0,2.0,2.0,2.70801280154532,8.5,7.0,24.5,26.0,29.837057495671385,1.0,1.0,1.1111111111111112,0.9629629629629628,1.7916128329552334,2.0,2.0,19.666666666666668,23.85185185185185,30.188297953566927,0.0,0.0,0.0555555555555555,0.1049382716049382,0.2290614236454256,0.0,0.0,0.5555555555555556,0.802469135802469,1.0122703976827,0.0,0.0,0.0,0.0,0.0,0.0,0.0,0.0,0.0,0.0,0.0,0.0,0.0555555555555555,0.1049382716049382,0.2290614236454256,0.0,0.0,0.0,0.0,0.0,0.0,0.0,0.0,0.0,0.0,0.0,0.0,0.0,0.0,0.0,0.0,0.0,0.0,0.0,0.0,0.0,0.0,0.0,0.0,0.0,0.0,0.0,0.0,0.0,0.0,1.0,0.0,1.818181818181818,1.1900826446280992,1.9917183909278768,19.0,18.0,32.18181818181818,29.50413223140496,32.99261124394695,0.0,0.0,0.0909090909090909,0.1652892561983471,0.2874797872880344,0.0,0.0,0.9090909090909092,0.9917355371900825,1.1642044068059725,0.0,0.0,0.0,0.0,0.0,0.0,0.0,0.0,0.0,0.0,0.0,0.0,0.0909090909090909,0.1652892561983471,0.2874797872880344,0.0,0.0,0.0,0.0,0.0,0.0,0.0,0.0,0.0,0.0,0.0,0.0,0.0,0.0,0.0,0.0,0.0,0.0,0.0,0.0,0.0,0.0,0.0,0.0,0.0,0.0,0.0,0.0,0.0,0.0,-27,2.0,0,0.0,-1,4.888888888888889,3.44444444444,5,1,2,2,1,1,7,3.55555555556,3↑
535,Jean-Ricner,Bellegarde,MID,WOL,?,"Bellegarde (MID, ?)",34,725,1,17,0,2,2,0,0,0,2,0,0,16,2,1.0,0.5,1.6666666666666667,1.2222222222222223,1.5986105077709063,14.5,14.0,27.33333333333333,26.66666666666667,29.75828549422086,1.0,1.0,1.8888888888888888,1.3209876543209875,1.6629588385661962,48.5,22.0,40.27777777777778,27.91358024691358,30.29449080013569,0.0,0.0,0.0555555555555555,0.1049382716049382,0.2290614236454256,1.0,0.5,0.9444444444444444,0.7345679012345678,1.2234841969747354,0.0,0.0,0.0,0.0,0.0,0.0,0.0,0.1111111111111111,0.1975308641975308,0.3142696805273545,0.0,0.0,0.1111111111111111,0.1975308641975308,0.3142696805273545,0.0,0.0,0.0,0.0,0.0,0.0,0.0,0.0,0.0,0.0,0.0,0.0,0.0,0.0,0.0,0.0,0.0,0.1111111111111111,0.1975308641975308,0.3142696805273545,0.0,0.0,0.0,0.0,0.0,0.0,0.0,0.0,0.0,0.0,1.5,0.5,2.125,1.296875,1.6153559979150107,54.0,18.5,45.3125,25.1484375,28.36088580686436,0.0,0.0,0.0625,0.1171875,0.2420614591379635,1.0,0.0,1.0625,0.734375,1.248436522214886,0.0,0.0,0.0,0.0,0.0,0.0,0.0,0.125,0.21875,0.3307189138830738,0.0,0.0,0.125,0.21875,0.3307189138830738,0.0,0.0,0.0,0.0,0.0,0.0,0.0,0.0,0.0,0.0,0.0,0.0,0.0,0.0,0.0,0.0,0.0,0.125,0.21875,0.3307189138830738,0.0,0.0,0.0,0.0,0.0,0.0,0.0,0.0,0.0,0.0,-27,2.0,0,0.0,-1,4.888888888888889,3.44444444444,5,0,1,1,1,1,4,0.5555555555599998,~
550,Hwang,Hee-chan,MID,WOL,?,"Hee Chan (MID, ?)",18,344,1,11,0,0,0,0,0,0,0,0,0,12,6,1.0,0.0,1.6666666666666667,1.4444444444444446,1.9720265943665387,16.0,5.0,15.166666666666666,7.444444444444445,10.073342157507716,1.0,0.0,1.0,0.6666666666666666,1.3333333333333333,16.0,16.0,19.11111111111111,16.814814814814813,23.23046105843908,0.0,0.0,0.0555555555555555,0.1049382716049382,0.2290614236454256,0.0,0.0,0.6111111111111112,0.8148148148148149,1.061387398585711,0.0,0.0,0.0,0.0,0.0,0.0,0.0,0.0,0.0,0.0,0.0,0.0,0.0,0.0,0.0,0.0,0.0,0.0,0.0,0.0,0.0,0.0,0.0,0.0,0.0,0.0,0.0,0.0,0.0,0.0,0.0,0.0,0.0,0.0,0.0,0.0,0.0,0.0,0.0,0.0,0.0,0.0,0.0,0.0,0.0,1.0,0.0,1.5,0.8333333333333334,1.384437310486346,20.5,11.0,28.666666666666668,16.777777777777775,23.142073276946377,0.0,0.0,0.0833333333333333,0.1527777777777778,0.2763853991962833,0.5,0.5,0.9166666666666666,0.9166666666666666,1.1873172373979173,0.0,0.0,0.0,0.0,0.0,0.0,0.0,0.0,0.0,0.0,0.0,0.0,0.0,0.0,0.0,0.0,0.0,0.0,0.0,0.0,0.0,0.0,0.0,0.0,0.0,0.0,0.0,0.0,0.0,0.0,0.0,0.0,0.0,0.0,0.0,0.0,0.0,0.0,0.0,0.0,0.0,0.0,0.0,0.0,0.0,-27,5.0,0,0.0,-1,5.0,5.0,5,7,2,1,0,1,11,6.0,4↑
557,Mario,Lemina,MID,WOL,?,"Mario Jr. (MID, ?)",46,1332,1,38,0,3,1,0,0,0,4,0,5,16,2,1.0,1.0,1.0,0.6666666666666666,0.816496580927726,90.0,0.0,60.0,40.0,42.42640687119285,2.0,1.0,2.555555555555556,1.8641975308641976,2.499382639822665,90.0,0.0,74.0,24.77777777777778,31.14660673510216,0.0,0.0,0.0555555555555555,0.1049382716049382,0.2290614236454256,2.0,1.0,2.111111111111111,1.271604938271605,1.6629588385661962,0.0,0.0,0.0,0.0,0.0,0.0,0.0,0.1666666666666666,0.2777777777777778,0.372677996249965,0.0,0.0,0.0555555555555555,0.1049382716049382,0.2290614236454256,0.0,0.0,0.0,0.0,0.0,0.0,0.0,0.0,0.0,0.0,0.0,0.0,0.0,0.0,0.0,0.0,0.0,0.2222222222222222,0.345679012345679,0.415739709641549,0.0,0.0,0.0,0.0,0.0,0.0,0.0,0.2777777777777778,0.462962962962963,0.7307192465536614,2.0,1.0,2.875,1.9375,2.4717149916606487,90.0,0.0,83.25,11.6875,17.92519177024335,0.0,0.0,0.0625,0.1171875,0.2420614591379635,2.0,1.0,2.375,1.265625,1.5761900266148114,0.0,0.0,0.0,0.0,0.0,0.0,0.0,0.1875,0.3046875,0.3903123748998999,0.0,0.0,0.0625,0.1171875,0.2420614591379635,0.0,0.0,0.0,0.0,0.0,0.0,0.0,0.0,0.0,0.0,0.0,0.0,0.0,0.0,0.0,0.0,0.0,0.25,0.375,0.4330127018922193,0.0,0.0,0.0,0.0,0.0,0.0,0.0,0.3125,0.5078125,0.7680128579652817,-27,7.0,0,0.0,-1,9.88888888888889,8.44444444444,5,0,1,0,0,0,1,-7.44444444444,5↓
544,Tommy,Doyle,MID,WOL,?,"Doyle (MID, ?)",19,348,0,8,0,1,0,0,0,0,0,0,0,14,4,1.0,0.0,0.8333333333333334,0.2777777777777777,0.372677996249965,9.0,5.5,14.333333333333334,11.111111111111112,14.70449666674185,1.0,0.0,1.0555555555555556,0.54320987654321,1.078693768830422,10.0,9.5,19.33333333333333,19.370370370370367,24.666666666666668,0.0,0.0,0.0,0.0,0.0,0.0,0.0,0.4444444444444444,0.5925925925925927,0.6849348892187752,0.0,0.0,0.0,0.0,0.0,0.0,0.0,0.0555555555555555,0.1049382716049382,0.2290614236454256,0.0,0.0,0.0,0.0,0.0,0.0,0.0,0.0,0.0,0.0,0.0,0.0,0.0,0.0,0.0,0.0,0.0,0.0,0.0,0.0,0.0,0.0,0.0,0.0,0.0,0.0,0.0,0.0,0.0,0.0,0.0,0.0,0.0,0.0,0.0,1.0,0.0,1.3571428571428572,0.6122448979591839,1.0424656799518872,13.0,9.5,24.857142857142858,20.959183673469383,25.396448409900444,0.0,0.0,0.0,0.0,0.0,0.0,0.0,0.5714285714285714,0.6530612244897959,0.7284313590846836,0.0,0.0,0.0,0.0,0.0,0.0,0.0,0.0714285714285714,0.1326530612244897,0.2575393768188563,0.0,0.0,0.0,0.0,0.0,0.0,0.0,0.0,0.0,0.0,0.0,0.0,0.0,0.0,0.0,0.0,0.0,0.0,0.0,0.0,0.0,0.0,0.0,0.0,0.0,0.0,0.0,0.0,0.0,0.0,0.0,0.0,0.0,0.0,0.0,-27,5.0,0,0.0,-1,5.0,5.0,5,1,0,1,0,1,3,-2.0,2↓
554,José,Malheiro de Sá,GKP,WOL,?,"José Sá (GKP, ?)",30,990,0,23,0,0,3,35,0,0,1,0,1,11,7,0.0,0.0,2.5,3.333333333333333,3.547299442298794,90.0,0.0,60.0,40.0,42.42640687119285,0.0,0.5,1.6666666666666667,1.9629629629629628,2.581988897471611,90.0,0.0,55.0,42.77777777777778,43.87482193696061,0.0,0.0,0.0,0.0,0.0,0.0,0.0,1.2777777777777777,1.4506172839506175,1.7576991132840414,0.0,0.0,0.0,0.0,0.0,0.0,0.0,0.0,0.0,0.0,0.0,0.0,0.1666666666666666,0.2777777777777778,0.3726779962499649,2.0,2.0,1.9444444444444444,1.7283950617283947,1.899480110808751,0.0,0.0,0.0,0.0,0.0,0.0,0.0,0.0,0.0,0.0,0.0,0.0,0.0555555555555555,0.1049382716049382,0.2290614236454256,0.0,0.0,0.0,0.0,0.0,0.0,0.0,0.0555555555555555,0.1049382716049382,0.2290614236454256,2.0,2.0,2.727272727272727,2.3305785123966944,2.831347545890443,90.0,0.0,90.0,0.0,0.0,0.0,0.0,0.0,0.0,0.0,2.0,2.0,2.090909090909091,1.4049586776859504,1.8317674254190803,0.0,0.0,0.0,0.0,0.0,0.0,0.0,0.0,0.0,0.0,0.0,0.0,0.2727272727272727,0.3966942148760331,0.4453617714151233,4.0,0.0,3.1818181818181817,1.2231404958677687,1.4024771473219555,0.0,0.0,0.0,0.0,0.0,0.0,0.0,0.0,0.0,0.0,0.0,0.0,0.0909090909090909,0.165289256198347,0.2874797872880344,0.0,0.0,0.0,0.0,0.0,0.0,0.0,0.0909090909090909,0.1652892561983471,0.2874797872880344,-27,-1.5,-32,-1.7777777777777777,0,0.0,-1.63888888889,5,6,1,1,2,2,12,13.63888888889,6↑
533,Rayan,Aït-Nouri,DEF,WOL,?,"Aït-Nouri (DEF, ?)",46,1455,3,39,0,3,2,0,0,0,4,1,2,17,1,0.0,1.0,1.3333333333333333,2.4444444444444446,2.7487370837451075,88.0,2.0,73.5,24.5,32.93301281895316,1.0,1.0,2.555555555555556,2.7407407407407405,3.201080064641763,90.0,0.0,80.83333333333333,12.944444444444448,21.3339843650662,0.0,0.0,0.1666666666666666,0.2777777777777778,0.3726779962499649,2.0,1.0,2.1666666666666665,1.1296296296296298,1.5,0.0,0.0,0.0,0.0,0.0,0.0,0.0,0.1666666666666666,0.2777777777777778,0.3726779962499649,0.0,0.0,0.1111111111111111,0.1975308641975308,0.3142696805273544,0.0,0.0,0.0,0.0,0.0,0.0,0.0,0.0,0.0,0.0,0.0,0.0,0.0,0.0,0.0,0.0,0.0,0.2222222222222222,0.345679012345679,0.415739709641549,0.0,0.0,0.0555555555555555,0.1049382716049382,0.2290614236454256,0.0,0.0,0.1111111111111111,0.2098765432098765,0.4581228472908512,1.0,1.0,2.7058823529411766,2.795847750865052,3.2315486340753816,90.0,0.0,85.58823529411765,5.757785467128025,8.657256891522461,0.0,0.0,0.1764705882352941,0.2906574394463668,0.3812200410828153,2.0,1.0,2.294117647058824,1.1211072664359862,1.4456712620522951,0.0,0.0,0.0,0.0,0.0,0.0,0.0,0.1764705882352941,0.2906574394463668,0.3812200410828153,0.0,0.0,0.1176470588235294,0.2076124567474048,0.3221897397089212,0.0,0.0,0.0,0.0,0.0,0.0,0.0,0.0,0.0,0.0,0.0,0.0,0.0,0.0,0.0,0.0,0.0,0.2352941176470588,0.3598615916955017,0.4241825029957634,0.0,0.0,0.0588235294117647,0.1107266435986159,0.2352941176470588,0.0,0.0,0.1176470588235294,0.2214532871972318,0.4705882352941177,-27,2.0,-32,1.4444444444444446,0,0.0,1.72222222222,5,10,1,1,1,2,15,13.277777777779999,6↑
204,Sam,Johnstone,GKP,WOL,?,"Johnstone (GKP, ?)",12,630,0,17,0,0,0,23,0,0,0,0,0,7,11,0.0,0.0,0.3333333333333333,0.4444444444444445,0.4714045207910317,0.0,0.0,30.0,40.0,42.42640687119285,0.0,0.0,0.6666666666666666,0.8148148148148147,0.9428090415820634,0.0,0.0,35.0,42.77777777777778,43.87482193696061,0.0,0.0,0.0,0.0,0.0,0.0,0.0,0.9444444444444444,1.1543209876543208,1.3933262448871613,0.0,0.0,0.0,0.0,0.0,0.0,0.0,0.0,0.0,0.0,0.0,0.0,0.0,0.0,0.0,0.0,0.0,1.2777777777777777,1.7037037037037035,2.049540749521858,0.0,0.0,0.0,0.0,0.0,0.0,0.0,0.0,0.0,0.0,0.0,0.0,0.0,0.0,0.0,0.0,0.0,0.0,0.0,0.0,0.0,0.0,0.0,0.0,0.0,2.0,1.0,1.7142857142857142,0.6122448979591837,0.6998542122237652,90.0,0.0,90.0,0.0,0.0,0.0,0.0,0.0,0.0,0.0,2.0,0.0,2.4285714285714284,0.8979591836734695,1.178030178747903,0.0,0.0,0.0,0.0,0.0,0.0,0.0,0.0,0.0,0.0,0.0,0.0,0.0,0.0,0.0,4.0,2.0,3.2857142857142856,1.6734693877551017,2.050385727772475,0.0,0.0,0.0,0.0,0.0,0.0,0.0,0.0,0.0,0.0,0.0,0.0,0.0,0.0,0.0,0.0,0.0,0.0,0.0,0.0,0.0,0.0,0.0,0.0,0.0,-27,0.0,-32,0.0,0,0.0,0.0,5,0,0,0,0,0,0,0.0,~
655,Carlos Roberto,Forbs Borges,MID,WOL,?,"Forbs (MID, ?)",6,208,0,8,0,0,0,0,0,0,2,0,0,7,11,0.0,0.0,0.3333333333333333,0.4444444444444444,0.4714045207910317,0.0,0.0,4.5,7.166666666666667,9.622023349240706,0.0,0.0,0.3333333333333333,0.4444444444444444,0.4714045207910317,0.0,0.0,11.555555555555555,16.135802469135804,19.933841192589,0.0,0.0,0.0,0.0,0.0,0.0,0.0,0.4444444444444444,0.6419753086419754,0.955813918560292,0.0,0.0,0.0,0.0,0.0,0.0,0.0,0.0,0.0,0.0,0.0,0.0,0.0,0.0,0.0,0.0,0.0,0.0,0.0,0.0,0.0,0.0,0.0,0.0,0.0,0.0,0.0,0.0,0.0,0.0,0.0,0.0,0.1111111111111111,0.1975308641975308,0.3142696805273545,0.0,0.0,0.0,0.0,0.0,0.0,0.0,0.0,0.0,0.0,1.0,0.0,0.8571428571428571,0.2448979591836734,0.3499271061118826,26.0,22.0,29.714285714285715,18.53061224489796,21.959145740047656,0.0,0.0,0.0,0.0,0.0,1.0,0.0,1.1428571428571428,0.8163265306122446,1.2453996981544784,0.0,0.0,0.0,0.0,0.0,0.0,0.0,0.0,0.0,0.0,0.0,0.0,0.0,0.0,0.0,0.0,0.0,0.0,0.0,0.0,0.0,0.0,0.0,0.0,0.0,0.0,0.0,0.0,0.0,0.0,0.0,0.0,0.2857142857142857,0.4081632653061224,0.4517539514526256,0.0,0.0,0.0,0.0,0.0,0.0,0.0,0.0,0.0,0.0,-27,0.0,0,0.0,-1,0.0,0.0,5,1,1,0,0,0,2,2.0,2↑
565,Pablo,Sarabia,MID,WOL,?,"Sarabia (MID, ?)",11,179,1,3,0,0,0,0,0,0,0,0,0,5,13,0.0,0.0,0.0,0.0,0.0,0.0,0.0,0.0,0.0,0.0,0.0,0.0,0.6111111111111112,0.8827160493827161,1.4196591487978485,0.0,0.0,9.944444444444445,14.80246913580247,19.0189152109806,0.0,0.0,0.0555555555555555,0.1049382716049382,0.2290614236454256,0.0,0.0,0.1666666666666666,0.2777777777777778,0.3726779962499649,0.0,0.0,0.0,0.0,0.0,0.0,0.0,0.0,0.0,0.0,0.0,0.0,0.0,0.0,0.0,0.0,0.0,0.0,0.0,0.0,0.0,0.0,0.0,0.0,0.0,0.0,0.0,0.0,0.0,0.0,0.0,0.0,0.0,0.0,0.0,0.0,0.0,0.0,0.0,0.0,0.0,0.0,0.0,0.0,0.0,1.0,0.0,2.2,1.52,1.939071942966532,45.0,16.0,35.8,17.44,19.40515395455548,0.0,0.0,0.2,0.32,0.4,1.0,0.0,0.6,0.48,0.4898979485566356,0.0,0.0,0.0,0.0,0.0,0.0,0.0,0.0,0.0,0.0,0.0,0.0,0.0,0.0,0.0,0.0,0.0,0.0,0.0,0.0,0.0,0.0,0.0,0.0,0.0,0.0,0.0,0.0,0.0,0.0,0.0,0.0,0.0,0.0,0.0,0.0,0.0,0.0,0.0,0.0,0.0,0.0,0.0,0.0,0.0,-27,0.0,0,0.0,-1,0.0,0.0,5,0,1,1,2,2,6,6.0,4↑
558,Yerson,Mosquera,DEF,WOL,?,"Mosquera (DEF, ?)",3,441,0,12,0,0,0,0,0,0,2,0,0,5,13,0.0,0.0,0.0,0.0,0.0,0.0,0.0,0.0,0.0,0.0,0.0,0.0,0.1666666666666666,0.4814814814814813,0.7637626158259734,0.0,0.0,24.5,35.388888888888886,39.5506005011302,0.0,0.0,0.0,0.0,0.0,0.0,0.0,0.6666666666666666,0.9629629629629632,1.4529663145135576,0.0,0.0,0.0,0.0,0.0,0.0,0.0,0.0,0.0,0.0,0.0,0.0,0.0,0.0,0.0,0.0,0.0,0.0,0.0,0.0,0.0,0.0,0.0,0.0,0.0,0.0,0.0,0.0,0.0,0.0,0.0,0.0,0.1111111111111111,0.1975308641975308,0.3142696805273545,0.0,0.0,0.0,0.0,0.0,0.0,0.0,0.0,0.0,0.0,1.0,0.0,0.6,1.0400000000000005,1.3564659966250538,90.0,0.0,88.2,2.879999999999998,3.6,0.0,0.0,0.0,0.0,0.0,2.0,1.0,2.4,1.4400000000000002,1.8547236990991407,0.0,0.0,0.0,0.0,0.0,0.0,0.0,0.0,0.0,0.0,0.0,0.0,0.0,0.0,0.0,0.0,0.0,0.0,0.0,0.0,0.0,0.0,0.0,0.0,0.0,0.0,0.0,0.0,0.0,0.0,0.0,0.0,0.4,0.48,0.4898979485566356,0.0,0.0,0.0,0.0,0.0,0.0,0.0,0.0,0.0,0.0,-27,0.0,-32,0.0,0,0.0,0.0,5,0,0,0,0,0,0,0.0,~
562,Daniel,Castelo Podence,MID,WOL,?,"Podence (MID, ?)",2,46,0,2,0,0,0,0,0,0,0,0,0,2,16,0.0,0.0,0.0,0.0,0.0,0.0,0.0,0.0,0.0,0.0,0.0,0.0,0.1111111111111111,0.1975308641975308,0.3142696805273545,0.0,0.0,2.555555555555556,4.54320987654321,7.704415921493208,0.0,0.0,0.0,0.0,0.0,0.0,0.0,0.1111111111111111,0.2098765432098765,0.4581228472908512,0.0,0.0,0.0,0.0,0.0,0.0,0.0,0.0,0.0,0.0,0.0,0.0,0.0,0.0,0.0,0.0,0.0,0.0,0.0,0.0,0.0,0.0,0.0,0.0,0.0,0.0,0.0,0.0,0.0,0.0,0.0,0.0,0.0,0.0,0.0,0.0,0.0,0.0,0.0,0.0,0.0,0.0,0.0,0.0,0.0,1.0,0.0,1.0,0.0,0.0,23.0,8.0,23.0,8.0,8.0,0.0,0.0,0.0,0.0,0.0,1.0,1.0,1.0,1.0,1.0,0.0,0.0,0.0,0.0,0.0,0.0,0.0,0.0,0.0,0.0,0.0,0.0,0.0,0.0,0.0,0.0,0.0,0.0,0.0,0.0,0.0,0.0,0.0,0.0,0.0,0.0,0.0,0.0,0.0,0.0,0.0,0.0,0.0,0.0,0.0,0.0,0.0,0.0,0.0,0.0,0.0,0.0,0.0,0.0,0.0,-27,0.0,0,0.0,-1,0.0,0.0,5,0,0,0,0,0,0,0.0,~
537,Francisco Jorge,Tomás Oliveira,MID,WOL,?,"Chiquinho (MID, ?)",1,6,0,0,0,0,0,0,0,0,0,0,0,1,17,0.0,0.0,0.0,0.0,0.0,0.0,0.0,0.0,0.0,0.0,0.0,0.0,0.0555555555555555,0.1049382716049382,0.2290614236454256,0.0,0.0,0.3333333333333333,0.6296296296296297,1.3743685418725538,0.0,0.0,0.0,0.0,0.0,0.0,0.0,0.0,0.0,0.0,0.0,0.0,0.0,0.0,0.0,0.0,0.0,0.0,0.0,0.0,0.0,0.0,0.0,0.0,0.0,0.0,0.0,0.0,0.0,0.0,0.0,0.0,0.0,0.0,0.0,0.0,0.0,0.0,0.0,0.0,0.0,0.0,0.0,0.0,0.0,0.0,0.0,0.0,0.0,0.0,0.0,0.0,0.0,0.0,0.0,1.0,0.0,1.0,0.0,0.0,6.0,0.0,6.0,0.0,0.0,0.0,0.0,0.0,0.0,0.0,0.0,0.0,0.0,0.0,0.0,0.0,0.0,0.0,0.0,0.0,0.0,0.0,0.0,0.0,0.0,0.0,0.0,0.0,0.0,0.0,0.0,0.0,0.0,0.0,0.0,0.0,0.0,0.0,0.0,0.0,0.0,0.0,0.0,0.0,0.0,0.0,0.0,0.0,0.0,0.0,0.0,0.0,0.0,0.0,0.0,0.0,0.0,0.0,0.0,0.0,-27,0.0,0,0.0,-1,0.0,0.0,5,0,0,0,0,0,0,0.0,~
664,Alfie,Pond,DEF,WOL,?,"Pond (DEF, ?)",1,1,0,0,0,0,0,0,0,0,0,0,0,1,17,0.0,0.0,0.0,0.0,0.0,0.0,0.0,0.0,0.0,0.0,0.0,0.0,0.0555555555555555,0.1049382716049382,0.2290614236454256,0.0,0.0,0.0555555555555555,0.1049382716049382,0.2290614236454256,0.0,0.0,0.0,0.0,0.0,0.0,0.0,0.0,0.0,0.0,0.0,0.0,0.0,0.0,0.0,0.0,0.0,0.0,0.0,0.0,0.0,0.0,0.0,0.0,0.0,0.0,0.0,0.0,0.0,0.0,0.0,0.0,0.0,0.0,0.0,0.0,0.0,0.0,0.0,0.0,0.0,0.0,0.0,0.0,0.0,0.0,0.0,0.0,0.0,0.0,0.0,0.0,0.0,0.0,0.0,1.0,0.0,1.0,0.0,0.0,1.0,0.0,1.0,0.0,0.0,0.0,0.0,0.0,0.0,0.0,0.0,0.0,0.0,0.0,0.0,0.0,0.0,0.0,0.0,0.0,0.0,0.0,0.0,0.0,0.0,0.0,0.0,0.0,0.0,0.0,0.0,0.0,0.0,0.0,0.0,0.0,0.0,0.0,0.0,0.0,0.0,0.0,0.0,0.0,0.0,0.0,0.0,0.0,0.0,0.0,0.0,0.0,0.0,0.0,0.0,0.0,0.0,0.0,0.0,0.0,-27,0.0,-32,0.0,0,0.0,0.0,5,0,0,0,0,0,0,0.0,~
534,Boubacar,Traoré,MID,WOL,?,"B.Traore (MID, ?)",0,0,0,0,0,0,0,0,0,0,0,0,0,0,18,0.0,0.0,0.0,0.0,0.0,0.0,0.0,0.0,0.0,0.0,0.0,0.0,0.0,0.0,0.0,0.0,0.0,0.0,0.0,0.0,0.0,0.0,0.0,0.0,0.0,0.0,0.0,0.0,0.0,0.0,0.0,0.0,0.0,0.0,0.0,0.0,0.0,0.0,0.0,0.0,0.0,0.0,0.0,0.0,0.0,0.0,0.0,0.0,0.0,0.0,0.0,0.0,0.0,0.0,0.0,0.0,0.0,0.0,0.0,0.0,0.0,0.0,0.0,0.0,0.0,0.0,0.0,0.0,0.0,0.0,0.0,0.0,0.0,0.0,0.0,0.0,0.0,0.0,0.0,0.0,0.0,0.0,0.0,0.0,0.0,0.0,0.0,0.0,0.0,0.0,0.0,0.0,0.0,0.0,0.0,0.0,0.0,0.0,0.0,0.0,0.0,0.0,0.0,0.0,0.0,0.0,0.0,0.0,0.0,0.0,0.0,0.0,0.0,0.0,0.0,0.0,0.0,0.0,0.0,0.0,0.0,0.0,0.0,0.0,0.0,0.0,0.0,0.0,0.0,0.0,0.0,0.0,0.0,0.0,0.0,0.0,0.0,0.0,0.0,0.0,-27,0.0,0,0.0,-1,0.0,0.0,5,0,0,0,0,0,0,0.0,~
536,Daniel,Bentley,GKP,WOL,?,"Bentley (GKP, ?)",0,0,0,0,0,0,0,0,0,0,0,0,0,0,18,0.0,0.0,0.0,0.0,0.0,0.0,0.0,0.0,0.0,0.0,0.0,0.0,0.0,0.0,0.0,0.0,0.0,0.0,0.0,0.0,0.0,0.0,0.0,0.0,0.0,0.0,0.0,0.0,0.0,0.0,0.0,0.0,0.0,0.0,0.0,0.0,0.0,0.0,0.0,0.0,0.0,0.0,0.0,0.0,0.0,0.0,0.0,0.0,0.0,0.0,0.0,0.0,0.0,0.0,0.0,0.0,0.0,0.0,0.0,0.0,0.0,0.0,0.0,0.0,0.0,0.0,0.0,0.0,0.0,0.0,0.0,0.0,0.0,0.0,0.0,0.0,0.0,0.0,0.0,0.0,0.0,0.0,0.0,0.0,0.0,0.0,0.0,0.0,0.0,0.0,0.0,0.0,0.0,0.0,0.0,0.0,0.0,0.0,0.0,0.0,0.0,0.0,0.0,0.0,0.0,0.0,0.0,0.0,0.0,0.0,0.0,0.0,0.0,0.0,0.0,0.0,0.0,0.0,0.0,0.0,0.0,0.0,0.0,0.0,0.0,0.0,0.0,0.0,0.0,0.0,0.0,0.0,0.0,0.0,0.0,0.0,0.0,0.0,0.0,0.0,-27,0.0,-32,0.0,0,0.0,0.0,5,0,0,0,0,0,0,0.0,~
538,Tawanda,Chirewa,MID,WOL,?,"Chirewa (MID, ?)",0,0,0,0,0,0,0,0,0,0,0,0,0,0,18,0.0,0.0,0.0,0.0,0.0,0.0,0.0,0.0,0.0,0.0,0.0,0.0,0.0,0.0,0.0,0.0,0.0,0.0,0.0,0.0,0.0,0.0,0.0,0.0,0.0,0.0,0.0,0.0,0.0,0.0,0.0,0.0,0.0,0.0,0.0,0.0,0.0,0.0,0.0,0.0,0.0,0.0,0.0,0.0,0.0,0.0,0.0,0.0,0.0,0.0,0.0,0.0,0.0,0.0,0.0,0.0,0.0,0.0,0.0,0.0,0.0,0.0,0.0,0.0,0.0,0.0,0.0,0.0,0.0,0.0,0.0,0.0,0.0,0.0,0.0,0.0,0.0,0.0,0.0,0.0,0.0,0.0,0.0,0.0,0.0,0.0,0.0,0.0,0.0,0.0,0.0,0.0,0.0,0.0,0.0,0.0,0.0,0.0,0.0,0.0,0.0,0.0,0.0,0.0,0.0,0.0,0.0,0.0,0.0,0.0,0.0,0.0,0.0,0.0,0.0,0.0,0.0,0.0,0.0,0.0,0.0,0.0,0.0,0.0,0.0,0.0,0.0,0.0,0.0,0.0,0.0,0.0,0.0,0.0,0.0,0.0,0.0,0.0,0.0,0.0,-27,0.0,0,0.0,-1,0.0,0.0,5,0,0,0,0,0,0,0.0,~
539,Leon,Chiwome,FWD,WOL,?,"Chiwome (FWD, ?)",0,0,0,0,0,0,0,0,0,0,0,0,0,0,18,0.0,0.0,0.0,0.0,0.0,0.0,0.0,0.0,0.0,0.0,0.0,0.0,0.0,0.0,0.0,0.0,0.0,0.0,0.0,0.0,0.0,0.0,0.0,0.0,0.0,0.0,0.0,0.0,0.0,0.0,0.0,0.0,0.0,0.0,0.0,0.0,0.0,0.0,0.0,0.0,0.0,0.0,0.0,0.0,0.0,0.0,0.0,0.0,0.0,0.0,0.0,0.0,0.0,0.0,0.0,0.0,0.0,0.0,0.0,0.0,0.0,0.0,0.0,0.0,0.0,0.0,0.0,0.0,0.0,0.0,0.0,0.0,0.0,0.0,0.0,0.0,0.0,0.0,0.0,0.0,0.0,0.0,0.0,0.0,0.0,0.0,0.0,0.0,0.0,0.0,0.0,0.0,0.0,0.0,0.0,0.0,0.0,0.0,0.0,0.0,0.0,0.0,0.0,0.0,0.0,0.0,0.0,0.0,0.0,0.0,0.0,0.0,0.0,0.0,0.0,0.0,0.0,0.0,0.0,0.0,0.0,0.0,0.0,0.0,0.0,0.0,0.0,0.0,0.0,0.0,0.0,0.0,0.0,0.0,0.0,0.0,0.0,0.0,0.0,0.0,-27,0.0,0,0.0,-1,0.0,0.0,5,0,0,0,0,0,0,0.0,~
540,Luke,Cundle,MID,WOL,?,"Cundle (MID, ?)",0,0,0,0,0,0,0,0,0,0,0,0,0,0,18,0.0,0.0,0.0,0.0,0.0,0.0,0.0,0.0,0.0,0.0,0.0,0.0,0.0,0.0,0.0,0.0,0.0,0.0,0.0,0.0,0.0,0.0,0.0,0.0,0.0,0.0,0.0,0.0,0.0,0.0,0.0,0.0,0.0,0.0,0.0,0.0,0.0,0.0,0.0,0.0,0.0,0.0,0.0,0.0,0.0,0.0,0.0,0.0,0.0,0.0,0.0,0.0,0.0,0.0,0.0,0.0,0.0,0.0,0.0,0.0,0.0,0.0,0.0,0.0,0.0,0.0,0.0,0.0,0.0,0.0,0.0,0.0,0.0,0.0,0.0,0.0,0.0,0.0,0.0,0.0,0.0,0.0,0.0,0.0,0.0,0.0,0.0,0.0,0.0,0.0,0.0,0.0,0.0,0.0,0.0,0.0,0.0,0.0,0.0,0.0,0.0,0.0,0.0,0.0,0.0,0.0,0.0,0.0,0.0,0.0,0.0,0.0,0.0,0.0,0.0,0.0,0.0,0.0,0.0,0.0,0.0,0.0,0.0,0.0,0.0,0.0,0.0,0.0,0.0,0.0,0.0,0.0,0.0,0.0,0.0,0.0,0.0,0.0,0.0,0.0,-27,0.0,0,0.0,-1,0.0,0.0,5,0,0,0,0,0,0,0.0,~
545,Fábio,Silva,FWD,WOL,?,"Fábio Silva (FWD, ?)",0,0,0,0,0,0,0,0,0,0,0,0,0,0,18,0.0,0.0,0.0,0.0,0.0,0.0,0.0,0.0,0.0,0.0,0.0,0.0,0.0,0.0,0.0,0.0,0.0,0.0,0.0,0.0,0.0,0.0,0.0,0.0,0.0,0.0,0.0,0.0,0.0,0.0,0.0,0.0,0.0,0.0,0.0,0.0,0.0,0.0,0.0,0.0,0.0,0.0,0.0,0.0,0.0,0.0,0.0,0.0,0.0,0.0,0.0,0.0,0.0,0.0,0.0,0.0,0.0,0.0,0.0,0.0,0.0,0.0,0.0,0.0,0.0,0.0,0.0,0.0,0.0,0.0,0.0,0.0,0.0,0.0,0.0,0.0,0.0,0.0,0.0,0.0,0.0,0.0,0.0,0.0,0.0,0.0,0.0,0.0,0.0,0.0,0.0,0.0,0.0,0.0,0.0,0.0,0.0,0.0,0.0,0.0,0.0,0.0,0.0,0.0,0.0,0.0,0.0,0.0,0.0,0.0,0.0,0.0,0.0,0.0,0.0,0.0,0.0,0.0,0.0,0.0,0.0,0.0,0.0,0.0,0.0,0.0,0.0,0.0,0.0,0.0,0.0,0.0,0.0,0.0,0.0,0.0,0.0,0.0,0.0,0.0,-27,0.0,0,0.0,-1,0.0,0.0,5,0,0,0,0,0,0,0.0,~
546,Nathan,Fraser,FWD,WOL,?,"Fraser (FWD, ?)",0,0,0,0,0,0,0,0,0,0,0,0,0,0,18,0.0,0.0,0.0,0.0,0.0,0.0,0.0,0.0,0.0,0.0,0.0,0.0,0.0,0.0,0.0,0.0,0.0,0.0,0.0,0.0,0.0,0.0,0.0,0.0,0.0,0.0,0.0,0.0,0.0,0.0,0.0,0.0,0.0,0.0,0.0,0.0,0.0,0.0,0.0,0.0,0.0,0.0,0.0,0.0,0.0,0.0,0.0,0.0,0.0,0.0,0.0,0.0,0.0,0.0,0.0,0.0,0.0,0.0,0.0,0.0,0.0,0.0,0.0,0.0,0.0,0.0,0.0,0.0,0.0,0.0,0.0,0.0,0.0,0.0,0.0,0.0,0.0,0.0,0.0,0.0,0.0,0.0,0.0,0.0,0.0,0.0,0.0,0.0,0.0,0.0,0.0,0.0,0.0,0.0,0.0,0.0,0.0,0.0,0.0,0.0,0.0,0.0,0.0,0.0,0.0,0.0,0.0,0.0,0.0,0.0,0.0,0.0,0.0,0.0,0.0,0.0,0.0,0.0,0.0,0.0,0.0,0.0,0.0,0.0,0.0,0.0,0.0,0.0,0.0,0.0,0.0,0.0,0.0,0.0,0.0,0.0,0.0,0.0,0.0,0.0,-27,0.0,0,0.0,-1,0.0,0.0,5,0,0,0,0,0,0,0.0,~
547,Enso,González,MID,WOL,?,"Gonzalez (MID, ?)",0,0,0,0,0,0,0,0,0,0,0,0,0,0,18,0.0,0.0,0.0,0.0,0.0,0.0,0.0,0.0,0.0,0.0,0.0,0.0,0.0,0.0,0.0,0.0,0.0,0.0,0.0,0.0,0.0,0.0,0.0,0.0,0.0,0.0,0.0,0.0,0.0,0.0,0.0,0.0,0.0,0.0,0.0,0.0,0.0,0.0,0.0,0.0,0.0,0.0,0.0,0.0,0.0,0.0,0.0,0.0,0.0,0.0,0.0,0.0,0.0,0.0,0.0,0.0,0.0,0.0,0.0,0.0,0.0,0.0,0.0,0.0,0.0,0.0,0.0,0.0,0.0,0.0,0.0,0.0,0.0,0.0,0.0,0.0,0.0,0.0,0.0,0.0,0.0,0.0,0.0,0.0,0.0,0.0,0.0,0.0,0.0,0.0,0.0,0.0,0.0,0.0,0.0,0.0,0.0,0.0,0.0,0.0,0.0,0.0,0.0,0.0,0.0,0.0,0.0,0.0,0.0,0.0,0.0,0.0,0.0,0.0,0.0,0.0,0.0,0.0,0.0,0.0,0.0,0.0,0.0,0.0,0.0,0.0,0.0,0.0,0.0,0.0,0.0,0.0,0.0,0.0,0.0,0.0,0.0,0.0,0.0,0.0,-27,0.0,0,0.0,-1,0.0,0.0,5,0,0,0,0,0,0,0.0,~
549,Hugo,Bueno López,DEF,WOL,?,"H.Bueno (DEF, ?)",0,0,0,0,0,0,0,0,0,0,0,0,0,0,18,0.0,0.0,0.0,0.0,0.0,0.0,0.0,0.0,0.0,0.0,0.0,0.0,0.0,0.0,0.0,0.0,0.0,0.0,0.0,0.0,0.0,0.0,0.0,0.0,0.0,0.0,0.0,0.0,0.0,0.0,0.0,0.0,0.0,0.0,0.0,0.0,0.0,0.0,0.0,0.0,0.0,0.0,0.0,0.0,0.0,0.0,0.0,0.0,0.0,0.0,0.0,0.0,0.0,0.0,0.0,0.0,0.0,0.0,0.0,0.0,0.0,0.0,0.0,0.0,0.0,0.0,0.0,0.0,0.0,0.0,0.0,0.0,0.0,0.0,0.0,0.0,0.0,0.0,0.0,0.0,0.0,0.0,0.0,0.0,0.0,0.0,0.0,0.0,0.0,0.0,0.0,0.0,0.0,0.0,0.0,0.0,0.0,0.0,0.0,0.0,0.0,0.0,0.0,0.0,0.0,0.0,0.0,0.0,0.0,0.0,0.0,0.0,0.0,0.0,0.0,0.0,0.0,0.0,0.0,0.0,0.0,0.0,0.0,0.0,0.0,0.0,0.0,0.0,0.0,0.0,0.0,0.0,0.0,0.0,0.0,0.0,0.0,0.0,0.0,0.0,-27,0.0,-32,0.0,0,0.0,0.0,5,0,0,0,0,0,0,0.0,~
551,Joe,Hodge,MID,WOL,?,"Hodge (MID, ?)",0,0,0,0,0,0,0,0,0,0,0,0,0,0,18,0.0,0.0,0.0,0.0,0.0,0.0,0.0,0.0,0.0,0.0,0.0,0.0,0.0,0.0,0.0,0.0,0.0,0.0,0.0,0.0,0.0,0.0,0.0,0.0,0.0,0.0,0.0,0.0,0.0,0.0,0.0,0.0,0.0,0.0,0.0,0.0,0.0,0.0,0.0,0.0,0.0,0.0,0.0,0.0,0.0,0.0,0.0,0.0,0.0,0.0,0.0,0.0,0.0,0.0,0.0,0.0,0.0,0.0,0.0,0.0,0.0,0.0,0.0,0.0,0.0,0.0,0.0,0.0,0.0,0.0,0.0,0.0,0.0,0.0,0.0,0.0,0.0,0.0,0.0,0.0,0.0,0.0,0.0,0.0,0.0,0.0,0.0,0.0,0.0,0.0,0.0,0.0,0.0,0.0,0.0,0.0,0.0,0.0,0.0,0.0,0.0,0.0,0.0,0.0,0.0,0.0,0.0,0.0,0.0,0.0,0.0,0.0,0.0,0.0,0.0,0.0,0.0,0.0,0.0,0.0,0.0,0.0,0.0,0.0,0.0,0.0,0.0,0.0,0.0,0.0,0.0,0.0,0.0,0.0,0.0,0.0,0.0,0.0,0.0,0.0,-27,0.0,0,0.0,-1,0.0,0.0,5,0,0,0,0,0,0,0.0,~
552,Ki-Jana,Hoever,DEF,WOL,?,"Hoever (DEF, ?)",0,0,0,0,0,0,0,0,0,0,0,0,0,0,18,0.0,0.0,0.0,0.0,0.0,0.0,0.0,0.0,0.0,0.0,0.0,0.0,0.0,0.0,0.0,0.0,0.0,0.0,0.0,0.0,0.0,0.0,0.0,0.0,0.0,0.0,0.0,0.0,0.0,0.0,0.0,0.0,0.0,0.0,0.0,0.0,0.0,0.0,0.0,0.0,0.0,0.0,0.0,0.0,0.0,0.0,0.0,0.0,0.0,0.0,0.0,0.0,0.0,0.0,0.0,0.0,0.0,0.0,0.0,0.0,0.0,0.0,0.0,0.0,0.0,0.0,0.0,0.0,0.0,0.0,0.0,0.0,0.0,0.0,0.0,0.0,0.0,0.0,0.0,0.0,0.0,0.0,0.0,0.0,0.0,0.0,0.0,0.0,0.0,0.0,0.0,0.0,0.0,0.0,0.0,0.0,0.0,0.0,0.0,0.0,0.0,0.0,0.0,0.0,0.0,0.0,0.0,0.0,0.0,0.0,0.0,0.0,0.0,0.0,0.0,0.0,0.0,0.0,0.0,0.0,0.0,0.0,0.0,0.0,0.0,0.0,0.0,0.0,0.0,0.0,0.0,0.0,0.0,0.0,0.0,0.0,0.0,0.0,0.0,0.0,-27,0.0,-32,0.0,0,0.0,0.0,5,0,0,0,0,0,0,0.0,~
555,Saša,Kalajdžić,FWD,WOL,?,"Kalajdžić (FWD, ?)",0,0,0,0,0,0,0,0,0,0,0,0,0,0,18,0.0,0.0,0.0,0.0,0.0,0.0,0.0,0.0,0.0,0.0,0.0,0.0,0.0,0.0,0.0,0.0,0.0,0.0,0.0,0.0,0.0,0.0,0.0,0.0,0.0,0.0,0.0,0.0,0.0,0.0,0.0,0.0,0.0,0.0,0.0,0.0,0.0,0.0,0.0,0.0,0.0,0.0,0.0,0.0,0.0,0.0,0.0,0.0,0.0,0.0,0.0,0.0,0.0,0.0,0.0,0.0,0.0,0.0,0.0,0.0,0.0,0.0,0.0,0.0,0.0,0.0,0.0,0.0,0.0,0.0,0.0,0.0,0.0,0.0,0.0,0.0,0.0,0.0,0.0,0.0,0.0,0.0,0.0,0.0,0.0,0.0,0.0,0.0,0.0,0.0,0.0,0.0,0.0,0.0,0.0,0.0,0.0,0.0,0.0,0.0,0.0,0.0,0.0,0.0,0.0,0.0,0.0,0.0,0.0,0.0,0.0,0.0,0.0,0.0,0.0,0.0,0.0,0.0,0.0,0.0,0.0,0.0,0.0,0.0,0.0,0.0,0.0,0.0,0.0,0.0,0.0,0.0,0.0,0.0,0.0,0.0,0.0,0.0,0.0,0.0,-27,0.0,0,0.0,-1,0.0,0.0,5,0,0,0,0,0,0,0.0,~
556,Tom,King,GKP,WOL,?,"King (GKP, ?)",0,0,0,0,0,0,0,0,0,0,0,0,0,0,18,0.0,0.0,0.0,0.0,0.0,0.0,0.0,0.0,0.0,0.0,0.0,0.0,0.0,0.0,0.0,0.0,0.0,0.0,0.0,0.0,0.0,0.0,0.0,0.0,0.0,0.0,0.0,0.0,0.0,0.0,0.0,0.0,0.0,0.0,0.0,0.0,0.0,0.0,0.0,0.0,0.0,0.0,0.0,0.0,0.0,0.0,0.0,0.0,0.0,0.0,0.0,0.0,0.0,0.0,0.0,0.0,0.0,0.0,0.0,0.0,0.0,0.0,0.0,0.0,0.0,0.0,0.0,0.0,0.0,0.0,0.0,0.0,0.0,0.0,0.0,0.0,0.0,0.0,0.0,0.0,0.0,0.0,0.0,0.0,0.0,0.0,0.0,0.0,0.0,0.0,0.0,0.0,0.0,0.0,0.0,0.0,0.0,0.0,0.0,0.0,0.0,0.0,0.0,0.0,0.0,0.0,0.0,0.0,0.0,0.0,0.0,0.0,0.0,0.0,0.0,0.0,0.0,0.0,0.0,0.0,0.0,0.0,0.0,0.0,0.0,0.0,0.0,0.0,0.0,0.0,0.0,0.0,0.0,0.0,0.0,0.0,0.0,0.0,0.0,0.0,-27,0.0,-32,0.0,0,0.0,0.0,5,0,0,0,0,0,0,0.0,~
561,Pedro,Cardoso de Lima,DEF,WOL,?,"Pedro Lima (DEF, ?)",0,0,0,0,0,0,0,0,0,0,0,0,0,0,18,0.0,0.0,0.0,0.0,0.0,0.0,0.0,0.0,0.0,0.0,0.0,0.0,0.0,0.0,0.0,0.0,0.0,0.0,0.0,0.0,0.0,0.0,0.0,0.0,0.0,0.0,0.0,0.0,0.0,0.0,0.0,0.0,0.0,0.0,0.0,0.0,0.0,0.0,0.0,0.0,0.0,0.0,0.0,0.0,0.0,0.0,0.0,0.0,0.0,0.0,0.0,0.0,0.0,0.0,0.0,0.0,0.0,0.0,0.0,0.0,0.0,0.0,0.0,0.0,0.0,0.0,0.0,0.0,0.0,0.0,0.0,0.0,0.0,0.0,0.0,0.0,0.0,0.0,0.0,0.0,0.0,0.0,0.0,0.0,0.0,0.0,0.0,0.0,0.0,0.0,0.0,0.0,0.0,0.0,0.0,0.0,0.0,0.0,0.0,0.0,0.0,0.0,0.0,0.0,0.0,0.0,0.0,0.0,0.0,0.0,0.0,0.0,0.0,0.0,0.0,0.0,0.0,0.0,0.0,0.0,0.0,0.0,0.0,0.0,0.0,0.0,0.0,0.0,0.0,0.0,0.0,0.0,0.0,0.0,0.0,0.0,0.0,0.0,0.0,0.0,-27,0.0,-32,0.0,0,0.0,0.0,5,0,0,0,0,0,0,0.0,~
637,Bastien,Meupiyou,DEF,WOL,?,"Meupiyou (DEF, ?)",0,0,0,0,0,0,0,0,0,0,0,0,0,0,18,0.0,0.0,0.0,0.0,0.0,0.0,0.0,0.0,0.0,0.0,0.0,0.0,0.0,0.0,0.0,0.0,0.0,0.0,0.0,0.0,0.0,0.0,0.0,0.0,0.0,0.0,0.0,0.0,0.0,0.0,0.0,0.0,0.0,0.0,0.0,0.0,0.0,0.0,0.0,0.0,0.0,0.0,0.0,0.0,0.0,0.0,0.0,0.0,0.0,0.0,0.0,0.0,0.0,0.0,0.0,0.0,0.0,0.0,0.0,0.0,0.0,0.0,0.0,0.0,0.0,0.0,0.0,0.0,0.0,0.0,0.0,0.0,0.0,0.0,0.0,0.0,0.0,0.0,0.0,0.0,0.0,0.0,0.0,0.0,0.0,0.0,0.0,0.0,0.0,0.0,0.0,0.0,0.0,0.0,0.0,0.0,0.0,0.0,0.0,0.0,0.0,0.0,0.0,0.0,0.0,0.0,0.0,0.0,0.0,0.0,0.0,0.0,0.0,0.0,0.0,0.0,0.0,0.0,0.0,0.0,0.0,0.0,0.0,0.0,0.0,0.0,0.0,0.0,0.0,0.0,0.0,0.0,0.0,0.0,0.0,0.0,0.0,0.0,0.0,0.0,-27,0.0,-32,0.0,0,0.0,0.0,5,0,0,0,0,0,0,0.0,~
682,Tom,Edozie,MID,WOL,?,"Edozie (MID, ?)",0,0,0,0,0,0,0,0,0,0,0,0,0,0,18,0.0,0.0,0.0,0.0,0.0,0.0,0.0,0.0,0.0,0.0,0.0,0.0,0.0,0.0,0.0,0.0,0.0,0.0,0.0,0.0,0.0,0.0,0.0,0.0,0.0,0.0,0.0,0.0,0.0,0.0,0.0,0.0,0.0,0.0,0.0,0.0,0.0,0.0,0.0,0.0,0.0,0.0,0.0,0.0,0.0,0.0,0.0,0.0,0.0,0.0,0.0,0.0,0.0,0.0,0.0,0.0,0.0,0.0,0.0,0.0,0.0,0.0,0.0,0.0,0.0,0.0,0.0,0.0,0.0,0.0,0.0,0.0,0.0,0.0,0.0,0.0,0.0,0.0,0.0,0.0,0.0,0.0,0.0,0.0,0.0,0.0,0.0,0.0,0.0,0.0,0.0,0.0,0.0,0.0,0.0,0.0,0.0,0.0,0.0,0.0,0.0,0.0,0.0,0.0,0.0,0.0,0.0,0.0,0.0,0.0,0.0,0.0,0.0,0.0,0.0,0.0,0.0,0.0,0.0,0.0,0.0,0.0,0.0,0.0,0.0,0.0,0.0,0.0,0.0,0.0,0.0,0.0,0.0,0.0,0.0,0.0,0.0,0.0,0.0,0.0,-27,0.0,0,0.0,-1,0.0,0.0,5,0,0,0,0,0,0,0.0,~
542,Craig,Dawson,DEF,WOL,?,"Dawson (DEF, ?)",16,892,0,23,2,1,1,0,0,0,2,0,1,14,4,0.0,0.5,-0.3333333333333333,1.222222222222222,1.699673171197595,4.0,4.0,23.83333333333333,29.111111111111114,33.582816373192344,1.0,1.0,0.8888888888888888,1.2469135802469136,2.1052550357218243,67.5,22.5,49.55555555555556,40.44444444444444,41.72425649723328,0.0,0.0,0.0,0.0,0.0,1.0,1.0,1.2777777777777777,1.2283950617283952,1.4834477692020764,0.0,0.0,0.1111111111111111,0.2098765432098765,0.4581228472908512,0.0,0.0,0.0555555555555555,0.1049382716049382,0.2290614236454256,0.0,0.0,0.0555555555555555,0.1049382716049382,0.2290614236454256,0.0,0.0,0.0,0.0,0.0,0.0,0.0,0.0,0.0,0.0,0.0,0.0,0.0,0.0,0.0,0.0,0.0,0.1111111111111111,0.1975308641975308,0.3142696805273545,0.0,0.0,0.0,0.0,0.0,0.0,0.0,0.0555555555555555,0.1049382716049382,0.2290614236454256,1.0,0.0,1.1428571428571428,1.36734693877551,2.325545799442815,90.0,0.0,63.71428571428572,33.795918367346935,36.55412537091611,0.0,0.0,0.0,0.0,0.0,1.5,1.0,1.6428571428571428,1.2142857142857142,1.493181782883348,0.0,0.0,0.1428571428571428,0.2653061224489795,0.5150787536377127,0.0,0.0,0.0714285714285714,0.1326530612244897,0.2575393768188563,0.0,0.0,0.0714285714285714,0.1326530612244897,0.2575393768188563,0.0,0.0,0.0,0.0,0.0,0.0,0.0,0.0,0.0,0.0,0.0,0.0,0.0,0.0,0.0,0.0,0.0,0.1428571428571428,0.2448979591836734,0.3499271061118826,0.0,0.0,0.0,0.0,0.0,0.0,0.0,0.0714285714285714,0.1326530612244897,0.2575393768188563,-27,2.0,-32,1.4444444444444446,0,0.0,1.72222222222,5,1,0,0,0,0,1,-0.7222222222200001,~
